ExternalId,Designator,BeginDate,EndDate,SessionType,InstructionalMinutes,Description,MarkingTermIndicator,SchedulingTermIndicator,AttendanceTermIndicator,DaysInSession,FirstInstructionDate,LastInstructionDate,MinutesPerDay,SessionStartTime,SessionEndTime,InstitutionExternalId
e1e1ac3f-f050-4daf-9de6-8b8c9641e17d,Q3-2015,2015-11-18,2015-09-09,LongSession,93,Nulla tellus.,true,false,true,70,2015-02-11,2015-11-22,88,4:22 AM,10:45 PM,"f11e9ee8-e933-44a3-9f7e-73747b8075ef
"
1904da1a-be78-41c8-a658-935326105b48,Sum2016,2015-07-17,2015-10-25,MiniTerm,76,Nullam porttitor lacus at turpis.,false,true,true,13,2015-03-29,2015-03-10,3,5:43 PM,6:22 PM,"f11e9ee8-e933-44a3-9f7e-73747b8075ef
"
76512543-4064-490b-92e3-6843f545c861,Spr2016,2015-07-07,2015-10-02,SummerTerm,16,Vivamus in felis eu sapien cursus vestibulum.,false,false,false,74,2015-10-23,2015-04-11,97,7:54 PM,7:28 AM,"f11e9ee8-e933-44a3-9f7e-73747b8075ef
"
01695415-6e34-4061-b124-435804772176,Spr2016,,,,,,,,,,,,,,,"f11e9ee8-e933-44a3-9f7e-73747b8075ef
"
baf4c4e4-0e2c-468d-8638-6a8ae3f0b729,Spr2016,2015-12-27,2015-07-21,FullSchoolYear,39,"Nulla neque libero, convallis eget, eleifend luctus, ultricies eu, nibh. Quisque id justo sit amet sapien dignissim vestibulum. Vestibulum ante ipsum primis in faucibus orci luctus et ultrices posuere cubilia Curae; Nulla dapibus dolor vel est. Donec odio justo, sollicitudin ut, suscipit a, feugiat et, eros.",false,false,true,47,2015-03-01,2015-11-27,43,10:15 PM,12:11 PM,"f11e9ee8-e933-44a3-9f7e-73747b8075ef
"
6c548218-4ba9-45e4-8407-2276e67b7fc3,Q4-2015,2015-10-19,2015-05-10,TwelveMonth,64,Mauris sit amet eros. Suspendisse accumsan tortor quis turpis. Sed ante. Vivamus tortor. Duis mattis egestas metus.,true,false,false,94,2015-10-04,2015-06-20,23,11:02 AM,4:19 PM,"f11e9ee8-e933-44a3-9f7e-73747b8075ef
"
412932e8-568e-4fcd-9bd7-e8e99323be79,Sum2016,2015-12-07,2015-09-29,TwelveMonth,39,Suspendisse potenti. Nullam porttitor lacus at turpis. Donec posuere metus vitae ipsum. Aliquam non mauris.,true,true,true,32,2015-03-22,2015-07-20,53,5:30 AM,5:15 PM,"f11e9ee8-e933-44a3-9f7e-73747b8075ef
"
44932aa5-ac35-4ae9-9c91-405c5e91f265,Sum2016,2015-06-24,2015-10-30,Intersession,18,"Duis at velit eu est congue elementum. In hac habitasse platea dictumst. Morbi vestibulum, velit id pretium iaculis, diam erat fermentum justo, nec condimentum neque sapien placerat ante. Nulla justo.",true,true,false,82,2015-04-15,2015-07-01,14,9:10 AM,12:19 AM,"f11e9ee8-e933-44a3-9f7e-73747b8075ef
"
3954a36f-6cc2-4676-b047-15904c025f17,Spr2016,2015-09-18,2015-04-26,TwelveMonth,45,Cras pellentesque volutpat dui.,true,true,true,87,2015-09-10,2015-05-15,29,7:27 PM,2:18 PM,"f11e9ee8-e933-44a3-9f7e-73747b8075ef
"
831249ff-fd3a-4eb5-a07f-6b81891457c8,Spr2016,2015-12-22,2015-07-05,Intersession,72,Etiam justo. Etiam pretium iaculis justo.,false,false,true,40,2015-06-05,2015-03-16,37,9:26 PM,5:25 AM,"f11e9ee8-e933-44a3-9f7e-73747b8075ef
"
d12ed33c-13e9-4d6d-8cf5-799862cf5f5e,Spr2016,2015-10-05,2015-10-07,Other,89,"Cum sociis natoque penatibus et magnis dis parturient montes, nascetur ridiculus mus. Etiam vel augue.",false,true,false,63,2015-07-12,2015-07-18,9,5:06 PM,3:49 AM,"f11e9ee8-e933-44a3-9f7e-73747b8075ef
"
22c3450b-97e8-4cbb-b3c6-9343c028ff07,Spr2016,2015-06-03,2015-03-12,Semester,92,In hac habitasse platea dictumst. Etiam faucibus cursus urna. Ut tellus. Nulla ut erat id mauris vulputate elementum. Nullam varius.,false,true,true,61,2015-08-15,2015-11-06,34,12:17 PM,5:41 AM,"f11e9ee8-e933-44a3-9f7e-73747b8075ef
"
e812b3ee-1eb9-4693-b060-788d95ef2882,Q4-2015,,,,,,,,,,,,,,,"f11e9ee8-e933-44a3-9f7e-73747b8075ef
"
9cc4d001-f4b2-43ac-ba2b-455ee8355702,Sum2016,2015-10-23,2015-07-17,Trimester,4,"Integer a nibh. In quis justo. Maecenas rhoncus aliquam lacus. Morbi quis tortor id nulla ultrices aliquet. Maecenas leo odio, condimentum id, luctus nec, molestie sed, justo.",false,false,true,4,2015-04-12,2015-11-02,11,11:13 AM,12:49 AM,"f11e9ee8-e933-44a3-9f7e-73747b8075ef
"
64b714e4-80bf-44cb-b6d0-e2d52b2ae244,Sum2016,2015-03-01,2015-11-11,Other,15,Sed ante. Vivamus tortor. Duis mattis egestas metus. Aenean fermentum. Donec ut mauris eget massa tempor convallis.,true,false,false,14,2015-04-11,2015-10-05,89,4:48 PM,6:15 PM,"f11e9ee8-e933-44a3-9f7e-73747b8075ef
"
0453a2dd-8944-4def-9727-46c2a7103623,Q3-2015,2015-10-16,2015-12-19,SummerTerm,55,Suspendisse potenti. In eleifend quam a odio. In hac habitasse platea dictumst. Maecenas ut massa quis augue luctus tincidunt.,false,true,false,26,2015-06-27,2015-05-16,92,9:57 AM,5:25 PM,"f11e9ee8-e933-44a3-9f7e-73747b8075ef
"
7ef6b657-e7ff-46f4-828d-fb8b0ea8be91,Sum2016,2015-01-18,2015-02-08,Quarter,51,Suspendisse accumsan tortor quis turpis.,false,false,false,85,2015-04-12,2015-06-21,71,10:23 AM,5:01 PM,"f11e9ee8-e933-44a3-9f7e-73747b8075ef
"
f590235a-4760-432f-a6b7-c9672256b1fb,Spr2016,,,,0,,,,,0,,,0,,,"f11e9ee8-e933-44a3-9f7e-73747b8075ef
"
10c41b1a-e922-40f3-a7f8-de0d60780f3c,Q3-2015,2015-05-22,2015-10-18,FullSchoolYear,92,"Pellentesque viverra pede ac diam. Cras pellentesque volutpat dui. Maecenas tristique, est et tempus semper, est quam pharetra magna, ac consequat metus sapien ut nunc. Vestibulum ante ipsum primis in faucibus orci luctus et ultrices posuere cubilia Curae; Mauris viverra diam vitae quam. Suspendisse potenti.",true,false,false,47,2015-02-23,2015-12-04,65,4:47 PM,6:23 AM,"f11e9ee8-e933-44a3-9f7e-73747b8075ef
"
3bb792fd-551e-4828-8231-f2a47520ba30,Q3-2015,2015-07-16,2015-10-01,Other,16,Nullam varius. Nulla facilisi. Cras non velit nec nisi vulputate nonummy. Maecenas tincidunt lacus at velit.,false,false,false,33,2015-12-21,2015-10-29,49,7:21 AM,10:35 PM,"f11e9ee8-e933-44a3-9f7e-73747b8075ef
"
c874a66c-1076-4195-aff2-03b6f24ff83c,Q4-2015,,,,0,,,,,0,,,0,,,"f11e9ee8-e933-44a3-9f7e-73747b8075ef
"
d7aca851-12da-451f-b885-8f2d1288adbc,Q3-2015,2015-05-28,2015-12-04,Semester,31,Integer a nibh. In quis justo. Maecenas rhoncus aliquam lacus. Morbi quis tortor id nulla ultrices aliquet.,false,false,true,24,2015-02-05,2015-12-12,71,5:13 PM,8:14 AM,"f11e9ee8-e933-44a3-9f7e-73747b8075ef
"
fe9398eb-5e33-4eb8-b3f6-e0c47c6f9515,Spr2016,2015-03-15,2015-01-24,Quinmester,58,In quis justo. Maecenas rhoncus aliquam lacus. Morbi quis tortor id nulla ultrices aliquet.,true,true,false,18,2015-05-08,2015-09-04,99,5:28 PM,12:21 PM,"f11e9ee8-e933-44a3-9f7e-73747b8075ef
"
ad87f915-b7ac-4c13-87ea-b0fee0129a83,Q4-2015,2015-04-15,2015-06-21,Semester,25,In eleifend quam a odio. In hac habitasse platea dictumst. Maecenas ut massa quis augue luctus tincidunt. Nulla mollis molestie lorem. Quisque ut erat.,false,false,false,63,2015-11-10,2015-11-05,86,4:13 PM,6:44 AM,"f11e9ee8-e933-44a3-9f7e-73747b8075ef
"
0b1cd0ec-256a-4754-baad-d94e458ab36e,Sum2016,2015-06-02,2015-08-11,TwelveMonth,71,Cras pellentesque volutpat dui.,false,false,true,80,2015-06-21,2015-12-29,31,9:33 PM,10:33 AM,"f11e9ee8-e933-44a3-9f7e-73747b8075ef
"
97a5beb6-20ae-4267-9bc5-51915b0a4096,Q4-2015,2015-02-17,2015-05-25,Quarter,33,"In hac habitasse platea dictumst. Morbi vestibulum, velit id pretium iaculis, diam erat fermentum justo, nec condimentum neque sapien placerat ante. Nulla justo.",false,true,true,64,2015-08-29,2015-09-05,89,9:42 PM,7:24 PM,"f11e9ee8-e933-44a3-9f7e-73747b8075ef
"
12cb9a9a-6fea-4196-805e-632f9850ac41,Q4-2015,2015-06-09,2015-06-23,LongSession,9,Vivamus vel nulla eget eros elementum pellentesque.,false,false,false,10,2015-06-13,2015-05-16,27,10:02 AM,8:38 PM,"f11e9ee8-e933-44a3-9f7e-73747b8075ef
"
c5f84816-f02d-4a14-938e-2583bb4f630e,Q4-2015,2015-06-28,2015-08-21,Trimester,53,"Cum sociis natoque penatibus et magnis dis parturient montes, nascetur ridiculus mus. Vivamus vestibulum sagittis sapien.",false,false,false,11,2015-11-20,2015-03-24,68,12:00 PM,11:33 AM,"f11e9ee8-e933-44a3-9f7e-73747b8075ef
"
748aa319-faa2-46b0-947b-70c8c5c1fc6a,Spr2016,2015-02-25,2015-11-12,MiniTerm,22,"Morbi porttitor lorem id ligula. Suspendisse ornare consequat lectus. In est risus, auctor sed, tristique in, tempus sit amet, sem.",false,false,true,54,2015-04-03,2015-03-26,35,10:19 PM,6:37 AM,"f11e9ee8-e933-44a3-9f7e-73747b8075ef
"
17a7242a-caba-4b58-85ac-d2e7363cb584,Sum2016,2015-03-27,2015-03-25,MiniTerm,94,Mauris lacinia sapien quis libero. Nullam sit amet turpis elementum ligula vehicula consequat. Morbi a ipsum.,true,false,true,48,2015-11-04,2015-10-01,87,2:42 AM,6:45 AM,"f11e9ee8-e933-44a3-9f7e-73747b8075ef
"
657f5f4d-afef-4c88-bc18-51420593bf51,Spr2016,2015-10-05,2015-03-26,Other,89,Morbi a ipsum. Integer a nibh.,true,false,false,80,2015-10-07,2015-03-20,26,11:35 PM,7:03 PM,"f11e9ee8-e933-44a3-9f7e-73747b8075ef
"
aa12a04b-8018-403b-8f8c-0373591c8619,Sum2016,2015-11-29,2015-12-02,FullSchoolYear,70,Curabitur at ipsum ac tellus semper interdum. Mauris ullamcorper purus sit amet nulla.,true,false,true,2,2015-04-03,2015-03-19,37,11:38 AM,9:46 AM,"f11e9ee8-e933-44a3-9f7e-73747b8075ef
"
37ba4583-c578-44fa-97af-7e8e70ff1acf,Sum2016,2015-09-06,2015-12-02,Semester,35,"Nullam orci pede, venenatis non, sodales sed, tincidunt eu, felis. Fusce posuere felis sed lacus. Morbi sem mauris, laoreet ut, rhoncus aliquet, pulvinar sed, nisl. Nunc rhoncus dui vel sem. Sed sagittis.",true,false,true,28,2015-12-18,2015-10-11,27,2:51 AM,1:18 PM,"f11e9ee8-e933-44a3-9f7e-73747b8075ef
"
2808b6fb-8c69-40a0-8922-0157915a89b3,Spr2016,2015-09-30,2015-10-13,SummerTerm,27,"Morbi non lectus. Aliquam sit amet diam in magna bibendum imperdiet. Nullam orci pede, venenatis non, sodales sed, tincidunt eu, felis. Fusce posuere felis sed lacus.",true,false,false,1,2015-06-17,2015-08-05,16,12:35 AM,3:22 AM,"f11e9ee8-e933-44a3-9f7e-73747b8075ef
"
49d5aa12-0d25-4de8-bc69-9ba8a8c7d8bb,Q3-2015,2015-04-28,2015-01-23,Quinmester,69,"Phasellus id sapien in sapien iaculis congue. Vivamus metus arcu, adipiscing molestie, hendrerit at, vulputate vitae, nisl. Aenean lectus. Pellentesque eget nunc. Donec quis orci eget orci vehicula condimentum.",true,false,false,3,2015-02-20,2015-06-24,6,1:39 AM,11:36 AM,"f11e9ee8-e933-44a3-9f7e-73747b8075ef
"
1df2eb1e-540d-4d45-8bd5-4b415ff36851,Q3-2015,2015-03-11,2015-01-22,SummerTerm,44,Nulla ut erat id mauris vulputate elementum. Nullam varius. Nulla facilisi. Cras non velit nec nisi vulputate nonummy.,false,false,false,96,2015-02-25,2015-01-02,86,7:10 PM,6:33 AM,"f11e9ee8-e933-44a3-9f7e-73747b8075ef
"
5709ebe8-7853-4335-a25f-f12763018932,Sum2016,2015-02-08,2015-07-22,Other,72,"Morbi porttitor lorem id ligula. Suspendisse ornare consequat lectus. In est risus, auctor sed, tristique in, tempus sit amet, sem. Fusce consequat. Nulla nisl.",true,true,true,3,2015-12-16,2015-05-02,76,5:34 AM,4:20 PM,"f11e9ee8-e933-44a3-9f7e-73747b8075ef
"
abc8277b-7b46-47c3-868a-09db3bca5d29,Sum2016,2015-05-07,2015-05-18,TwelveMonth,49,"Lorem ipsum dolor sit amet, consectetuer adipiscing elit. Proin risus. Praesent lectus. Vestibulum quam sapien, varius ut, blandit non, interdum in, ante. Vestibulum ante ipsum primis in faucibus orci luctus et ultrices posuere cubilia Curae; Duis faucibus accumsan odio.",false,true,true,60,2015-05-03,2015-06-06,7,12:33 PM,10:47 AM,"f11e9ee8-e933-44a3-9f7e-73747b8075ef
"
28940289-458d-44ca-b16b-9359a1b92e57,Q3-2015,2015-12-11,2015-03-07,SummerTerm,30,Vestibulum ante ipsum primis in faucibus orci luctus et ultrices posuere cubilia Curae; Mauris viverra diam vitae quam.,false,true,false,30,2015-11-07,2015-02-14,80,1:07 AM,12:06 AM,"f11e9ee8-e933-44a3-9f7e-73747b8075ef
"
b8d58bb3-5b9a-4210-a70b-f4c92f743363,Spr2016,2015-06-10,2015-02-04,FullSchoolYear,81,"Nam ultrices, libero non mattis pulvinar, nulla pede ullamcorper augue, a suscipit nulla elit ac nulla.",true,true,true,35,2015-08-03,2015-05-13,59,4:58 PM,7:30 AM,"f11e9ee8-e933-44a3-9f7e-73747b8075ef
"
12e234e8-57a6-4643-a03e-f65c19a1d93a,Q4-2015,2015-07-15,2015-03-14,LongSession,4,Vestibulum rutrum rutrum neque. Aenean auctor gravida sem. Praesent id massa id nisl venenatis lacinia. Aenean sit amet justo. Morbi ut odio.,false,false,true,70,2015-11-09,2015-10-24,72,5:40 PM,7:11 PM,"f11e9ee8-e933-44a3-9f7e-73747b8075ef
"
f53a505e-f7da-443e-a2e7-e4bd5b63723b,Spr2016,2015-04-20,2015-01-03,Quinmester,87,"Morbi vestibulum, velit id pretium iaculis, diam erat fermentum justo, nec condimentum neque sapien placerat ante. Nulla justo. Aliquam quis turpis eget elit sodales scelerisque. Mauris sit amet eros.",false,false,false,22,2015-05-19,2015-12-09,30,8:33 AM,1:25 PM,"f11e9ee8-e933-44a3-9f7e-73747b8075ef
"
6429683c-7bae-4e74-b252-2de3008fdb48,Q3-2015,,,,0,,,,,0,,,0,,,"f11e9ee8-e933-44a3-9f7e-73747b8075ef
"
b87e7389-1e0f-4104-a422-8fcb94099039,Q3-2015,2015-01-27,2015-09-21,Trimester,29,"Nulla ac enim. In tempor, turpis nec euismod scelerisque, quam turpis adipiscing lorem, vitae mattis nibh ligula nec sem. Duis aliquam convallis nunc.",true,true,true,7,2015-07-05,2015-05-29,95,6:57 PM,5:31 AM,"f11e9ee8-e933-44a3-9f7e-73747b8075ef
"
e6834c02-782c-4e23-8dd5-57cbca8c3cba,Spr2016,2015-02-11,2015-06-16,TwelveMonth,23,Integer a nibh. In quis justo. Maecenas rhoncus aliquam lacus.,false,false,false,84,2015-10-12,2015-05-22,55,9:01 AM,5:12 PM,"f11e9ee8-e933-44a3-9f7e-73747b8075ef
"
bd9567e7-7c5f-4215-8958-d342f349468b,Sum2016,2015-10-30,2015-08-30,Quinmester,55,Nunc purus.,true,false,false,37,2015-08-01,2015-11-24,46,3:13 AM,9:15 AM,"f11e9ee8-e933-44a3-9f7e-73747b8075ef
"
11b05070-0d4a-428d-b2d9-e01d75fa6050,Sum2016,,,,0,,,,,0,,,0,,,"f11e9ee8-e933-44a3-9f7e-73747b8075ef
"
3c6afecf-cd12-460d-ad19-1febf4544de7,Q4-2015,2015-07-06,2015-06-28,Quarter,84,"Duis bibendum, felis sed interdum venenatis, turpis enim blandit mi, in porttitor pede justo eu massa. Donec dapibus. Duis at velit eu est congue elementum. In hac habitasse platea dictumst. Morbi vestibulum, velit id pretium iaculis, diam erat fermentum justo, nec condimentum neque sapien placerat ante.",true,true,true,73,2015-11-30,2015-12-05,39,1:20 PM,9:51 AM,"f11e9ee8-e933-44a3-9f7e-73747b8075ef
"
dd8d59f2-453f-4f06-87e2-afa30d0799ab,Q4-2015,2015-10-15,2015-04-11,Trimester,49,Aliquam quis turpis eget elit sodales scelerisque.,false,true,false,30,2015-01-24,2015-02-28,22,7:59 PM,9:17 PM,"f11e9ee8-e933-44a3-9f7e-73747b8075ef
"
3cb4a17f-2ce7-45f6-ab4a-eb846573bc7d,Spr2016,,,,0,,,,,0,,,0,,,"f11e9ee8-e933-44a3-9f7e-73747b8075ef
"
e7a23c81-b6bc-43e6-8d91-bd51989eba16,Q3-2015,2015-11-20,2015-09-01,SummerTerm,56,"Lorem ipsum dolor sit amet, consectetuer adipiscing elit. Proin interdum mauris non ligula pellentesque ultrices.",false,true,true,21,2015-10-07,2015-07-14,89,7:39 PM,1:56 PM,"f11e9ee8-e933-44a3-9f7e-73747b8075ef
"
367fc4b6-5dcb-4ec4-9598-56463a03c952,Q3-2015,2015-07-08,2015-08-31,FullSchoolYear,4,Quisque porta volutpat erat.,false,true,true,43,2014-12-31,2015-09-20,25,1:00 AM,4:42 AM,"f11e9ee8-e933-44a3-9f7e-73747b8075ef
"
c409a561-2d2d-4a02-bb77-f9de8183584a,Q3-2015,2015-06-29,2015-08-29,FullSchoolYear,35,Vestibulum rutrum rutrum neque. Aenean auctor gravida sem.,false,true,true,96,2015-04-14,2015-04-20,38,2:19 AM,12:21 PM,"f11e9ee8-e933-44a3-9f7e-73747b8075ef
"
313be899-465a-4d11-8808-f61ea334f1c9,Q4-2015,2015-12-11,2015-08-25,Intersession,93,Nullam varius.,true,true,true,18,2015-04-01,2015-10-09,99,3:34 AM,1:43 AM,"f11e9ee8-e933-44a3-9f7e-73747b8075ef
"
5aead67a-4b5e-47bc-a16e-ec6c75bfb273,Q4-2015,2015-08-02,2015-08-26,Quarter,70,Nulla ut erat id mauris vulputate elementum. Nullam varius. Nulla facilisi.,false,false,true,43,2015-12-01,2015-11-13,70,11:35 PM,6:26 AM,"f11e9ee8-e933-44a3-9f7e-73747b8075ef
"
a5a25691-3b35-4d5c-9159-a4542a7125a1,Spr2016,2015-07-20,2015-07-20,TwelveMonth,59,"Sed sagittis. Nam congue, risus semper porta volutpat, quam pede lobortis ligula, sit amet eleifend pede libero quis orci. Nullam molestie nibh in lectus.",false,false,false,22,2015-12-16,2015-06-09,5,12:26 AM,1:22 AM,"f11e9ee8-e933-44a3-9f7e-73747b8075ef
"
ab1e5b3a-e902-47de-9de9-2fe1dd73880e,Spr2016,2015-11-19,2015-06-12,Quarter,66,Nulla mollis molestie lorem. Quisque ut erat.,false,true,true,9,2015-05-23,2015-03-20,34,11:56 PM,12:19 AM,"f11e9ee8-e933-44a3-9f7e-73747b8075ef
"
5ab6c205-c3ae-4b26-8738-6f07a25a287f,Sum2016,2015-09-23,2015-02-16,TwelveMonth,47,"Praesent lectus. Vestibulum quam sapien, varius ut, blandit non, interdum in, ante. Vestibulum ante ipsum primis in faucibus orci luctus et ultrices posuere cubilia Curae; Duis faucibus accumsan odio. Curabitur convallis.",false,false,true,100,2015-01-19,2015-07-16,15,1:57 PM,7:17 AM,"f11e9ee8-e933-44a3-9f7e-73747b8075ef
"
327c9157-cadf-4d5e-95af-7be193f62fee,Q4-2015,2015-06-24,2015-11-07,Quarter,41,"Donec ut mauris eget massa tempor convallis. Nulla neque libero, convallis eget, eleifend luctus, ultricies eu, nibh.",false,false,false,72,2015-05-30,2015-07-01,46,10:13 AM,10:23 AM,"f11e9ee8-e933-44a3-9f7e-73747b8075ef
"
223da7a6-c6d4-456e-8213-7e2fcdced071,Q4-2015,2015-11-06,2015-05-10,MiniTerm,90,"In est risus, auctor sed, tristique in, tempus sit amet, sem. Fusce consequat. Nulla nisl. Nunc nisl. Duis bibendum, felis sed interdum venenatis, turpis enim blandit mi, in porttitor pede justo eu massa.",true,false,true,31,2015-05-25,2015-04-21,21,9:42 PM,5:20 AM,"f11e9ee8-e933-44a3-9f7e-73747b8075ef
"
04da1d41-a12b-4c0b-ab23-7fd8a421f541,Q4-2015,,,,0,,,,,0,,,0,,,"f11e9ee8-e933-44a3-9f7e-73747b8075ef
"
ae3ced9c-ef46-4ecd-88d7-f99ed7dcd45b,Spr2016,2015-03-25,2015-05-09,MiniTerm,63,"In est risus, auctor sed, tristique in, tempus sit amet, sem. Fusce consequat. Nulla nisl.",false,false,false,69,2015-03-08,2015-09-20,65,2:06 PM,4:23 AM,"f11e9ee8-e933-44a3-9f7e-73747b8075ef
"
018fa5f2-52b2-47ac-8ee4-4a956a819232,Sum2016,2015-04-05,2015-07-19,FullSchoolYear,27,"Integer aliquet, massa id lobortis convallis, tortor risus dapibus augue, vel accumsan tellus nisi eu orci. Mauris lacinia sapien quis libero. Nullam sit amet turpis elementum ligula vehicula consequat. Morbi a ipsum. Integer a nibh.",true,true,false,26,2015-02-21,2015-08-03,71,4:57 PM,4:17 AM,"f11e9ee8-e933-44a3-9f7e-73747b8075ef
"
793aaeb5-7378-450c-9b29-ef7998ffe313,Q3-2015,2015-09-25,2015-12-11,SummerTerm,15,In hac habitasse platea dictumst.,false,false,false,67,2015-04-29,2015-02-06,3,4:38 AM,11:51 PM,"f11e9ee8-e933-44a3-9f7e-73747b8075ef
"
d41ae0be-be0e-4087-807f-32af4980093d,Spr2016,2015-07-06,2015-09-30,FullSchoolYear,49,"Curabitur in libero ut massa volutpat convallis. Morbi odio odio, elementum eu, interdum eu, tincidunt in, leo.",true,true,false,68,2015-08-11,2015-06-27,52,3:55 PM,7:01 PM,"f11e9ee8-e933-44a3-9f7e-73747b8075ef
"
bbf3a3e7-b5f1-4888-a475-4f676cba5539,Q4-2015,2015-03-18,2015-05-06,Quinmester,22,"Vivamus tortor. Duis mattis egestas metus. Aenean fermentum. Donec ut mauris eget massa tempor convallis. Nulla neque libero, convallis eget, eleifend luctus, ultricies eu, nibh.",false,true,false,10,2015-08-10,2015-10-30,27,9:53 PM,10:56 AM,"f11e9ee8-e933-44a3-9f7e-73747b8075ef
"
ad2720a0-a9bd-4481-baa1-fdd85509bc3f,Q4-2015,2015-10-08,2015-03-18,Semester,3,"Nullam orci pede, venenatis non, sodales sed, tincidunt eu, felis. Fusce posuere felis sed lacus. Morbi sem mauris, laoreet ut, rhoncus aliquet, pulvinar sed, nisl. Nunc rhoncus dui vel sem. Sed sagittis.",true,false,false,17,2015-10-06,2015-08-07,98,10:52 AM,4:15 AM,"f11e9ee8-e933-44a3-9f7e-73747b8075ef
"
1e62ebc1-0b56-4a39-b769-17b973895502,Q3-2015,2015-09-16,2015-09-14,SummerTerm,5,Nam dui.,false,true,false,43,2015-06-23,2015-08-21,89,5:10 PM,7:18 AM,"f11e9ee8-e933-44a3-9f7e-73747b8075ef
"
b428d6e4-7e60-404f-b59c-e9d4558bf94d,Sum2016,,,,0,,,,,0,,,0,,,"f11e9ee8-e933-44a3-9f7e-73747b8075ef
"
1837aef4-da98-4760-8b9c-d5f9804da966,Spr2016,2015-07-10,2015-09-19,TwelveMonth,78,"Nullam orci pede, venenatis non, sodales sed, tincidunt eu, felis. Fusce posuere felis sed lacus.",true,false,false,54,2015-04-26,2015-04-05,33,10:44 AM,12:14 AM,"f11e9ee8-e933-44a3-9f7e-73747b8075ef
"
420aa099-f8d2-4b3f-991d-791a87c0b8f5,Spr2016,2015-11-21,2015-05-02,Quinmester,66,Vestibulum ante ipsum primis in faucibus orci luctus et ultrices posuere cubilia Curae; Duis faucibus accumsan odio. Curabitur convallis.,false,false,true,80,2015-05-06,2015-07-30,74,6:59 AM,9:29 AM,"f11e9ee8-e933-44a3-9f7e-73747b8075ef
"
3f6b3d44-b8f7-4cf4-9534-b0553bf49261,Sum2016,2015-11-22,2015-02-04,LongSession,33,"Nam dui. Proin leo odio, porttitor id, consequat in, consequat ut, nulla. Sed accumsan felis.",true,true,true,39,2015-06-16,2014-12-31,29,12:19 AM,10:52 AM,"f11e9ee8-e933-44a3-9f7e-73747b8075ef
"
c9c5d381-1943-452b-b103-fba9967730f4,Q3-2015,,,,0,,,,,0,,,0,,,"f11e9ee8-e933-44a3-9f7e-73747b8075ef
"
1a4f2ec1-6570-40e6-996e-96302b893eeb,Q3-2015,2015-01-17,2015-04-20,Semester,41,"Proin leo odio, porttitor id, consequat in, consequat ut, nulla. Sed accumsan felis.",false,false,true,70,2015-08-30,2015-02-18,4,6:51 PM,2:27 PM,"f11e9ee8-e933-44a3-9f7e-73747b8075ef
"
35479659-9fff-446c-a0b8-9e53ba2aea3e,Q3-2015,2015-12-21,2015-05-25,Trimester,30,"Nulla neque libero, convallis eget, eleifend luctus, ultricies eu, nibh. Quisque id justo sit amet sapien dignissim vestibulum. Vestibulum ante ipsum primis in faucibus orci luctus et ultrices posuere cubilia Curae; Nulla dapibus dolor vel est. Donec odio justo, sollicitudin ut, suscipit a, feugiat et, eros. Vestibulum ac est lacinia nisi venenatis tristique.",false,true,true,71,2015-08-09,2014-12-31,36,6:23 PM,3:55 AM,"f11e9ee8-e933-44a3-9f7e-73747b8075ef
"
944740ac-e389-4020-b987-cd194f036ece,Q4-2015,2015-04-27,2015-11-09,Intersession,11,Donec posuere metus vitae ipsum. Aliquam non mauris.,false,true,true,68,2015-05-05,2015-12-10,96,9:04 PM,6:57 PM,"f11e9ee8-e933-44a3-9f7e-73747b8075ef
"
2fc1ced0-a659-4e86-ae3b-b517a8978d92,Sum2016,2015-09-10,2015-05-02,SummerTerm,70,Nulla justo. Aliquam quis turpis eget elit sodales scelerisque. Mauris sit amet eros. Suspendisse accumsan tortor quis turpis.,true,false,true,3,2015-10-26,2015-02-20,29,4:31 PM,12:08 PM,"f11e9ee8-e933-44a3-9f7e-73747b8075ef
"
2f780e15-4ce2-4af9-a39d-b258b75e9f9e,Q3-2015,2015-06-18,2015-08-29,LongSession,77,"In tempor, turpis nec euismod scelerisque, quam turpis adipiscing lorem, vitae mattis nibh ligula nec sem. Duis aliquam convallis nunc. Proin at turpis a pede posuere nonummy. Integer non velit.",true,true,true,94,2015-10-05,2015-04-12,8,3:22 AM,3:15 PM,"f11e9ee8-e933-44a3-9f7e-73747b8075ef
"
c57e0a8e-452a-4382-9cf6-807fb8ce2ca0,Q3-2015,,,,0,,,,,0,,,0,,,"f11e9ee8-e933-44a3-9f7e-73747b8075ef
"
e81762f9-7260-4cb5-b3e7-1cb616675692,Sum2016,2015-08-07,2015-02-21,Trimester,81,"Quisque ut erat. Curabitur gravida nisi at nibh. In hac habitasse platea dictumst. Aliquam augue quam, sollicitudin vitae, consectetuer eget, rutrum at, lorem.",true,false,true,75,2015-02-18,2015-07-04,96,11:33 AM,2:50 AM,"f11e9ee8-e933-44a3-9f7e-73747b8075ef
"