ExternalId,CourseExternalId,ClassificationOfInstructionalProgramCode,DevelopmentalEducationType,GradePointAverageApplicability,WorkBasedLearningOpportunityType,AdditionalCreditType,AdvancedPlacementCourseCode,CourseCreditValue,CourseLevelType,CourseSectionDeliveryMode,CourseSectionNumber,CreditTypeEarned,HonorsType,InstructionMethod,RelatedLearningStandards,SingleSexClassStatus,TimeRequiredForCompletion,VirtualIndicator,CourseEndDate,CalendarSessionExternalId,Capacity,CurrentEnrollment,ShortName
786447453-5,124769945-5,139999,DevelopmentalReading,NotApplicable,UnpaidInternship,CTEAndAcademic,039284,6,AdvancedPlacement,Broadcast,,,,Audiotape,,,10,,2015-09-28,d7aca851-12da-451f-b885-8f2d1288adbc,34,78,eu
430115556-2,209031966-6,,DevelopmentalEnglishReading,,ServiceLearning,ApprenticeshipCredit,,18,GraduateProfessional,Online,,,HonorsOption,,,,5,,2015-01-28,22c3450b-97e8-4cbb-b3c6-9343c028ff07,64,34,non
279772282-5,412611726-1,,DevelopmentalReading,,SupervisedAgricultural,StateScholarship,042308,15,,IndependentStudy,325T,00586,,Lecture,,,5,false,2015-11-07,d12ed33c-13e9-4d6d-8cf5-799862cf5f5e,69,38,in
810448664-0,899068101-4,,DevelopmentalMath,,JobShadowing,CTEAndAcademic,078012,6,CollegeLevel,,,,,,Common Core,MaleOnly,2,,2015-09-20,d41ae0be-be0e-4087-807f-32af4980093d,68,89,non
388198762-2,049701998-1,130401,DevelopmentalOther,,ClinicalWork,InternationalBaccalaureate,,12,UpperDivision,Correspondence,,00600,,,,,3,,2015-06-25,ae3ced9c-ef46-4ecd-88d7-f99ed7dcd45b,60,98,integer
919211803-8,899068101-4,151102,DevelopmentalEnglishReading,,ServiceLearning,ApprenticeshipCredit,,16,,BlendedLearning,299N,00590,Honors,InternetInstruction,,,3,false,2015-01-09,1837aef4-da98-4760-8b9c-d5f9804da966,22,64,nec
354045650-3,158247403-6,110103,DevelopmentalEnglishReading,,ServiceLearning,AdvancedPlacement,047734,15,TechnicalPreparatory,IndependentStudy,,00587,,,Common Core,NotSingleSex,3,,2015-04-27,e81762f9-7260-4cb5-b3e7-1cb616675692,54,51,massa
809440012-9,558981322-0,100304,DevelopmentalEnglishReading,,Other,AdvancedPlacement,,12,Basic,,,,HonorsOption,,,,9,true,2015-10-10,1e62ebc1-0b56-4a39-b769-17b973895502,21,30,in
111062822-6,173985814-X,150303,DevelopmentalReading,,PaidInternship,DualCredit,,16,CollegeLevel,,,,HonorsOption,CooperativeEducation,,,5,,2015-02-21,3cb4a17f-2ce7-45f6-ab4a-eb846573bc7d,54,54,sit
217821841-5,798012235-6,190702,DevelopmentalMath,,ClinicalWork,QualifiedAdmission,093414,9,,Online,720,00588,,InternetInstruction,,,3,,2015-01-11,1904da1a-be78-41c8-a658-935326105b48,92,6,morbi
312889261-X,236747143-6,11001,DevelopmentalOther,,NonPaidInternship,CTE,012680,1,LowerDivision,,820,,HonorsOption,,,,6,,2015-01-12,baf4c4e4-0e2c-468d-8638-6a8ae3f0b729,7,47,quis
467349292-7,881434961-4,110101,DevelopmentalMath,,Apprenticeship,STEM,,2,,IndependentStudy,99H,,Honors,,,,1,true,2015-02-01,d7aca851-12da-451f-b885-8f2d1288adbc,73,94,mattis
604972442-3,071902623-7,11102,DevelopmentalOther,,,AdvancedPlacement,,12,AdultBasic,FaceToFace,,00588,,,Common Core,NotSingleSex,4,,2015-08-23,ae3ced9c-ef46-4ecd-88d7-f99ed7dcd45b,54,72,arcu
590427176-X,103050247-1,,DevelopmentalOther,Applicable,PaidInternship,Other,,3,,,,00601,,OtherDistanceLearning,,,9,,2015-01-14,12e234e8-57a6-4643-a03e-f65c19a1d93a,25,65,curabitur
881477876-0,824655648-7,,DevelopmentalReading,Weighted,,STEM,,15,,EarlyCollege,,00601,,,,,2,,2015-12-10,bd9567e7-7c5f-4215-8958-d342f349468b,85,2,tincidunt
959767734-2,533121631-5,150303,,,ClinicalWork,Admission,,6,Accelerated,,800,,,Laboratory,Common Core,NotSingleSex,7,,2015-07-06,ae3ced9c-ef46-4ecd-88d7-f99ed7dcd45b,47,60,quis
455210939-1,362415758-2,310504,DevelopmentalReading,Applicable,Mentorship,DualCredit,,4,,,720,00597,HonorsOption,OtherDistanceLearning,,,1,true,2015-06-01,c5f84816-f02d-4a14-938e-2583bb4f630e,1,58,aliquam
630658489-7,824655648-7,131101,DevelopmentalMath,,Apprenticeship,Other,079395,6,,,625,73062,Honors,,,,1,,2015-04-07,0453a2dd-8944-4def-9727-46c2a7103623,49,91,ipsum
777985078-1,636363474-1,40301,DevelopmentalMath,,Apprenticeship,STEM,,18,GraduateProfessional,BlendedLearning,,00600,Honors,PrivateStudy,,,5,,2015-01-27,97a5beb6-20ae-4267-9bc5-51915b0a4096,74,49,suspendisse
149658292-6,781198474-1,150201,DevelopmentalEnglishReading,,,QualifiedAdmission,032679,10,InternationalBaccalaureate,,5501N,,Honors,,,,3,,2015-01-04,1837aef4-da98-4760-8b9c-d5f9804da966,93,41,lectus
311563312-2,559427115-5,130301,DevelopmentalEnglishReading,,Mentorship,Admission,,10,UpperDivision,Correspondence,800,,,,,,7,,2015-03-02,37ba4583-c578-44fa-97af-7e8e70ff1acf,22,40,quam
927943468-3,855531369-4,240199,,,JobShadowing,CTE,,13,,AudioVideo,349T,00589,Honors,,,,7,,2015-11-20,831249ff-fd3a-4eb5-a07f-6b81891457c8,14,98,ac
476313427-2,077817906-0,,DevelopmentalMath,,,AdvancedPlacement,,11,TechnicalPreparatory,Correspondence,300V,73062,,,,,3,,2015-02-09,10c41b1a-e922-40f3-a7f8-de0d60780f3c,23,88,nulla
963694901-8,802720486-0,131306,,,Apprenticeship,CTEAndAcademic,089739,17,Regents,Broadcast,350,00599,Honors,,,,9,,2015-01-21,367fc4b6-5dcb-4ec4-9598-56463a03c952,46,26,tempus
548047644-0,363641725-8,100201,DevelopmentalReading,,CooperativeEducation,InternationalBaccalaureate,006297,16,,AudioVideo,820,,Honors,CompressedVideo,,,10,true,2015-02-08,748aa319-faa2-46b0-947b-70c8c5c1fc6a,36,22,at
344001775-3,279650607-X,300101,DevelopmentalReading,,PaidInternship,AdvancedPlacement,013368,20,Dual,Broadcast,600,00590,,,,,10,,2015-02-05,7ef6b657-e7ff-46f4-828d-fb8b0ea8be91,75,100,in
426013074-9,054971994-6,,DevelopmentalEnglishReading,,CooperativeEducation,AdvancedPlacement,,14,Honors,,820W,00600,Honors,,Common Core,FemaleOnly,9,,2015-04-21,49d5aa12-0d25-4de8-bc69-9ba8a8c7d8bb,69,5,nec
287973110-0,552675717-X,150303,,Weighted,OnTheJob,AdvancedPlacement,,7,SpecialEducation,,220N,,,,,,2,,2015-08-15,e81762f9-7260-4cb5-b3e7-1cb616675692,67,67,lorem
831135749-8,473592422-1,151306,DevelopmentalEnglishReading,Weighted,Apprenticeship,Admission,,11,,,,,Honors,,,,2,,2015-09-04,c874a66c-1076-4195-aff2-03b6f24ff83c,59,37,consequat
359929976-5,605241995-4,131312,DevelopmentalEnglishReading,Applicable,SupervisedAgricultural,CTE,080553,3,,Correspondence,800,00599,HonorsOption,CooperativeEducation,,,10,false,2015-04-07,0453a2dd-8944-4def-9727-46c2a7103623,83,71,montes
882215335-9,636363474-1,,,,ClinicalWork,Other,083141,3,,IndependentStudy,,,Honors,OtherDistanceLearning,,,9,,2015-10-31,313be899-465a-4d11-8808-f61ea334f1c9,43,57,faucibus
915068368-3,473296804-X,111001,DevelopmentalMath,,Mentorship,CTE,,8,,Correspondence,,00597,,Television,,,4,,2015-03-27,223da7a6-c6d4-456e-8213-7e2fcdced071,91,69,condimentum
778555896-5,716235293-6,131001,,Weighted,ServiceLearning,ApprenticeshipCredit,,5,CollegeLevel,,,00585,,Seminar,,,6,false,2015-02-23,313be899-465a-4d11-8808-f61ea334f1c9,79,89,luctus
356634899-6,686257129-X,,DevelopmentalMath,,OnTheJob,QualifiedAdmission,,20,TechnicalPreparatory,FaceToFace,349T,,Honors,InteractiveVideo,,,4,,2015-05-18,1a4f2ec1-6570-40e6-996e-96302b893eeb,91,60,pede
769110913-X,877851441-X,260702,DevelopmentalEnglishReading,,Apprenticeship,CTE,,10,UpperDivision,,625,00601,HonorsOption,,,,7,,2015-04-23,ad87f915-b7ac-4c13-87ea-b0fee0129a83,16,8,habitasse
616250024-1,043203739-X,,,Weighted,Apprenticeship,CTE,,5,AdvancedPlacement,AudioVideo,919,73062,,PrivateStudy,,,1,true,2015-12-10,1837aef4-da98-4760-8b9c-d5f9804da966,45,14,venenatis
906732011-0,899068101-4,131312,,,NonPaidInternship,Other,,8,,Correspondence,219W,,,,,,5,,2015-03-31,420aa099-f8d2-4b3f-991d-791a87c0b8f5,46,67,nulla
673805782-2,157173105-9,,DevelopmentalReading,,Apprenticeship,STEM,,2,Remedial,,700,,HonorsOption,Seminar,,,4,,2015-04-03,6429683c-7bae-4e74-b252-2de3008fdb48,55,1,gravida
320044067-8,842371983-9,,DevelopmentalReading,,NonPaidInternship,QualifiedAdmission,032219,5,Remedial,EarlyCollege,820,00587,,PracticeTeaching,,,6,,2015-02-16,ad87f915-b7ac-4c13-87ea-b0fee0129a83,19,96,eu
441227157-9,605241995-4,240101,DevelopmentalOther,,Other,Admission,034489,7,Honors,BlendedLearning,5002W,,,,,,3,,2015-11-18,ab1e5b3a-e902-47de-9de9-2fe1dd73880e,83,27,integer
014918602-9,875626550-6,240101,DevelopmentalOther,,Apprenticeship,Other,,14,SpecialEducation,EarlyCollege,820,,Honors,,,,2,,2015-01-07,44932aa5-ac35-4ae9-9c91-405c5e91f265,9,96,donec
375201865-8,620173158-X,151306,,,ClinicalWork,STEM,,4,GraduateProfessional,IndependentStudy,,73062,HonorsOption,Lecture,,,1,,2015-10-07,97a5beb6-20ae-4267-9bc5-51915b0a4096,91,42,amet
859965526-4,569352074-9,129900,,,Mentorship,StateScholarship,025467,2,LowerDivision,IndependentStudy,,,Honors,Residency,,,2,,2015-09-26,c5f84816-f02d-4a14-938e-2583bb4f630e,27,76,odio
352499976-X,630165359-9,240102,DevelopmentalMath,,Mentorship,AdvancedPlacement,078459,17,AdultBasic,IndependentStudy,600,,HonorsOption,,,,9,false,2015-04-05,44932aa5-ac35-4ae9-9c91-405c5e91f265,90,6,metus
273952057-3,798012235-6,,DevelopmentalEnglishReading,,Other,DualCredit,018322,19,TechnicalPreparatory,AudioVideo,,00590,Honors,IndependentStudy,,,9,,2015-12-09,d12ed33c-13e9-4d6d-8cf5-799862cf5f5e,59,43,duis
802433549-2,077328461-3,240102,,,OnTheJob,QualifiedAdmission,019351,10,,,,09999,Honors,Residency,,,6,,2015-01-17,e81762f9-7260-4cb5-b3e7-1cb616675692,67,17,nulla
020050632-3,781198474-1,,DevelopmentalEnglishReading,NotApplicable,NonPaidInternship,Admission,077872,3,Basic,,5002W,,,PracticeTeaching,,,9,,2015-06-18,e81762f9-7260-4cb5-b3e7-1cb616675692,69,63,in
709623122-6,347908635-7,131314,DevelopmentalEnglishReading,NotApplicable,,STEM,047545,19,Vocational,BlendedLearning,720,00601,Honors,,,,5,false,2015-10-13,944740ac-e389-4020-b987-cd194f036ece,2,28,quam
289903501-0,611167153-7,139999,DevelopmentalReading,NotApplicable,OnTheJob,QualifiedAdmission,,20,,Broadcast,324V,,,SelfPaced,,,3,,2015-06-14,ab1e5b3a-e902-47de-9de9-2fe1dd73880e,75,35,faucibus
226947677-8,241860765-8,90901,DevelopmentalReading,Weighted,Mentorship,InternationalBaccalaureate,,7,GraduateProfessional,BlendedLearning,325T,,,,,,9,,2015-05-05,e7a23c81-b6bc-43e6-8d91-bd51989eba16,97,36,at
210978169-6,802720486-0,110401,DevelopmentalEnglishReading,Applicable,JobShadowing,ApprenticeshipCredit,,7,,,,,,,,,4,,2015-02-03,420aa099-f8d2-4b3f-991d-791a87c0b8f5,25,71,integer
536807994-X,843299521-5,240101,DevelopmentalEnglishReading,,Mentorship,AdvancedPlacement,061672,9,AdvancedPlacement,AudioVideo,820W,,Honors,OtherDistanceLearning,,,5,,2015-05-14,f53a505e-f7da-443e-a2e7-e4bd5b63723b,97,63,justo
288598947-5,761865435-2,11002,,,UnpaidInternship,CTE,,12,CollegeLevel,IndependentStudy,300V,,,,,,2,,2015-11-25,367fc4b6-5dcb-4ec4-9598-56463a03c952,12,99,vel
408221284-1,687983986-X,110901,DevelopmentalOther,,JobShadowing,ApprenticeshipCredit,,5,UpperDivision,,01H,09999,Honors,ComputerBasedInstruction,,,3,,2015-04-18,3cb4a17f-2ce7-45f6-ab4a-eb846573bc7d,22,78,sollicitudin
009110888-8,083647830-4,220302,,Applicable,Mentorship,DualCredit,,9,Dual,BlendedLearning,,00586,HonorsOption,,Common Core,FemaleOnly,8,,2015-10-19,ae3ced9c-ef46-4ecd-88d7-f99ed7dcd45b,73,49,lectus
139621428-3,072041059-2,10105,DevelopmentalMath,NotApplicable,OnTheJob,AdvancedPlacement,,17,,,,09999,Honors,,,,2,false,2015-11-25,49d5aa12-0d25-4de8-bc69-9ba8a8c7d8bb,38,20,rhoncus
550303941-6,737977386-0,130401,DevelopmentalEnglishReading,Weighted,CooperativeEducation,CTE,068464,18,AdvancedPlacement,,100W,,Honors,Correspondence,,,7,,2015-03-16,35479659-9fff-446c-a0b8-9e53ba2aea3e,69,23,orci
037528359-5,372652721-4,142001,DevelopmentalMath,,ServiceLearning,ApprenticeshipCredit,,6,UpperDivision,Correspondence,,,Honors,,,,3,,2015-02-15,3cb4a17f-2ce7-45f6-ab4a-eb846573bc7d,68,20,in
774451503-X,248502112-0,310501,DevelopmentalEnglishReading,,,StateScholarship,,14,AdvancedPlacement,,700,00596,HonorsOption,,,,5,,2015-09-11,3c6afecf-cd12-460d-ad19-1febf4544de7,77,26,ullamcorper
602553039-4,636363474-1,200401,,Applicable,ClinicalWork,QualifiedAdmission,,14,CollegePreparatory,,,00587,Honors,SelfPaced,,,10,,2015-05-16,aa12a04b-8018-403b-8f8c-0373591c8619,40,86,libero
645070532-9,788104401-2,131210,DevelopmentalMath,,JobShadowing,AdvancedPlacement,,7,Accelerated,EarlyCollege,,00596,,,,,8,true,2015-12-13,f590235a-4760-432f-a6b7-c9672256b1fb,33,56,ullamcorper
878797805-9,963781245-8,50107,,Applicable,PaidInternship,InternationalBaccalaureate,032201,11,,Online,01H,00600,,,,,4,,2015-02-05,412932e8-568e-4fcd-9bd7-e8e99323be79,46,97,pulvinar
778085450-7,288639531-5,131309,,,,StateScholarship,,4,CollegePreparatory,,,00601,,Audiotape,,,2,,2015-09-14,37ba4583-c578-44fa-97af-7e8e70ff1acf,75,52,pede
692956606-3,999420136-0,131322,DevelopmentalOther,,,Admission,056832,3,UpperDivision,Online,449,00591,,WorkStudy,,,10,,2015-06-24,367fc4b6-5dcb-4ec4-9598-56463a03c952,8,12,ante
665889888-X,767449148-X,149999,DevelopmentalMath,,CooperativeEducation,DualCredit,,17,,Broadcast,900,00596,Honors,Seminar,,,6,,2015-02-17,d41ae0be-be0e-4087-807f-32af4980093d,18,81,volutpat
932464666-4,103050247-1,131322,DevelopmentalOther,,Other,InternationalBaccalaureate,046305,1,Remedial,Broadcast,820H,00600,,Residency,,,1,,2015-08-30,748aa319-faa2-46b0-947b-70c8c5c1fc6a,91,41,vel
068300877-3,324547262-5,220101,DevelopmentalReading,,CooperativeEducation,Other,017104,17,CollegePreparatory,Online,,,Honors,FieldStudy,,,3,true,2015-01-28,12cb9a9a-6fea-4196-805e-632f9850ac41,4,1,vestibulum
646674610-0,294983056-0,260909,DevelopmentalMath,Applicable,,Other,006817,1,CollegeLevel,,919,00591,HonorsOption,Laboratory,,,10,,2015-06-12,3bb792fd-551e-4828-8231-f2a47520ba30,16,53,quam
317766095-6,788104401-2,260101,DevelopmentalReading,,NonPaidInternship,CTEAndAcademic,,19,,Broadcast,219W,00592,Honors,InternetInstruction,,,6,,2015-02-13,657f5f4d-afef-4c88-bc18-51420593bf51,75,88,duis
728090431-9,751358972-0,231001,,Applicable,PaidInternship,AdvancedPlacement,073781,8,InternationalBaccalaureate,IndependentStudy,324V,00585,HonorsOption,WorkStudy,,,4,true,2015-12-22,ad87f915-b7ac-4c13-87ea-b0fee0129a83,53,80,nulla
620170984-3,687983986-X,110201,DevelopmentalReading,,NonPaidInternship,DualCredit,068319,9,Regents,Online,99H,09999,,,,,8,false,2015-05-16,e6834c02-782c-4e23-8dd5-57cbca8c3cba,100,50,ac
019407197-9,621350995-X,131202,,NotApplicable,PaidInternship,STEM,021590,19,NonAcademic,AudioVideo,,00585,HonorsOption,,,,1,,2015-09-15,6c548218-4ba9-45e4-8407-2276e67b7fc3,37,25,vestibulum
352252165-X,107202139-0,110101,DevelopmentalReading,,SupervisedAgricultural,Admission,,8,Vocational,Correspondence,,,HonorsOption,InteractiveVideo,,,4,true,2015-05-13,223da7a6-c6d4-456e-8213-7e2fcdced071,22,87,vestibulum
121463989-5,279650607-X,209999,DevelopmentalReading,,ServiceLearning,AdvancedPlacement,,5,LowerDivision,EarlyCollege,349T,,,Internship,,,2,,2015-11-10,ab1e5b3a-e902-47de-9de9-2fe1dd73880e,35,44,etiam
906506515-6,041569515-5,131303,DevelopmentalOther,,Apprenticeship,ApprenticeshipCredit,,11,NonAcademic,,299N,,,,,,1,,2015-07-07,64b714e4-80bf-44cb-b6d0-e2d52b2ae244,49,71,leo
844938479-6,183476676-1,131312,DevelopmentalEnglishReading,Weighted,Apprenticeship,AdvancedPlacement,,8,LowerDivision,Broadcast,325T,00597,,IndependentStudy,,,9,,2015-12-21,28940289-458d-44ca-b16b-9359a1b92e57,49,4,in
497177266-9,455524897-X,199999,DevelopmentalEnglishReading,,ClinicalWork,STEM,,10,,,,,,,,,2,,2015-11-13,12e234e8-57a6-4643-a03e-f65c19a1d93a,94,74,lorem
149940102-7,974754058-4,309999,DevelopmentalOther,Applicable,ServiceLearning,CTEAndAcademic,,14,,EarlyCollege,,00586,,,,,8,true,2015-08-20,01695415-6e34-4061-b124-435804772176,26,12,ultrices
356158371-7,381542460-7,80705,DevelopmentalMath,,Mentorship,Other,,6,GraduateProfessional,AudioVideo,,,Honors,Seminar,,,1,,2015-05-26,7ef6b657-e7ff-46f4-828d-fb8b0ea8be91,42,86,sed
515199690-8,741459658-3,10101,,,ServiceLearning,StateScholarship,,18,CollegeLevel,,820W,00588,HonorsOption,,,,2,,2015-03-31,2fc1ced0-a659-4e86-ae3b-b517a8978d92,99,11,eu
850035953-6,131252118-X,240101,DevelopmentalOther,,Other,StateScholarship,069218,3,,,,,,CooperativeEducation,,,4,true,2015-12-25,3bb792fd-551e-4828-8231-f2a47520ba30,87,98,risus
482979434-8,115876265-8,160000,DevelopmentalEnglishReading,,UnpaidInternship,Other,041738,20,Dual,,,00600,,Lecture,,,8,,2015-05-26,2fc1ced0-a659-4e86-ae3b-b517a8978d92,88,68,augue
018158973-7,716235293-6,110901,DevelopmentalReading,,,Other,063392,19,,Online,,00591,HonorsOption,Laboratory,,,1,,2015-06-02,c5f84816-f02d-4a14-938e-2583bb4f630e,21,67,ultricies
364678641-8,276230095-9,131307,DevelopmentalReading,,Mentorship,StateScholarship,,4,AdvancedPlacement,Broadcast,,,HonorsOption,,,,9,,2015-01-20,831249ff-fd3a-4eb5-a07f-6b81891457c8,66,42,ut
812201882-3,546901143-7,131315,DevelopmentalMath,Weighted,PaidInternship,STEM,,8,LowerDivision,,820H,,Honors,WorkStudy,,,1,,2015-01-10,1904da1a-be78-41c8-a658-935326105b48,75,95,ut
714633164-4,829020168-0,,DevelopmentalReading,,,StateScholarship,,9,NonAcademic,,600,00591,Honors,Seminar,,,6,true,2015-02-12,ae3ced9c-ef46-4ecd-88d7-f99ed7dcd45b,56,58,ultrices
048636318-X,530813001-9,90404,DevelopmentalOther,,PaidInternship,CTEAndAcademic,006211,2,Accelerated,BlendedLearning,5002W,00591,,Laboratory,,,1,,2015-11-16,1df2eb1e-540d-4d45-8bd5-4b415ff36851,27,81,tristique
043324801-7,914401719-7,260101,DevelopmentalMath,,PaidInternship,CTEAndAcademic,037569,13,Basic,,919,00590,,InternetInstruction,,,3,false,2015-06-09,17a7242a-caba-4b58-85ac-d2e7363cb584,53,44,at
165558201-1,124769945-5,150613,DevelopmentalReading,,CooperativeEducation,ApprenticeshipCredit,,7,,AudioVideo,325T,00586,,InternetInstruction,,,8,,2015-07-01,6c548218-4ba9-45e4-8407-2276e67b7fc3,98,15,sem
230659590-9,929472600-2,10605,,,,QualifiedAdmission,,11,,Correspondence,700,,,Audiotape,,,5,true,2015-09-03,c409a561-2d2d-4a02-bb77-f9de8183584a,27,70,consequat
025546171-2,083647830-4,,,Weighted,Apprenticeship,Other,061751,15,AdvancedPlacement,IndependentStudy,,00586,,,,,7,,2015-04-19,c9c5d381-1943-452b-b103-fba9967730f4,59,43,maecenas
821362713-X,389225585-7,131314,DevelopmentalEnglishReading,,,InternationalBaccalaureate,,11,,Broadcast,5501N,09999,,PracticeTeaching,,,5,true,2015-07-23,0b1cd0ec-256a-4754-baad-d94e458ab36e,57,47,felis
680587545-5,188435041-0,230101,DevelopmentalMath,,Mentorship,ApprenticeshipCredit,031928,2,Dual,,609,00589,HonorsOption,,,,10,,2015-05-18,1df2eb1e-540d-4d45-8bd5-4b415ff36851,52,2,amet
435920613-5,621212362-4,90701,DevelopmentalOther,,PaidInternship,StateScholarship,,5,Vocational,,700,,Honors,Residency,,,8,,2015-06-03,bd9567e7-7c5f-4215-8958-d342f349468b,52,64,duis
266109733-3,588242769-X,150613,DevelopmentalEnglishReading,NotApplicable,ServiceLearning,ApprenticeshipCredit,049804,5,AdultBasic,FaceToFace,,00592,,,,,5,true,2015-09-19,367fc4b6-5dcb-4ec4-9598-56463a03c952,17,4,nunc
750940609-9,535754600-2,160101,DevelopmentalOther,NotApplicable,PaidInternship,DualCredit,,18,GiftedTalented,Broadcast,820,,Honors,,,,2,,2015-02-12,2fc1ced0-a659-4e86-ae3b-b517a8978d92,76,74,dui
785785336-4,288642995-3,131318,DevelopmentalEnglishReading,,CooperativeEducation,StateScholarship,,17,Dual,EarlyCollege,,00600,HonorsOption,InteractiveVideo,,,8,,2015-11-30,657f5f4d-afef-4c88-bc18-51420593bf51,91,68,justo
292756683-6,790474867-3,301301,,,Apprenticeship,QualifiedAdmission,083182,4,Vocational,BlendedLearning,,00588,HonorsOption,,,,8,,2015-08-31,6c548218-4ba9-45e4-8407-2276e67b7fc3,69,48,lobortis
469950712-3,428225164-6,240101,DevelopmentalMath,,CooperativeEducation,STEM,,1,,AudioVideo,609,,HonorsOption,SelfPaced,Common Core,FemaleOnly,7,,2015-06-13,0b1cd0ec-256a-4754-baad-d94e458ab36e,97,38,sit
399509511-9,448756306-2,111002,DevelopmentalOther,,ServiceLearning,Admission,,15,UpperDivision,Correspondence,5002W,,,,,,3,,2015-10-19,748aa319-faa2-46b0-947b-70c8c5c1fc6a,5,41,condimentum
873828819-2,611167153-7,100399,DevelopmentalEnglishReading,Applicable,UnpaidInternship,AdvancedPlacement,094778,13,Accelerated,EarlyCollege,820,00589,HonorsOption,,,,9,false,2015-07-17,1e62ebc1-0b56-4a39-b769-17b973895502,38,16,magnis
041872674-4,482171136-2,130101,DevelopmentalReading,NotApplicable,,STEM,,9,,IndependentStudy,,00586,,,,,4,,2015-04-24,748aa319-faa2-46b0-947b-70c8c5c1fc6a,96,52,erat
959357914-1,843299521-5,131202,DevelopmentalEnglishReading,Applicable,ClinicalWork,CTE,,4,Vocational,IndependentStudy,325T,,,,,,7,,2015-01-13,97a5beb6-20ae-4267-9bc5-51915b0a4096,66,17,sapien
413454190-5,707467402-8,141201,DevelopmentalEnglishReading,,Apprenticeship,QualifiedAdmission,027694,7,AdultBasic,FaceToFace,,09999,,,,,2,,2015-10-07,17a7242a-caba-4b58-85ac-d2e7363cb584,51,75,at
258817475-2,717625614-4,161603,DevelopmentalEnglishReading,,Apprenticeship,AdvancedPlacement,,2,,Broadcast,,00588,,,,,9,true,2015-04-14,97a5beb6-20ae-4267-9bc5-51915b0a4096,69,52,blandit
115875186-9,372652721-4,40801,,,ClinicalWork,QualifiedAdmission,,19,Vocational,BlendedLearning,349T,00600,Honors,,,,4,,2015-05-13,3cb4a17f-2ce7-45f6-ab4a-eb846573bc7d,17,9,in
639254933-1,150602330-4,131099,DevelopmentalOther,Weighted,,AdvancedPlacement,080805,7,Dual,AudioVideo,800,,,,,,10,,2015-09-05,831249ff-fd3a-4eb5-a07f-6b81891457c8,66,21,nisl
123100875-X,911398098-X,100301,DevelopmentalEnglishReading,,JobShadowing,Admission,029360,13,Vocational,Online,820,,,ComputerBasedInstruction,,,4,,2015-06-17,3cb4a17f-2ce7-45f6-ab4a-eb846573bc7d,13,31,dui
409252715-2,530813001-9,240101,DevelopmentalOther,,Other,CTE,,12,,Broadcast,,00592,HonorsOption,Lecture,,,10,,2015-06-13,97a5beb6-20ae-4267-9bc5-51915b0a4096,42,86,convallis
630481900-5,363137960-9,141101,DevelopmentalMath,,CooperativeEducation,StateScholarship,,19,,FaceToFace,,,,PrivateStudy,,,2,,2015-02-05,01695415-6e34-4061-b124-435804772176,95,91,vehicula
636559137-3,748836176-8,131202,DevelopmentalOther,,Mentorship,Admission,,19,,BlendedLearning,,00595,,InternetInstruction,,,10,,2015-05-29,018fa5f2-52b2-47ac-8ee4-4a956a819232,6,91,quis
243160350-4,363641725-8,40301,DevelopmentalOther,,,QualifiedAdmission,,18,Honors,FaceToFace,01H,,Honors,,,,10,,2015-07-21,baf4c4e4-0e2c-468d-8638-6a8ae3f0b729,3,99,ut
580867476-X,427857863-6,90101,DevelopmentalEnglishReading,Weighted,Mentorship,AdvancedPlacement,023740,7,Basic,Online,449,,,,,,4,,2015-02-15,018fa5f2-52b2-47ac-8ee4-4a956a819232,81,50,dolor
583685203-0,971857639-8,151301,DevelopmentalEnglishReading,Applicable,,Admission,085719,5,GraduateProfessional,AudioVideo,820N,00589,,Internship,,,2,,2015-03-16,1837aef4-da98-4760-8b9c-d5f9804da966,7,42,faucibus
005799154-5,621212362-4,110103,DevelopmentalOther,,PaidInternship,ApprenticeshipCredit,034233,7,InternationalBaccalaureate,AudioVideo,,,Honors,FieldStudy,,,5,,2015-07-13,10c41b1a-e922-40f3-a7f8-de0d60780f3c,71,67,eget
648318785-8,501659064-8,309999,DevelopmentalMath,,Other,Admission,054106,7,AdultBasic,,325T,,,AppliedInstruction,,,5,,2015-11-14,ae3ced9c-ef46-4ecd-88d7-f99ed7dcd45b,9,40,quam
203697046-X,071902623-7,,DevelopmentalMath,,SupervisedAgricultural,StateScholarship,,17,Regents,IndependentStudy,324V,,,InteractiveVideo,,,2,,2015-06-22,0453a2dd-8944-4def-9727-46c2a7103623,93,84,vel
904395544-2,402013373-5,111099,DevelopmentalOther,,CooperativeEducation,DualCredit,,7,Accelerated,FaceToFace,5501N,00595,HonorsOption,,,,9,,2015-02-05,9cc4d001-f4b2-43ac-ba2b-455ee8355702,45,39,turpis
045330273-4,786927789-4,270301,DevelopmentalMath,,PaidInternship,StateScholarship,,8,Dual,Correspondence,820W,,HonorsOption,,,,4,,2015-07-09,ad87f915-b7ac-4c13-87ea-b0fee0129a83,74,62,quis
215621077-2,389597149-9,80706,DevelopmentalMath,Applicable,SupervisedAgricultural,ApprenticeshipCredit,,12,,Broadcast,609,00592,,InteractiveVideo,,,6,,2015-03-13,1df2eb1e-540d-4d45-8bd5-4b415ff36851,99,32,enim
910313853-4,535754600-2,,DevelopmentalOther,,JobShadowing,Other,073632,10,UpperDivision,Correspondence,,00592,Honors,,,,4,,2015-08-05,76512543-4064-490b-92e3-6843f545c861,35,19,eu
897526340-1,184621373-8,150603,DevelopmentalEnglishReading,Weighted,JobShadowing,Other,031941,18,AdvancedPlacement,FaceToFace,820W,00601,Honors,OtherDistanceLearning,,,2,,2015-02-23,3954a36f-6cc2-4676-b047-15904c025f17,31,23,adipiscing
866266614-0,843299521-5,,DevelopmentalReading,,Other,CTE,055459,17,Dual,FaceToFace,,00588,HonorsOption,,,,3,,2015-07-23,6c548218-4ba9-45e4-8407-2276e67b7fc3,9,87,ipsum
190813001-6,417542655-8,130299,DevelopmentalReading,,PaidInternship,CTEAndAcademic,,12,SpecialEducation,,,00600,,ComputerBasedInstruction,,,9,,2015-12-02,12e234e8-57a6-4643-a03e-f65c19a1d93a,74,9,parturient
657901264-1,324547262-5,120500,DevelopmentalEnglishReading,,PaidInternship,ApprenticeshipCredit,,17,,Correspondence,,,HonorsOption,Correspondence,,,7,,2015-02-10,baf4c4e4-0e2c-468d-8638-6a8ae3f0b729,60,34,eget
286791737-9,448756306-2,131312,DevelopmentalReading,,OnTheJob,Admission,,20,AdvancedPlacement,,,00586,Honors,Internship,,,5,,2015-02-24,c9c5d381-1943-452b-b103-fba9967730f4,86,33,eu
251751677-4,192178589-6,130101,,,,QualifiedAdmission,074231,6,,,,00600,,Practicum,,,6,,2015-10-18,49d5aa12-0d25-4de8-bc69-9ba8a8c7d8bb,55,94,nulla
677797081-9,799040161-4,131001,,,ServiceLearning,InternationalBaccalaureate,,15,InternationalBaccalaureate,Online,5002W,,HonorsOption,Seminar,,,7,true,2015-11-28,6429683c-7bae-4e74-b252-2de3008fdb48,37,39,morbi
266114031-X,330356352-7,240101,,,Apprenticeship,CTE,,6,NonAcademic,IndependentStudy,820,00588,HonorsOption,,Common Core,NotSingleSex,2,,2015-11-19,e1e1ac3f-f050-4daf-9de6-8b8c9641e17d,91,58,pharetra
210088213-9,973850255-1,240101,DevelopmentalOther,,NonPaidInternship,StateScholarship,081838,2,GiftedTalented,,324V,,HonorsOption,Audiotape,,,6,,2015-02-18,1904da1a-be78-41c8-a658-935326105b48,66,19,lorem
039598504-8,774928322-6,,DevelopmentalOther,Applicable,JobShadowing,Admission,,6,SpecialEducation,Online,5501N,00587,Honors,,,,3,,2015-07-23,b87e7389-1e0f-4104-a422-8fcb94099039,58,97,orci
806468808-6,790474867-3,,DevelopmentalOther,,OnTheJob,CTE,,10,,BlendedLearning,,00601,,,,,10,,2015-03-24,3c6afecf-cd12-460d-ad19-1febf4544de7,75,88,in
720647405-5,501659064-8,230101,DevelopmentalMath,,JobShadowing,QualifiedAdmission,,17,LowerDivision,AudioVideo,800,,Honors,,,,6,false,2015-12-27,c57e0a8e-452a-4382-9cf6-807fb8ce2ca0,36,38,in
131415202-5,708684598-1,220302,,,NonPaidInternship,InternationalBaccalaureate,,5,LowerDivision,IndependentStudy,,,Honors,,Common Core,MaleOnly,8,,2015-07-11,420aa099-f8d2-4b3f-991d-791a87c0b8f5,80,1,non
256869473-4,802720486-0,,DevelopmentalMath,,CooperativeEducation,ApprenticeshipCredit,003197,5,LowerDivision,FaceToFace,219W,00592,,,,,1,,2015-06-12,49d5aa12-0d25-4de8-bc69-9ba8a8c7d8bb,16,29,augue
410730702-6,918053862-2,120401,DevelopmentalMath,,,Other,,13,GraduateProfessional,AudioVideo,325T,00595,,,,,1,,2015-05-17,6c548218-4ba9-45e4-8407-2276e67b7fc3,46,24,ut
360799457-9,578408187-X,131314,DevelopmentalEnglishReading,,Apprenticeship,AdvancedPlacement,044456,17,InternationalBaccalaureate,,625,00596,,PracticeTeaching,Common Core,MaleOnly,1,,2015-12-01,018fa5f2-52b2-47ac-8ee4-4a956a819232,4,85,fusce
486411599-0,769849397-0,,,,CooperativeEducation,ApprenticeshipCredit,099385,13,Basic,Online,,,HonorsOption,Television,,,10,,2015-05-20,2fc1ced0-a659-4e86-ae3b-b517a8978d92,4,39,luctus
948538148-4,334888743-7,240101,DevelopmentalReading,NotApplicable,Apprenticeship,AdvancedPlacement,050998,14,InternationalBaccalaureate,BlendedLearning,,00589,,,Common Core,FemaleOnly,5,,2015-08-02,35479659-9fff-446c-a0b8-9e53ba2aea3e,84,2,vestibulum
826104399-1,914401719-7,220303,DevelopmentalReading,,Mentorship,AdvancedPlacement,,8,Remedial,EarlyCollege,,00588,,FieldStudy,,,1,false,2015-07-13,018fa5f2-52b2-47ac-8ee4-4a956a819232,20,96,pede
133368978-0,887540563-8,110804,DevelopmentalOther,,PaidInternship,STEM,029613,9,NonAcademic,,,09999,HonorsOption,,,,5,,2015-07-03,7ef6b657-e7ff-46f4-828d-fb8b0ea8be91,19,24,vitae
688660601-8,402013373-5,119999,DevelopmentalMath,,SupervisedAgricultural,STEM,,10,,FaceToFace,350,00597,,,,,7,,2015-10-13,baf4c4e4-0e2c-468d-8638-6a8ae3f0b729,29,93,vel
974815087-9,699491304-X,139999,DevelopmentalMath,,ServiceLearning,CTEAndAcademic,024614,10,Honors,Correspondence,,,,Internship,,,7,,2015-04-10,2fc1ced0-a659-4e86-ae3b-b517a8978d92,68,2,varius
207130556-6,417542655-8,260101,DevelopmentalEnglishReading,NotApplicable,ClinicalWork,STEM,,14,Basic,,,,Honors,,,,4,,2015-06-16,28940289-458d-44ca-b16b-9359a1b92e57,65,84,blandit
084989764-5,002174725-3,,DevelopmentalEnglishReading,,,AdvancedPlacement,,18,CollegeLevel,AudioVideo,,00595,,ComputerBasedInstruction,,,3,,2015-09-06,bbf3a3e7-b5f1-4888-a475-4f676cba5539,66,6,ornare
169569414-7,551155595-9,131314,DevelopmentalEnglishReading,,Apprenticeship,CTEAndAcademic,,1,,,820H,73062,,,Common Core,NotSingleSex,8,,2015-02-04,e812b3ee-1eb9-4693-b060-788d95ef2882,88,62,mattis
248409352-7,673109501-X,120409,DevelopmentalMath,,,Other,,16,Regents,BlendedLearning,,,HonorsOption,PrivateStudy,,,4,,2015-01-19,0b1cd0ec-256a-4754-baad-d94e458ab36e,86,7,condimentum
653374730-4,939061920-3,310501,DevelopmentalOther,,Mentorship,DualCredit,036215,8,,,,00597,,InteractiveVideo,Common Core,MaleOnly,6,,2015-11-17,327c9157-cadf-4d5e-95af-7be193f62fee,11,48,eleifend
709086560-6,798012235-6,150613,DevelopmentalMath,,ServiceLearning,Admission,,6,Honors,,,00596,,,,,8,false,2015-02-12,0453a2dd-8944-4def-9727-46c2a7103623,11,72,ipsum
206540414-0,967936085-7,240101,DevelopmentalReading,,,ApprenticeshipCredit,012522,11,Accelerated,,100W,,,,Common Core,NotSingleSex,9,,2015-01-29,28940289-458d-44ca-b16b-9359a1b92e57,59,62,aliquam
732950770-9,708684598-1,240101,DevelopmentalMath,,JobShadowing,CTEAndAcademic,,2,GiftedTalented,Online,,00590,,SelfPaced,,,5,,2015-04-04,dd8d59f2-453f-4f06-87e2-afa30d0799ab,14,25,sed
659608916-9,717625614-4,270101,DevelopmentalMath,,UnpaidInternship,InternationalBaccalaureate,,16,CollegeLevel,IndependentStudy,,00589,,ClinicalRotationInstruction,,,5,,2015-09-09,b87e7389-1e0f-4104-a422-8fcb94099039,29,38,posuere
759658494-2,173465261-6,131205,DevelopmentalMath,Applicable,OnTheJob,CTE,,3,Accelerated,Broadcast,300V,,Honors,InteractiveVideo,,,8,,2015-08-23,d7aca851-12da-451f-b885-8f2d1288adbc,84,48,eleifend
231368896-8,183476676-1,131314,,,ServiceLearning,AdvancedPlacement,,16,InternationalBaccalaureate,,324V,00597,Honors,AppliedInstruction,,,1,,2015-09-12,bd9567e7-7c5f-4215-8958-d342f349468b,80,92,luctus
286949023-2,723011945-6,131202,DevelopmentalOther,,SupervisedAgricultural,DualCredit,030787,12,UpperDivision,Online,,00600,,Laboratory,,,8,,2015-05-24,2808b6fb-8c69-40a0-8922-0157915a89b3,92,12,in
919467105-2,057391664-0,260101,DevelopmentalReading,NotApplicable,OnTheJob,CTE,,18,GiftedTalented,,900,00588,HonorsOption,,,,5,,2015-02-10,9cc4d001-f4b2-43ac-ba2b-455ee8355702,65,2,tincidunt
544127979-6,376098980-2,110901,DevelopmentalEnglishReading,,JobShadowing,QualifiedAdmission,,15,UpperDivision,,,00592,Honors,,Common Core,NotSingleSex,8,,2015-01-29,018fa5f2-52b2-47ac-8ee4-4a956a819232,96,85,vestibulum
930782075-9,279650607-X,,DevelopmentalOther,,JobShadowing,ApprenticeshipCredit,,2,LowerDivision,,,,,,,,4,,2015-11-03,3bb792fd-551e-4828-8231-f2a47520ba30,97,92,quis
689667580-2,546901143-7,160905,DevelopmentalEnglishReading,,SupervisedAgricultural,CTEAndAcademic,,3,,IndependentStudy,220N,00585,,,,,3,false,2015-03-23,dd8d59f2-453f-4f06-87e2-afa30d0799ab,8,79,turpis
692019943-2,748199512-5,30301,,,ServiceLearning,DualCredit,032492,5,,Correspondence,,,Honors,SelfPaced,,,10,true,2015-02-20,a5a25691-3b35-4d5c-9159-a4542a7125a1,41,72,quis
426363813-1,759828114-9,150000,DevelopmentalOther,,Apprenticeship,Other,,3,NonAcademic,FaceToFace,,00595,Honors,PracticeTeaching,,,9,,2015-05-30,12e234e8-57a6-4643-a03e-f65c19a1d93a,58,78,ligula
909609276-7,552675717-X,240102,DevelopmentalEnglishReading,,Apprenticeship,QualifiedAdmission,024448,12,UpperDivision,,,,Honors,PracticeTeaching,,,6,false,2015-03-02,e812b3ee-1eb9-4693-b060-788d95ef2882,68,89,dui
039316012-2,895933605-X,190101,DevelopmentalReading,NotApplicable,Apprenticeship,InternationalBaccalaureate,,6,Honors,Online,,00595,HonorsOption,ApprenticeshipExternship,,,7,,2015-12-19,327c9157-cadf-4d5e-95af-7be193f62fee,76,32,rhoncus
890711783-7,619064914-9,131001,DevelopmentalOther,,,Admission,,4,UpperDivision,,01H,00585,HonorsOption,,,,7,,2015-04-24,c409a561-2d2d-4a02-bb77-f9de8183584a,36,64,sem
124499533-9,449552304-X,230101,DevelopmentalReading,Applicable,UnpaidInternship,AdvancedPlacement,033973,4,Basic,,350,,,InternetInstruction,,,7,,2015-07-12,1e62ebc1-0b56-4a39-b769-17b973895502,81,20,maecenas
393479702-4,316195789-X,310501,DevelopmentalMath,,UnpaidInternship,ApprenticeshipCredit,,20,,BlendedLearning,,,Honors,,,,1,,2015-08-09,2fc1ced0-a659-4e86-ae3b-b517a8978d92,36,84,auctor
894387334-4,213771822-7,111099,DevelopmentalReading,,NonPaidInternship,StateScholarship,,5,NonAcademic,,,,HonorsOption,,Common Core,MaleOnly,2,false,2015-09-23,bbf3a3e7-b5f1-4888-a475-4f676cba5539,93,95,justo
150217375-1,276230095-9,130201,DevelopmentalMath,,NonPaidInternship,Admission,,15,,Broadcast,820,,HonorsOption,InternetInstruction,,,3,,2015-11-07,76512543-4064-490b-92e3-6843f545c861,24,32,at
248979375-6,774928322-6,309999,,Applicable,,STEM,,19,,,,00588,HonorsOption,,,,8,true,2015-12-24,1904da1a-be78-41c8-a658-935326105b48,28,48,suspendisse
023158202-1,049701998-1,131299,DevelopmentalMath,,,AdvancedPlacement,,20,AdvancedPlacement,Online,220N,00588,HonorsOption,,,,6,,2015-03-21,22c3450b-97e8-4cbb-b3c6-9343c028ff07,46,40,curae
760662244-2,825226289-9,261002,DevelopmentalEnglishReading,,UnpaidInternship,ApprenticeshipCredit,,20,AdultBasic,,,,HonorsOption,ClinicalRotationInstruction,,,1,,2015-12-24,e812b3ee-1eb9-4693-b060-788d95ef2882,23,86,ultrices
554781745-7,000345207-7,130201,DevelopmentalMath,,ClinicalWork,QualifiedAdmission,002752,9,LowerDivision,Correspondence,4501H,00592,,Correspondence,,,4,,2015-06-16,5ab6c205-c3ae-4b26-8738-6f07a25a287f,57,42,commodo
539329692-4,739565470-6,,DevelopmentalReading,NotApplicable,Mentorship,Other,,4,Accelerated,,,09999,Honors,,,,5,,2015-07-10,3f6b3d44-b8f7-4cf4-9534-b0553bf49261,81,50,a
078913431-4,932689531-9,,DevelopmentalReading,,Apprenticeship,InternationalBaccalaureate,,12,AdultBasic,EarlyCollege,919,00595,,,,,7,,2015-01-27,d7aca851-12da-451f-b885-8f2d1288adbc,87,84,tellus
647992875-X,086115254-9,240102,DevelopmentalEnglishReading,,UnpaidInternship,DualCredit,,8,UpperDivision,IndependentStudy,349T,,Honors,,,,7,,2015-02-20,ad2720a0-a9bd-4481-baa1-fdd85509bc3f,50,7,vestibulum
931694752-9,209031966-6,,DevelopmentalEnglishReading,Weighted,,CTE,000203,9,,,720,00592,,,,,2,false,2015-05-18,5709ebe8-7853-4335-a25f-f12763018932,24,71,phasellus
171284115-7,748836176-8,131299,DevelopmentalOther,,SupervisedAgricultural,DualCredit,,12,Regents,Broadcast,820H,,,,,,5,,2015-09-09,313be899-465a-4d11-8808-f61ea334f1c9,11,17,erat
764449766-8,749258331-1,150701,DevelopmentalMath,NotApplicable,SupervisedAgricultural,QualifiedAdmission,,15,UpperDivision,BlendedLearning,720,,Honors,,,,8,,2015-03-20,b8d58bb3-5b9a-4210-a70b-f4c92f743363,17,35,nullam
710636326-X,963781245-8,140803,DevelopmentalMath,,,InternationalBaccalaureate,,13,LowerDivision,,4501H,,HonorsOption,,,,3,,2015-09-25,76512543-4064-490b-92e3-6843f545c861,68,62,ornare
369457647-9,184621373-8,40301,DevelopmentalReading,,JobShadowing,STEM,,13,,,5002W,,Honors,InternetInstruction,,,5,true,2015-08-08,12e234e8-57a6-4643-a03e-f65c19a1d93a,34,89,odio
621182290-1,472016816-7,141901,DevelopmentalOther,Weighted,ServiceLearning,DualCredit,,7,Accelerated,AudioVideo,820,00596,Honors,,Common Core,FemaleOnly,10,,2015-02-23,44932aa5-ac35-4ae9-9c91-405c5e91f265,79,76,est
991444496-2,381542460-7,,DevelopmentalEnglishReading,,Mentorship,QualifiedAdmission,053693,11,,,600,00588,HonorsOption,,,,6,,2015-09-06,793aaeb5-7378-450c-9b29-ef7998ffe313,72,45,aliquet
742503034-9,621350995-X,240199,DevelopmentalEnglishReading,Weighted,Apprenticeship,InternationalBaccalaureate,,8,,EarlyCollege,300V,00588,Honors,,,,3,,2015-09-03,baf4c4e4-0e2c-468d-8638-6a8ae3f0b729,70,89,cum
397888589-1,973850255-1,,DevelopmentalEnglishReading,,,StateScholarship,003724,13,GiftedTalented,,820H,,,PracticeTeaching,,,9,false,2015-08-23,12cb9a9a-6fea-4196-805e-632f9850ac41,72,17,vestibulum
119531195-8,083165003-6,130301,DevelopmentalEnglishReading,,Mentorship,DualCredit,068793,15,AdvancedPlacement,AudioVideo,800,,Honors,,,,2,true,2015-10-19,367fc4b6-5dcb-4ec4-9598-56463a03c952,69,44,porta
527184766-7,875626550-6,131101,DevelopmentalOther,,OnTheJob,QualifiedAdmission,096743,19,Dual,Online,,,Honors,,,,4,true,2015-07-10,367fc4b6-5dcb-4ec4-9598-56463a03c952,54,88,tortor
115128178-6,065854615-5,131327,DevelopmentalMath,NotApplicable,Apprenticeship,AdvancedPlacement,,16,TechnicalPreparatory,,,00585,,PracticeTeaching,Common Core,NotSingleSex,8,true,2015-12-23,3cb4a17f-2ce7-45f6-ab4a-eb846573bc7d,83,95,vitae
191270147-2,875626550-6,10104,,,Mentorship,CTE,,13,,EarlyCollege,625,09999,HonorsOption,IndependentStudy,,,5,false,2015-05-17,7ef6b657-e7ff-46f4-828d-fb8b0ea8be91,57,89,consectetuer
310757266-7,213771822-7,240101,DevelopmentalEnglishReading,,PaidInternship,Admission,,6,,,,,,Audiotape,,,2,,2015-05-22,5709ebe8-7853-4335-a25f-f12763018932,32,49,orci
773623192-3,959456251-X,131323,,,JobShadowing,CTEAndAcademic,,17,NonAcademic,Online,,00601,,,,,4,,2015-10-02,10c41b1a-e922-40f3-a7f8-de0d60780f3c,22,84,sed
858926260-X,150602330-4,270502,DevelopmentalEnglishReading,,SupervisedAgricultural,AdvancedPlacement,,11,AdvancedPlacement,,700,00600,HonorsOption,,,,3,,2015-03-22,9cc4d001-f4b2-43ac-ba2b-455ee8355702,37,6,ut
408349234-1,434153445-9,110901,DevelopmentalEnglishReading,,CooperativeEducation,ApprenticeshipCredit,,20,Basic,Correspondence,,00588,,CompressedVideo,,,7,,2015-07-01,bbf3a3e7-b5f1-4888-a475-4f676cba5539,22,35,in
986042130-7,345914516-1,,DevelopmentalEnglishReading,Weighted,Mentorship,CTEAndAcademic,,7,TechnicalPreparatory,AudioVideo,350,00592,,,,,7,,2015-09-28,aa12a04b-8018-403b-8f8c-0373591c8619,63,30,ridiculus
481503630-6,711174501-9,270101,,,NonPaidInternship,DualCredit,,7,LowerDivision,BlendedLearning,5002W,00596,Honors,,Common Core,FemaleOnly,8,,2015-09-26,2f780e15-4ce2-4af9-a39d-b258b75e9f9e,15,65,phasellus
285912620-1,498625574-6,240199,DevelopmentalReading,,,DualCredit,,9,,Correspondence,,00589,HonorsOption,ClinicalRotationInstruction,,,10,,2015-05-08,aa12a04b-8018-403b-8f8c-0373591c8619,83,12,nulla
415771068-1,643695582-8,49999,DevelopmentalOther,,JobShadowing,Other,065706,13,CollegePreparatory,,800,,,,,,2,true,2015-08-11,ab1e5b3a-e902-47de-9de9-2fe1dd73880e,58,44,nunc
763698578-0,956315260-3,131205,,,ClinicalWork,CTEAndAcademic,,10,TechnicalPreparatory,AudioVideo,,00600,,PracticeTeaching,,,9,,2015-11-08,3954a36f-6cc2-4676-b047-15904c025f17,5,91,orci
572056004-1,892984532-0,131314,DevelopmentalEnglishReading,,SupervisedAgricultural,AdvancedPlacement,054386,13,Dual,,820,,,,Common Core,FemaleOnly,5,,2015-11-20,0b1cd0ec-256a-4754-baad-d94e458ab36e,82,56,pellentesque
755745993-8,401787675-7,150201,DevelopmentalOther,,NonPaidInternship,Other,,7,CollegeLevel,AudioVideo,324V,,Honors,,,,10,,2015-09-14,b87e7389-1e0f-4104-a422-8fcb94099039,84,43,potenti
129804075-2,330356352-7,,DevelopmentalEnglishReading,Applicable,PaidInternship,Other,,14,,FaceToFace,820N,00600,HonorsOption,,,,5,true,2015-01-30,97a5beb6-20ae-4267-9bc5-51915b0a4096,73,32,amet
698556626-X,881434961-4,141801,DevelopmentalMath,,,Admission,007689,2,Remedial,Online,299N,,Honors,Residency,,,7,false,2015-12-07,a5a25691-3b35-4d5c-9159-a4542a7125a1,2,53,diam
267576231-8,659609890-7,131302,DevelopmentalReading,,Other,DualCredit,,18,,,349T,00597,,,,,7,,2015-12-04,e6834c02-782c-4e23-8dd5-57cbca8c3cba,2,12,non
863882946-9,748836176-8,110601,DevelopmentalEnglishReading,,Apprenticeship,CTE,016202,12,CollegePreparatory,,,,HonorsOption,WorkStudy,,,10,,2015-04-25,c57e0a8e-452a-4382-9cf6-807fb8ce2ca0,16,54,vulputate
989379302-5,412611726-1,240101,,,CooperativeEducation,QualifiedAdmission,,12,NonAcademic,Correspondence,700,00592,Honors,,,,10,,2015-06-11,a5a25691-3b35-4d5c-9159-a4542a7125a1,56,87,duis
310963018-4,717625614-4,151202,DevelopmentalReading,,UnpaidInternship,Admission,,9,,Broadcast,99H,00589,,,,,8,true,2015-04-17,1e62ebc1-0b56-4a39-b769-17b973895502,85,33,aenean
785530007-4,449552304-X,131312,DevelopmentalMath,,,CTEAndAcademic,,13,,,609,,,,,,1,,2015-06-17,6c548218-4ba9-45e4-8407-2276e67b7fc3,86,71,nisl
658552603-1,376098980-2,131337,,,ServiceLearning,AdvancedPlacement,,3,,Broadcast,609,00592,,ComputerBasedInstruction,,,7,,2015-10-20,b428d6e4-7e60-404f-b59c-e9d4558bf94d,58,80,orci
627014891-X,798987556-X,159999,DevelopmentalReading,,Other,Other,,1,Remedial,Correspondence,,00591,,,,,1,,2015-07-17,831249ff-fd3a-4eb5-a07f-6b81891457c8,82,43,tempus
310203389-X,806042510-2,80102,DevelopmentalMath,,NonPaidInternship,AdvancedPlacement,,6,,,,,Honors,,,,8,,2015-12-15,b428d6e4-7e60-404f-b59c-e9d4558bf94d,92,72,nulla
720119656-1,248502112-0,,DevelopmentalReading,Applicable,JobShadowing,QualifiedAdmission,003195,5,,FaceToFace,609,,,,Common Core,MaleOnly,1,,2015-12-16,3f6b3d44-b8f7-4cf4-9534-b0553bf49261,58,16,nam
212290876-9,289332335-9,,DevelopmentalOther,Applicable,OnTheJob,CTEAndAcademic,,15,Dual,,700,00587,,,,,1,,2015-12-19,748aa319-faa2-46b0-947b-70c8c5c1fc6a,9,74,mauris
644510956-X,956315260-3,131302,DevelopmentalReading,,CooperativeEducation,InternationalBaccalaureate,005784,2,AdvancedPlacement,IndependentStudy,,,HonorsOption,,,,5,,2015-05-14,0b1cd0ec-256a-4754-baad-d94e458ab36e,51,52,sapien
183270123-9,643695582-8,240101,DevelopmentalMath,,Mentorship,InternationalBaccalaureate,,2,InternationalBaccalaureate,AudioVideo,,09999,Honors,,,,8,,2015-07-24,944740ac-e389-4020-b987-cd194f036ece,62,48,ipsum
553647117-1,779298314-5,131307,DevelopmentalReading,NotApplicable,PaidInternship,Other,059003,20,,IndependentStudy,325T,00601,Honors,,,,7,true,2015-08-07,49d5aa12-0d25-4de8-bc69-9ba8a8c7d8bb,30,70,felis
041651938-5,434153445-9,,DevelopmentalEnglishReading,,Mentorship,DualCredit,003586,6,,,,,,,,,4,,2015-01-05,1df2eb1e-540d-4d45-8bd5-4b415ff36851,87,4,nulla
649561191-9,646334352-8,151301,DevelopmentalEnglishReading,,PaidInternship,Other,,8,Honors,Online,449,00601,,,,,6,false,2015-05-31,d12ed33c-13e9-4d6d-8cf5-799862cf5f5e,8,80,vestibulum
862302412-5,158247403-6,,DevelopmentalOther,,JobShadowing,STEM,,10,CollegeLevel,BlendedLearning,,,HonorsOption,Correspondence,,,9,true,2015-12-10,28940289-458d-44ca-b16b-9359a1b92e57,20,60,elit
724875362-9,737119240-0,,DevelopmentalOther,NotApplicable,,STEM,,11,Accelerated,Correspondence,325T,00589,HonorsOption,,,,8,,2015-12-26,d7aca851-12da-451f-b885-8f2d1288adbc,59,37,tempus
309355951-0,530813001-9,,DevelopmentalReading,,,StateScholarship,044331,15,LowerDivision,IndependentStudy,,,HonorsOption,Audiotape,,,3,,2015-02-16,12cb9a9a-6fea-4196-805e-632f9850ac41,60,26,vel
137021988-1,798012235-6,309999,DevelopmentalOther,,,Other,075272,1,GraduateProfessional,,,00591,,AppliedInstruction,,,4,,2015-09-30,b87e7389-1e0f-4104-a422-8fcb94099039,93,43,ac
201980070-5,209031966-6,150503,,,SupervisedAgricultural,Other,018537,17,GiftedTalented,AudioVideo,,00592,Honors,,,,2,,2015-06-04,793aaeb5-7378-450c-9b29-ef7998ffe313,38,10,lacinia
071799989-0,239946360-9,240101,DevelopmentalReading,,CooperativeEducation,CTEAndAcademic,,1,AdultBasic,IndependentStudy,5501N,,HonorsOption,AppliedInstruction,,,6,,2015-06-15,c5f84816-f02d-4a14-938e-2583bb4f630e,97,4,vestibulum
512944327-6,124769945-5,110101,DevelopmentalMath,,,CTEAndAcademic,,2,NonAcademic,Correspondence,820W,00586,Honors,,Common Core,MaleOnly,1,,2015-05-29,e6834c02-782c-4e23-8dd5-57cbca8c3cba,72,17,tristique
348144434-6,451817844-0,131001,DevelopmentalMath,Weighted,,StateScholarship,,12,,AudioVideo,820N,00587,,,,,1,,2015-08-05,bbf3a3e7-b5f1-4888-a475-4f676cba5539,53,78,aenean
941345057-9,630566007-7,309999,DevelopmentalMath,,UnpaidInternship,ApprenticeshipCredit,,12,AdvancedPlacement,EarlyCollege,,00591,,Audiotape,,,6,,2015-08-21,12e234e8-57a6-4643-a03e-f65c19a1d93a,90,25,purus
718261683-1,852299638-5,150805,DevelopmentalOther,,PaidInternship,AdvancedPlacement,052633,4,,AudioVideo,,,,,,,8,,2015-01-21,3cb4a17f-2ce7-45f6-ab4a-eb846573bc7d,36,10,morbi
495868356-9,840680653-2,141901,DevelopmentalEnglishReading,Weighted,CooperativeEducation,CTEAndAcademic,,12,Honors,IndependentStudy,,,,ApprenticeshipExternship,,,10,,2015-08-09,e812b3ee-1eb9-4693-b060-788d95ef2882,61,14,purus
862711337-8,774928322-6,131205,DevelopmentalEnglishReading,,SupervisedAgricultural,ApprenticeshipCredit,,5,UpperDivision,Broadcast,5501N,,,Internship,,,1,,2015-05-22,1df2eb1e-540d-4d45-8bd5-4b415ff36851,55,40,ultrices
739909164-1,248134830-3,131101,DevelopmentalReading,,JobShadowing,CTE,042976,3,Dual,Online,325T,00599,,Television,,,6,,2015-03-03,0b1cd0ec-256a-4754-baad-d94e458ab36e,29,68,id
338851415-1,956315260-3,309999,DevelopmentalMath,Applicable,ServiceLearning,STEM,,14,,AudioVideo,,00600,HonorsOption,Videotape,,,2,,2015-11-23,bbf3a3e7-b5f1-4888-a475-4f676cba5539,52,55,duis
621428863-9,359615866-4,309999,DevelopmentalEnglishReading,NotApplicable,ClinicalWork,QualifiedAdmission,,19,GiftedTalented,,,,HonorsOption,,Common Core,MaleOnly,1,,2015-07-19,ab1e5b3a-e902-47de-9de9-2fe1dd73880e,17,49,libero
082657331-2,798012235-6,240102,DevelopmentalOther,,NonPaidInternship,InternationalBaccalaureate,,19,,,625,,,,,,2,,2015-11-12,17a7242a-caba-4b58-85ac-d2e7363cb584,65,30,habitasse
855618097-3,488383462-X,231001,DevelopmentalReading,NotApplicable,UnpaidInternship,InternationalBaccalaureate,031788,1,CollegePreparatory,FaceToFace,820N,,HonorsOption,CooperativeEducation,,,1,,2015-09-08,944740ac-e389-4020-b987-cd194f036ece,52,84,justo
245493664-X,607974598-4,10603,DevelopmentalOther,,Other,StateScholarship,,15,AdultBasic,AudioVideo,100W,00586,HonorsOption,Practicum,,,9,,2015-02-22,fe9398eb-5e33-4eb8-b3f6-e0c47c6f9515,100,78,quisque
348493484-0,887540563-8,10601,DevelopmentalOther,,OnTheJob,Admission,,20,LowerDivision,IndependentStudy,,,,,,,1,,2015-10-17,76512543-4064-490b-92e3-6843f545c861,7,79,est
407410191-2,289332335-9,309999,DevelopmentalEnglishReading,,SupervisedAgricultural,STEM,,12,,IndependentStudy,,00585,HonorsOption,,,,1,true,2015-01-02,6c548218-4ba9-45e4-8407-2276e67b7fc3,80,5,laoreet
867274809-3,389597149-9,269999,DevelopmentalMath,Weighted,SupervisedAgricultural,AdvancedPlacement,,2,SpecialEducation,IndependentStudy,600,,HonorsOption,ComputerBasedInstruction,Common Core,NotSingleSex,3,,2015-03-14,793aaeb5-7378-450c-9b29-ef7998ffe313,78,25,ultrices
970900764-5,909041282-4,140101,DevelopmentalReading,,OnTheJob,StateScholarship,,2,,EarlyCollege,4501H,,Honors,PrivateStudy,,,2,true,2015-12-17,018fa5f2-52b2-47ac-8ee4-4a956a819232,82,82,purus
183638974-4,951799262-9,161603,DevelopmentalReading,,NonPaidInternship,STEM,058169,2,NonAcademic,EarlyCollege,,,,,,,7,,2015-12-03,01695415-6e34-4061-b124-435804772176,66,93,nisi
192752182-3,788104401-2,131401,DevelopmentalMath,,Other,ApprenticeshipCredit,,6,Remedial,Broadcast,,,,Videotape,,,7,,2015-06-03,aa12a04b-8018-403b-8f8c-0373591c8619,63,98,est
454218295-9,000345207-7,,DevelopmentalReading,,NonPaidInternship,ApprenticeshipCredit,,1,Honors,,,,HonorsOption,,,,2,,2015-01-30,0453a2dd-8944-4def-9727-46c2a7103623,66,45,quis
593551749-3,912484561-2,309999,DevelopmentalReading,,,QualifiedAdmission,,2,GiftedTalented,Broadcast,100W,00591,,,,,9,true,2015-02-01,b87e7389-1e0f-4104-a422-8fcb94099039,1,47,quam
444672327-8,773331039-3,240101,DevelopmentalMath,,Mentorship,CTE,,8,AdultBasic,Online,349T,00591,,,Common Core,NotSingleSex,7,,2015-12-11,bbf3a3e7-b5f1-4888-a475-4f676cba5539,67,83,porttitor
065228700-X,973850255-1,40401,DevelopmentalEnglishReading,Weighted,PaidInternship,CTEAndAcademic,,20,Vocational,Online,,00585,HonorsOption,,,,2,,2015-07-24,c5f84816-f02d-4a14-938e-2583bb4f630e,36,40,tempor
008657056-0,911398098-X,131205,DevelopmentalOther,,ServiceLearning,STEM,031922,12,,,820H,00589,Honors,Practicum,,,8,,2015-10-10,c5f84816-f02d-4a14-938e-2583bb4f630e,83,59,luctus
159961883-4,279650607-X,141401,DevelopmentalMath,,,Other,007813,7,Accelerated,,325T,,HonorsOption,,,,9,false,2015-09-21,1837aef4-da98-4760-8b9c-d5f9804da966,72,84,in
990595138-5,634364781-3,260101,DevelopmentalOther,,Mentorship,CTEAndAcademic,,14,,Online,609,00600,HonorsOption,Internship,,,3,,2015-03-09,223da7a6-c6d4-456e-8213-7e2fcdced071,53,87,maecenas
776649044-7,065832567-1,99999,DevelopmentalEnglishReading,,CooperativeEducation,CTE,,20,Regents,EarlyCollege,720,,,ComputerBasedInstruction,,,6,,2015-02-15,f590235a-4760-432f-a6b7-c9672256b1fb,100,91,suspendisse
807488297-7,377139301-9,301301,DevelopmentalEnglishReading,Weighted,ServiceLearning,AdvancedPlacement,,16,LowerDivision,,,00588,Honors,,,,8,,2015-05-04,5ab6c205-c3ae-4b26-8738-6f07a25a287f,63,40,sed
955575252-4,282457313-9,150507,,,SupervisedAgricultural,ApprenticeshipCredit,,18,GraduateProfessional,,820H,,Honors,Correspondence,,,2,,2015-05-20,d41ae0be-be0e-4087-807f-32af4980093d,59,7,porta
719877043-6,389225585-7,131209,DevelopmentalReading,,Apprenticeship,InternationalBaccalaureate,,5,Accelerated,Broadcast,720,09999,HonorsOption,,,,4,,2015-07-10,3c6afecf-cd12-460d-ad19-1febf4544de7,57,16,curabitur
344896969-9,843299521-5,131318,DevelopmentalOther,,OnTheJob,QualifiedAdmission,,17,,Online,,,,,,,10,false,2015-08-19,5ab6c205-c3ae-4b26-8738-6f07a25a287f,100,20,suspendisse
313412605-2,634364781-3,309999,DevelopmentalOther,,OnTheJob,AdvancedPlacement,,19,,,219W,00591,,Seminar,Common Core,MaleOnly,10,,2015-06-19,1837aef4-da98-4760-8b9c-d5f9804da966,4,81,tempus
247677604-1,882391865-0,,DevelopmentalOther,,UnpaidInternship,Admission,,4,Accelerated,Correspondence,4501H,00601,Honors,,,,10,,2015-02-10,dd8d59f2-453f-4f06-87e2-afa30d0799ab,83,28,lacinia
455045134-3,418954870-7,90401,DevelopmentalMath,,ServiceLearning,CTE,095323,19,Remedial,,,00597,,,,,4,,2015-03-18,c874a66c-1076-4195-aff2-03b6f24ff83c,8,61,neque
544919423-4,552675717-X,240101,DevelopmentalEnglishReading,Weighted,Other,DualCredit,,16,CollegeLevel,,324V,00589,Honors,,,,10,,2015-09-27,c57e0a8e-452a-4382-9cf6-807fb8ce2ca0,26,67,auctor
258944866-X,842371983-9,,,,JobShadowing,DualCredit,,18,Vocational,Online,720,,,FieldStudy,,,3,,2015-09-21,1904da1a-be78-41c8-a658-935326105b48,6,54,pede
982693881-5,173985814-X,50199,,,Mentorship,ApprenticeshipCredit,,11,AdvancedPlacement,Online,4501H,00588,,,Common Core,FemaleOnly,9,,2015-02-13,327c9157-cadf-4d5e-95af-7be193f62fee,84,38,nisi
902976035-4,885330628-9,110103,DevelopmentalEnglishReading,Applicable,OnTheJob,InternationalBaccalaureate,,18,AdvancedPlacement,,100W,,,ComputerBasedInstruction,,,7,,2015-10-31,2808b6fb-8c69-40a0-8922-0157915a89b3,44,65,erat
376524909-2,614537668-6,110801,DevelopmentalOther,,NonPaidInternship,StateScholarship,048980,12,Honors,,919,00585,,CooperativeEducation,,,8,,2015-05-09,64b714e4-80bf-44cb-b6d0-e2d52b2ae244,95,59,nam
708003261-X,778803941-1,10204,DevelopmentalMath,,CooperativeEducation,ApprenticeshipCredit,,4,Honors,Correspondence,349T,00596,HonorsOption,,,,9,true,2015-01-04,76512543-4064-490b-92e3-6843f545c861,88,87,nibh
118984956-9,646334352-8,151303,DevelopmentalMath,,UnpaidInternship,AdvancedPlacement,060940,6,,,600,,Honors,,,,8,,2015-07-07,9cc4d001-f4b2-43ac-ba2b-455ee8355702,93,15,orci
516491653-3,798515039-0,160901,DevelopmentalMath,,,DualCredit,062539,2,,Broadcast,820W,00588,Honors,,,,6,false,2015-12-15,c5f84816-f02d-4a14-938e-2583bb4f630e,36,52,ultrices
337715494-9,044763504-2,301101,DevelopmentalEnglishReading,,,CTE,083732,9,AdvancedPlacement,IndependentStudy,,00588,Honors,,,,2,,2015-10-14,22c3450b-97e8-4cbb-b3c6-9343c028ff07,75,67,molestie
330536775-X,500745386-2,,DevelopmentalReading,,ClinicalWork,QualifiedAdmission,,8,LowerDivision,EarlyCollege,5501N,,,Correspondence,,,9,true,2015-09-12,420aa099-f8d2-4b3f-991d-791a87c0b8f5,66,27,augue
650143110-7,131252118-X,131203,DevelopmentalEnglishReading,,,Admission,074151,14,UpperDivision,,350,00589,HonorsOption,ApprenticeshipExternship,,,10,false,2015-11-02,3954a36f-6cc2-4676-b047-15904c025f17,95,56,vestibulum
880373618-2,013416948-4,131205,DevelopmentalMath,,SupervisedAgricultural,Admission,030494,9,NonAcademic,Broadcast,,00587,,,Common Core,NotSingleSex,1,true,2015-08-12,ad87f915-b7ac-4c13-87ea-b0fee0129a83,90,65,ultrices
602798662-X,637188061-6,90701,DevelopmentalOther,Applicable,Apprenticeship,QualifiedAdmission,041990,6,Regents,Online,800,,HonorsOption,ApprenticeshipExternship,,,7,,2015-02-06,28940289-458d-44ca-b16b-9359a1b92e57,53,29,amet
853539183-5,781198474-1,240101,DevelopmentalReading,Weighted,,InternationalBaccalaureate,092580,4,Vocational,BlendedLearning,01H,00596,HonorsOption,Videotape,,,10,true,2015-11-01,3cb4a17f-2ce7-45f6-ab4a-eb846573bc7d,83,96,suspendisse
996651913-0,578408187-X,190708,DevelopmentalMath,NotApplicable,NonPaidInternship,Admission,,3,,,720,00592,,,,,7,,2015-06-05,bbf3a3e7-b5f1-4888-a475-4f676cba5539,49,67,ornare
570009248-4,790474867-3,110901,DevelopmentalOther,,Other,STEM,,10,AdultBasic,Correspondence,349T,,,FieldStudy,,,7,,2015-08-17,313be899-465a-4d11-8808-f61ea334f1c9,85,5,rutrum
541308365-3,559427115-5,131209,DevelopmentalReading,,NonPaidInternship,DualCredit,,9,Basic,FaceToFace,449,,,Internship,,,2,,2015-09-17,e1e1ac3f-f050-4daf-9de6-8b8c9641e17d,38,78,quisque
833459863-7,911398098-X,110901,DevelopmentalOther,,NonPaidInternship,ApprenticeshipCredit,,17,,,449,00595,HonorsOption,OtherDistanceLearning,,,2,,2015-12-20,c57e0a8e-452a-4382-9cf6-807fb8ce2ca0,96,98,dui
010168654-4,603038551-8,90101,DevelopmentalEnglishReading,Applicable,NonPaidInternship,Other,,15,,,720,00600,Honors,PrivateStudy,,,3,,2015-08-30,44932aa5-ac35-4ae9-9c91-405c5e91f265,66,89,ipsum
135562950-0,646334352-8,151301,DevelopmentalEnglishReading,,PaidInternship,DualCredit,,2,GraduateProfessional,AudioVideo,,00586,,Audiotape,,,4,,2015-12-29,3bb792fd-551e-4828-8231-f2a47520ba30,9,10,lacinia
408761067-5,881434961-4,240101,,,,Admission,,10,,Online,,,,,,,1,,2015-01-06,2808b6fb-8c69-40a0-8922-0157915a89b3,25,48,quam
560546128-1,363137960-9,190709,DevelopmentalMath,,SupervisedAgricultural,Admission,081336,6,Basic,Correspondence,,,HonorsOption,,,,3,,2015-08-13,17a7242a-caba-4b58-85ac-d2e7363cb584,76,56,lacus
382882984-8,464461611-7,170506,DevelopmentalReading,,UnpaidInternship,STEM,,6,InternationalBaccalaureate,BlendedLearning,,,HonorsOption,,,,2,,2015-02-10,28940289-458d-44ca-b16b-9359a1b92e57,45,46,vestibulum
934040135-2,652010128-1,240101,DevelopmentalEnglishReading,,UnpaidInternship,CTEAndAcademic,,1,,,800,00590,,ClinicalRotationInstruction,,,1,,2015-10-09,ad2720a0-a9bd-4481-baa1-fdd85509bc3f,31,49,platea
023689117-0,381542460-7,150404,DevelopmentalReading,,,InternationalBaccalaureate,,7,Dual,,900,00587,,SelfPaced,,,6,,2015-04-25,22c3450b-97e8-4cbb-b3c6-9343c028ff07,67,85,quisque
110762226-3,630566007-7,10204,DevelopmentalMath,,,Other,,14,Vocational,Online,,00595,Honors,,,,1,,2015-10-21,44932aa5-ac35-4ae9-9c91-405c5e91f265,6,98,mauris
753996488-X,932879859-0,131001,DevelopmentalEnglishReading,,NonPaidInternship,Admission,,19,Honors,,299N,09999,HonorsOption,,,,1,,2015-05-27,5aead67a-4b5e-47bc-a16e-ec6c75bfb273,53,37,nec
622845318-1,376098980-2,270101,,,JobShadowing,ApprenticeshipCredit,,18,GraduateProfessional,Online,219W,00589,HonorsOption,,,,8,false,2015-11-18,327c9157-cadf-4d5e-95af-7be193f62fee,92,59,aenean
889450592-8,473296804-X,110601,DevelopmentalOther,NotApplicable,CooperativeEducation,DualCredit,,2,,BlendedLearning,600,,,,,,10,true,2015-01-18,944740ac-e389-4020-b987-cd194f036ece,65,85,tempor
784585427-1,788104401-2,150899,DevelopmentalEnglishReading,,NonPaidInternship,DualCredit,,16,Vocational,Online,820W,00585,,,,,1,,2015-01-25,ae3ced9c-ef46-4ecd-88d7-f99ed7dcd45b,70,93,potenti
151083374-9,603038551-8,131202,DevelopmentalMath,,Mentorship,InternationalBaccalaureate,,11,GiftedTalented,BlendedLearning,100W,,HonorsOption,,,,3,,2015-05-10,b87e7389-1e0f-4104-a422-8fcb94099039,1,77,pellentesque
240885484-9,929472600-2,,DevelopmentalMath,,Other,Admission,,16,Honors,EarlyCollege,349T,00590,,,,,3,,2015-05-15,a5a25691-3b35-4d5c-9159-a4542a7125a1,22,92,semper
511757394-3,424270379-1,240101,DevelopmentalEnglishReading,,JobShadowing,StateScholarship,021697,2,Regents,,820H,00597,,SelfPaced,,,2,,2015-04-10,12cb9a9a-6fea-4196-805e-632f9850ac41,42,94,turpis
773474822-8,473592422-1,230101,DevelopmentalEnglishReading,Applicable,ServiceLearning,Admission,,14,GraduateProfessional,EarlyCollege,350,,HonorsOption,,,,9,true,2015-03-05,3f6b3d44-b8f7-4cf4-9534-b0553bf49261,97,31,nullam
348599878-8,088201775-6,180701,DevelopmentalOther,,CooperativeEducation,AdvancedPlacement,074848,18,NonAcademic,IndependentStudy,5002W,00587,,,,,2,,2015-01-06,793aaeb5-7378-450c-9b29-ef7998ffe313,44,47,varius
042842374-4,501586336-5,131001,,,,ApprenticeshipCredit,,9,UpperDivision,,100W,00590,HonorsOption,,,,1,,2014-12-31,2808b6fb-8c69-40a0-8922-0157915a89b3,93,40,in
180304586-8,860683181-6,110201,DevelopmentalEnglishReading,Applicable,,Admission,,6,AdvancedPlacement,,325T,,,Practicum,,,8,,2015-06-17,c409a561-2d2d-4a02-bb77-f9de8183584a,70,58,arcu
209835830-X,501586336-5,309999,DevelopmentalMath,,,STEM,,2,,Online,,00586,HonorsOption,,,,3,,2015-09-23,c9c5d381-1943-452b-b103-fba9967730f4,81,76,in
517991511-2,237257325-X,,DevelopmentalReading,,CooperativeEducation,Admission,,1,Vocational,Correspondence,,00599,HonorsOption,,Common Core,NotSingleSex,10,,2015-05-03,b87e7389-1e0f-4104-a422-8fcb94099039,4,90,consequat
890201278-6,799040161-4,,DevelopmentalMath,Applicable,SupervisedAgricultural,CTEAndAcademic,,20,,,,,HonorsOption,Television,,,4,,2015-12-08,e81762f9-7260-4cb5-b3e7-1cb616675692,60,41,duis
455742901-7,013416948-4,131316,DevelopmentalEnglishReading,,NonPaidInternship,DualCredit,016856,12,UpperDivision,Broadcast,600,,,Videotape,,,6,,2015-06-21,a5a25691-3b35-4d5c-9159-a4542a7125a1,76,72,ipsum
168845369-5,756203194-0,230801,DevelopmentalMath,,Other,QualifiedAdmission,098012,9,Dual,IndependentStudy,,00589,HonorsOption,FieldStudy,,,6,,2015-03-10,97a5beb6-20ae-4267-9bc5-51915b0a4096,28,41,sed
273076876-9,428225164-6,150403,DevelopmentalMath,,ClinicalWork,QualifiedAdmission,,1,Honors,,,00596,,InternetInstruction,,,1,,2015-03-06,b428d6e4-7e60-404f-b59c-e9d4558bf94d,94,11,fusce
649290833-3,279650607-X,110101,DevelopmentalOther,,PaidInternship,CTE,,19,Vocational,Broadcast,900,,,,,,2,,2015-10-08,793aaeb5-7378-450c-9b29-ef7998ffe313,58,93,justo
897933789-2,185384634-1,90101,DevelopmentalOther,,UnpaidInternship,Admission,035688,15,,Broadcast,,,,,,,2,,2015-09-21,10c41b1a-e922-40f3-a7f8-de0d60780f3c,1,11,blandit
890560608-3,806043916-2,90401,DevelopmentalEnglishReading,,,CTE,,12,AdvancedPlacement,,900,,Honors,,,,6,,2015-05-30,6c548218-4ba9-45e4-8407-2276e67b7fc3,1,47,at
608446111-5,289332335-9,,DevelopmentalEnglishReading,,OnTheJob,Admission,087782,7,Dual,AudioVideo,600,,,,,,1,,2015-03-04,dd8d59f2-453f-4f06-87e2-afa30d0799ab,7,66,id
276368439-4,588242769-X,151399,DevelopmentalMath,NotApplicable,PaidInternship,StateScholarship,,17,AdvancedPlacement,Broadcast,219W,00600,Honors,,,,5,,2015-01-29,6c548218-4ba9-45e4-8407-2276e67b7fc3,64,17,rutrum
269264291-0,128074000-0,130101,DevelopmentalReading,Applicable,UnpaidInternship,ApprenticeshipCredit,098458,5,Honors,,,00597,Honors,InternetInstruction,,,6,true,2015-01-16,f590235a-4760-432f-a6b7-c9672256b1fb,51,7,quisque
204017539-3,588242769-X,,DevelopmentalMath,Applicable,ServiceLearning,InternationalBaccalaureate,,7,Accelerated,EarlyCollege,,,Honors,,,,7,,2015-03-14,aa12a04b-8018-403b-8f8c-0373591c8619,16,96,justo
633857804-3,603038551-8,240101,DevelopmentalReading,,Apprenticeship,StateScholarship,,7,,Correspondence,219W,00596,,Television,,,10,,2015-10-13,831249ff-fd3a-4eb5-a07f-6b81891457c8,8,32,integer
248062630-X,153277669-1,151201,,NotApplicable,JobShadowing,InternationalBaccalaureate,,6,GiftedTalented,FaceToFace,219W,,,Correspondence,Common Core,NotSingleSex,2,,2015-12-14,ad87f915-b7ac-4c13-87ea-b0fee0129a83,34,41,velit
419225964-8,798987556-X,310501,,,OnTheJob,STEM,085747,14,SpecialEducation,,,09999,HonorsOption,,,,1,,2015-10-04,e812b3ee-1eb9-4693-b060-788d95ef2882,1,24,tellus
399961431-5,041569515-5,59999,DevelopmentalOther,,,CTE,,20,,Broadcast,4501H,,HonorsOption,Correspondence,,,3,,2015-12-27,3f6b3d44-b8f7-4cf4-9534-b0553bf49261,21,97,morbi
804486371-0,949021851-0,,,,Mentorship,InternationalBaccalaureate,006798,13,Basic,Correspondence,800,00585,,,,,2,,2015-09-20,412932e8-568e-4fcd-9bd7-e8e99323be79,13,20,laoreet
867209183-3,585630451-9,110801,DevelopmentalOther,,,Admission,,20,NonAcademic,Online,,,,Correspondence,,,9,,2015-12-18,5aead67a-4b5e-47bc-a16e-ec6c75bfb273,91,37,viverra
974207337-6,487941765-3,141901,DevelopmentalEnglishReading,,PaidInternship,QualifiedAdmission,091091,12,InternationalBaccalaureate,Correspondence,609,,,Television,,,5,,2015-07-03,c57e0a8e-452a-4382-9cf6-807fb8ce2ca0,35,45,vivamus
433341963-8,825226289-9,,DevelopmentalEnglishReading,,OnTheJob,CTEAndAcademic,015024,1,CollegePreparatory,IndependentStudy,820H,,,Laboratory,,,4,,2015-04-29,97a5beb6-20ae-4267-9bc5-51915b0a4096,99,74,congue
000233110-1,895933605-X,110401,DevelopmentalEnglishReading,,ClinicalWork,DualCredit,008200,6,,BlendedLearning,,,Honors,,Common Core,MaleOnly,6,,2015-01-13,367fc4b6-5dcb-4ec4-9598-56463a03c952,49,26,lectus
720238965-7,275207552-9,,DevelopmentalMath,,ClinicalWork,CTEAndAcademic,,6,UpperDivision,Online,,,,,,,2,,2015-12-20,d12ed33c-13e9-4d6d-8cf5-799862cf5f5e,54,100,nullam
200631566-8,842371983-9,140101,,,,DualCredit,,2,UpperDivision,Online,324V,,Honors,Seminar,,,1,,2015-10-07,0453a2dd-8944-4def-9727-46c2a7103623,98,97,elit
685382576-4,759828114-9,190101,DevelopmentalReading,Weighted,ClinicalWork,Other,,16,,,5002W,,Honors,OtherDistanceLearning,,,9,,2015-10-10,e812b3ee-1eb9-4693-b060-788d95ef2882,100,25,lacus
173658442-1,922351590-4,140201,DevelopmentalReading,,Apprenticeship,Admission,096534,8,,,,00588,,,,,3,,2015-02-02,04da1d41-a12b-4c0b-ab23-7fd8a421f541,17,55,porta
237962093-8,451817844-0,310504,DevelopmentalReading,Weighted,UnpaidInternship,InternationalBaccalaureate,,20,AdvancedPlacement,Correspondence,820N,,,ComputerBasedInstruction,,,10,,2015-02-01,bd9567e7-7c5f-4215-8958-d342f349468b,88,28,ut
832288885-6,025591495-4,240101,DevelopmentalOther,,PaidInternship,AdvancedPlacement,,9,,Correspondence,324V,00595,,PrivateStudy,,,3,,2015-07-15,2808b6fb-8c69-40a0-8922-0157915a89b3,70,91,in
779919714-5,473296804-X,120503,DevelopmentalMath,,ServiceLearning,QualifiedAdmission,,15,CollegePreparatory,,,00597,,Lecture,,,9,false,2015-11-30,49d5aa12-0d25-4de8-bc69-9ba8a8c7d8bb,8,95,interdum
568844596-3,331948522-9,150000,DevelopmentalReading,,Other,InternationalBaccalaureate,073622,20,,BlendedLearning,800,00597,,Correspondence,,,4,,2015-10-13,c57e0a8e-452a-4382-9cf6-807fb8ce2ca0,43,68,nisl
439879670-3,288642995-3,240101,DevelopmentalReading,Weighted,,StateScholarship,,14,,Broadcast,,00601,,,Common Core,NotSingleSex,3,,2015-08-12,223da7a6-c6d4-456e-8213-7e2fcdced071,73,97,dapibus
683837539-7,184621373-8,,DevelopmentalOther,,PaidInternship,DualCredit,,13,TechnicalPreparatory,,,,HonorsOption,Laboratory,,,10,,2015-12-11,327c9157-cadf-4d5e-95af-7be193f62fee,18,93,luctus
965085350-2,158247403-6,110301,DevelopmentalOther,,CooperativeEducation,AdvancedPlacement,050343,7,,Online,900,00601,,,,,6,,2015-04-26,97a5beb6-20ae-4267-9bc5-51915b0a4096,21,100,lorem
063789000-0,294983056-0,30299,DevelopmentalOther,,JobShadowing,QualifiedAdmission,,19,GiftedTalented,AudioVideo,820H,,HonorsOption,ClinicalRotationInstruction,,,1,,2015-11-15,793aaeb5-7378-450c-9b29-ef7998ffe313,59,51,ac
028860202-1,855531369-4,131205,DevelopmentalReading,,SupervisedAgricultural,ApprenticeshipCredit,,1,,Correspondence,,,Honors,Seminar,,,7,true,2015-02-07,367fc4b6-5dcb-4ec4-9598-56463a03c952,1,73,erat
726226784-1,000345207-7,300101,DevelopmentalMath,NotApplicable,JobShadowing,StateScholarship,058326,6,CollegeLevel,Correspondence,600,,Honors,,,,3,,2015-03-02,5aead67a-4b5e-47bc-a16e-ec6c75bfb273,72,72,dolor
827035173-3,213771822-7,260406,DevelopmentalMath,,ServiceLearning,DualCredit,030790,15,,Correspondence,,,,Television,,,7,,2015-09-13,12cb9a9a-6fea-4196-805e-632f9850ac41,94,19,dui
858410101-2,893404945-6,151001,DevelopmentalEnglishReading,,SupervisedAgricultural,InternationalBaccalaureate,,16,AdultBasic,Broadcast,,00589,HonorsOption,,,,5,,2015-12-23,5709ebe8-7853-4335-a25f-f12763018932,48,23,potenti
329509475-6,806042510-2,110103,DevelopmentalOther,,PaidInternship,STEM,,13,NonAcademic,,300V,,HonorsOption,,,,9,,2015-03-17,c874a66c-1076-4195-aff2-03b6f24ff83c,3,40,curae
297453761-8,798515039-0,130101,DevelopmentalEnglishReading,Applicable,Mentorship,Other,,10,AdvancedPlacement,Broadcast,,,HonorsOption,Television,,,8,,2015-03-20,c9c5d381-1943-452b-b103-fba9967730f4,44,63,in
022798545-1,967936085-7,131202,DevelopmentalMath,,ClinicalWork,CTEAndAcademic,042691,16,,AudioVideo,820N,00595,Honors,,,,5,,2015-02-16,313be899-465a-4d11-8808-f61ea334f1c9,72,9,platea
969925802-0,912484561-2,110201,DevelopmentalEnglishReading,,PaidInternship,Other,,7,,,820N,,,,,,8,,2015-09-29,223da7a6-c6d4-456e-8213-7e2fcdced071,56,23,vel
630503067-7,875626550-6,240103,DevelopmentalMath,Applicable,ServiceLearning,CTE,,19,Basic,Correspondence,449,00601,,Practicum,,,1,,2015-07-15,1e62ebc1-0b56-4a39-b769-17b973895502,61,73,convallis
682689052-6,875626550-6,159999,DevelopmentalReading,NotApplicable,,STEM,,20,,FaceToFace,01H,00587,HonorsOption,Seminar,Common Core,MaleOnly,7,false,2015-07-19,1904da1a-be78-41c8-a658-935326105b48,87,16,hac
745728510-5,239265090-X,240101,DevelopmentalEnglishReading,,NonPaidInternship,InternationalBaccalaureate,,19,,BlendedLearning,,,,,,,4,,2015-08-05,c57e0a8e-452a-4382-9cf6-807fb8ce2ca0,62,63,tincidunt
410708615-1,558981322-0,20201,DevelopmentalMath,,ClinicalWork,CTE,,15,InternationalBaccalaureate,AudioVideo,299N,00589,,PracticeTeaching,,,7,,2015-04-06,793aaeb5-7378-450c-9b29-ef7998ffe313,99,37,augue
301475222-3,749258331-1,130401,DevelopmentalReading,,ServiceLearning,DualCredit,091980,6,,Broadcast,,,,,,,4,,2015-07-19,44932aa5-ac35-4ae9-9c91-405c5e91f265,87,88,cursus
005027284-5,893404945-6,131210,DevelopmentalEnglishReading,Applicable,,DualCredit,,20,GiftedTalented,,5501N,00588,HonorsOption,Residency,,,7,true,2015-06-06,1a4f2ec1-6570-40e6-996e-96302b893eeb,88,65,ut
669978242-8,630165359-9,120402,DevelopmentalOther,Weighted,Mentorship,ApprenticeshipCredit,,8,AdultBasic,BlendedLearning,,00596,,PrivateStudy,,,9,,2015-04-03,420aa099-f8d2-4b3f-991d-791a87c0b8f5,96,23,mi
181087072-0,922351590-4,90101,DevelopmentalEnglishReading,,Mentorship,StateScholarship,,7,,AudioVideo,100W,00599,Honors,FieldStudy,,,3,true,2015-06-07,223da7a6-c6d4-456e-8213-7e2fcdced071,16,94,erat
219650906-X,899068101-4,,DevelopmentalOther,Applicable,PaidInternship,CTEAndAcademic,,13,,AudioVideo,,00600,HonorsOption,WorkStudy,,,6,,2015-10-02,76512543-4064-490b-92e3-6843f545c861,95,21,tellus
601551314-4,088701914-5,,DevelopmentalMath,NotApplicable,ServiceLearning,StateScholarship,,10,,Online,,00596,HonorsOption,InteractiveVideo,,,1,,2015-05-02,10c41b1a-e922-40f3-a7f8-de0d60780f3c,75,1,elementum
264636653-1,893404945-6,150607,,,Mentorship,CTE,038741,7,Honors,,219W,,HonorsOption,Laboratory,,,2,,2015-09-19,c5f84816-f02d-4a14-938e-2583bb4f630e,60,52,magna
307935168-1,043530216-7,190101,DevelopmentalOther,,,DualCredit,039461,8,TechnicalPreparatory,,,,,,,,3,,2015-01-15,6c548218-4ba9-45e4-8407-2276e67b7fc3,100,41,suscipit
263126621-8,806042510-2,110601,DevelopmentalOther,,Mentorship,DualCredit,,7,,Correspondence,,,,,,,5,,2015-05-12,12e234e8-57a6-4643-a03e-f65c19a1d93a,34,12,id
257196008-3,239265090-X,,DevelopmentalMath,,Other,DualCredit,,17,Dual,BlendedLearning,300V,73062,,,,,1,,2015-08-09,1e62ebc1-0b56-4a39-b769-17b973895502,52,10,semper
325824196-1,376098980-2,10105,DevelopmentalReading,NotApplicable,ClinicalWork,StateScholarship,,12,,EarlyCollege,820N,,HonorsOption,,,,2,,2015-06-04,f53a505e-f7da-443e-a2e7-e4bd5b63723b,11,14,ac
839667942-8,746114174-0,90101,DevelopmentalReading,,ClinicalWork,AdvancedPlacement,,10,Remedial,,324V,09999,HonorsOption,,,,4,,2015-09-13,3bb792fd-551e-4828-8231-f2a47520ba30,33,52,ut
392242276-4,829020168-0,131202,DevelopmentalReading,,CooperativeEducation,CTEAndAcademic,,16,Accelerated,,,00595,,,,,5,true,2015-10-06,abc8277b-7b46-47c3-868a-09db3bca5d29,97,84,magnis
671448471-2,646334352-8,160102,,,ClinicalWork,STEM,,9,GiftedTalented,BlendedLearning,325T,,,,,,3,,2015-08-13,313be899-465a-4d11-8808-f61ea334f1c9,92,15,ultrices
116568890-5,710295234-1,130101,,,SupervisedAgricultural,ApprenticeshipCredit,,17,AdvancedPlacement,BlendedLearning,324V,00585,,Videotape,Common Core,FemaleOnly,4,,2015-08-17,c874a66c-1076-4195-aff2-03b6f24ff83c,86,9,duis
236268551-9,749258331-1,240101,,,,Admission,,17,UpperDivision,BlendedLearning,,00592,Honors,ApprenticeshipExternship,,,5,,2015-06-08,04da1d41-a12b-4c0b-ab23-7fd8a421f541,64,75,odio
073998532-9,990540316-7,131205,DevelopmentalMath,,NonPaidInternship,Admission,,14,Remedial,,700,,,PrivateStudy,,,9,,2015-07-31,2808b6fb-8c69-40a0-8922-0157915a89b3,51,38,aliquam
747024906-0,455524897-X,11001,DevelopmentalMath,,PaidInternship,CTEAndAcademic,033144,8,Accelerated,FaceToFace,325T,00591,HonorsOption,,,,10,true,2015-08-29,0453a2dd-8944-4def-9727-46c2a7103623,25,58,tellus
809300239-1,703710828-6,140101,DevelopmentalReading,,Mentorship,STEM,,4,InternationalBaccalaureate,IndependentStudy,600,,,,,,5,,2015-02-23,793aaeb5-7378-450c-9b29-ef7998ffe313,65,34,amet
451655052-0,382887253-0,100304,DevelopmentalEnglishReading,Applicable,PaidInternship,Admission,064155,19,GraduateProfessional,Broadcast,300V,,HonorsOption,,,,9,,2015-08-10,baf4c4e4-0e2c-468d-8638-6a8ae3f0b729,7,62,nam
080220912-2,239946360-9,131205,DevelopmentalOther,,CooperativeEducation,InternationalBaccalaureate,,18,CollegePreparatory,BlendedLearning,325T,00595,,,,,6,,2015-07-05,abc8277b-7b46-47c3-868a-09db3bca5d29,12,44,aenean
412905419-8,382887253-0,,DevelopmentalOther,,Apprenticeship,DualCredit,057054,4,Honors,,,,,,,,4,,2015-09-02,e7a23c81-b6bc-43e6-8d91-bd51989eba16,74,4,et
684581219-5,455524897-X,270101,DevelopmentalOther,,JobShadowing,ApprenticeshipCredit,,17,,IndependentStudy,919,00589,HonorsOption,,Common Core,MaleOnly,4,,2015-02-20,64b714e4-80bf-44cb-b6d0-e2d52b2ae244,88,49,scelerisque
352192107-7,787622989-1,131326,,Applicable,UnpaidInternship,CTE,,12,,Online,700,00600,HonorsOption,,,,4,,2015-09-15,dd8d59f2-453f-4f06-87e2-afa30d0799ab,16,82,tellus
054717664-3,382599392-2,260101,DevelopmentalEnglishReading,Weighted,,QualifiedAdmission,008510,15,Honors,Correspondence,349T,,,,,,5,,2015-02-10,1e62ebc1-0b56-4a39-b769-17b973895502,17,86,eget
678580910-X,363641725-8,150303,DevelopmentalMath,,SupervisedAgricultural,DualCredit,,15,TechnicalPreparatory,Broadcast,220N,09999,,InternetInstruction,,,1,,2015-10-22,5aead67a-4b5e-47bc-a16e-ec6c75bfb273,70,80,habitasse
048515293-2,389225585-7,110301,DevelopmentalReading,,CooperativeEducation,STEM,,19,GraduateProfessional,EarlyCollege,820N,,Honors,InternetInstruction,,,10,,2015-11-17,01695415-6e34-4061-b124-435804772176,18,86,sit
392114150-8,282457313-9,120599,DevelopmentalEnglishReading,,Mentorship,StateScholarship,099455,5,AdultBasic,,324V,00589,,SelfPaced,,,10,true,2015-04-08,944740ac-e389-4020-b987-cd194f036ece,38,37,quis
098341590-0,699491304-X,131324,DevelopmentalOther,,SupervisedAgricultural,CTEAndAcademic,,4,SpecialEducation,,720,00587,,,,,3,,2015-01-07,ad2720a0-a9bd-4481-baa1-fdd85509bc3f,14,48,velit
583795505-4,900720894-2,270101,,NotApplicable,,DualCredit,,10,Accelerated,,350,00592,,IndependentStudy,,,10,,2015-03-14,2808b6fb-8c69-40a0-8922-0157915a89b3,80,31,diam
293795258-5,560376086-9,231001,DevelopmentalEnglishReading,,PaidInternship,QualifiedAdmission,049487,2,InternationalBaccalaureate,,600,00590,HonorsOption,OtherDistanceLearning,,,9,,2015-09-21,420aa099-f8d2-4b3f-991d-791a87c0b8f5,8,81,ac
964902677-0,802720486-0,131302,DevelopmentalOther,,ServiceLearning,InternationalBaccalaureate,,7,AdultBasic,,,,Honors,,,,5,,2015-12-03,3cb4a17f-2ce7-45f6-ab4a-eb846573bc7d,58,96,enim
428749963-8,881305856-X,240101,DevelopmentalReading,,Mentorship,DualCredit,,4,,IndependentStudy,,,HonorsOption,Audiotape,,,1,,2015-06-29,d12ed33c-13e9-4d6d-8cf5-799862cf5f5e,78,91,semper
354110947-5,535754600-2,142701,DevelopmentalReading,,,Other,,19,Honors,FaceToFace,299N,,,,,,1,,2015-04-15,fe9398eb-5e33-4eb8-b3f6-e0c47c6f9515,24,50,adipiscing
180653370-7,150602330-4,110201,,,NonPaidInternship,CTE,,15,,Broadcast,820,00592,,Residency,,,8,,2015-12-01,97a5beb6-20ae-4267-9bc5-51915b0a4096,36,10,aliquet
099133450-7,316195789-X,160901,DevelopmentalReading,,ClinicalWork,InternationalBaccalaureate,037488,1,Vocational,Online,449,00586,HonorsOption,WorkStudy,,,10,,2015-10-03,3c6afecf-cd12-460d-ad19-1febf4544de7,42,87,nunc
110361285-9,294983056-0,160905,DevelopmentalMath,,Apprenticeship,StateScholarship,,7,,Correspondence,,,,Practicum,,,4,true,2015-04-24,76512543-4064-490b-92e3-6843f545c861,27,86,amet
321807859-8,842371983-9,,DevelopmentalOther,,Mentorship,StateScholarship,010933,1,CollegePreparatory,AudioVideo,,00588,,,,,3,,2015-06-16,abc8277b-7b46-47c3-868a-09db3bca5d29,18,20,urna
299032692-8,751358972-0,131005,DevelopmentalReading,,Apprenticeship,CTEAndAcademic,023973,20,Basic,AudioVideo,100W,,Honors,,,,9,,2015-08-22,76512543-4064-490b-92e3-6843f545c861,61,15,magna
744222821-6,353749097-6,,DevelopmentalOther,NotApplicable,JobShadowing,CTE,,16,,BlendedLearning,325T,,HonorsOption,,,,2,,2015-11-24,b428d6e4-7e60-404f-b59c-e9d4558bf94d,31,34,malesuada
163148569-5,646334352-8,90401,DevelopmentalEnglishReading,,ClinicalWork,AdvancedPlacement,,5,UpperDivision,BlendedLearning,,00590,,Correspondence,,,6,,2015-05-01,44932aa5-ac35-4ae9-9c91-405c5e91f265,27,28,diam
575553906-5,480555909-8,,,NotApplicable,ServiceLearning,STEM,,1,AdvancedPlacement,Correspondence,325T,73062,Honors,WorkStudy,,,2,true,2015-07-23,baf4c4e4-0e2c-468d-8638-6a8ae3f0b729,61,19,orci
196194462-6,173465261-6,190702,DevelopmentalReading,,Other,CTE,,16,CollegeLevel,,609,00591,HonorsOption,,Common Core,MaleOnly,2,,2015-02-04,7ef6b657-e7ff-46f4-828d-fb8b0ea8be91,33,29,turpis
449277494-7,925616740-9,,DevelopmentalMath,,CooperativeEducation,STEM,023261,6,Basic,,,73062,,,,,1,,2015-09-06,5ab6c205-c3ae-4b26-8738-6f07a25a287f,85,49,faucibus
182069893-9,086115254-9,,DevelopmentalOther,,CooperativeEducation,CTE,,14,Honors,,,00595,,InteractiveVideo,,,10,,2015-07-18,f53a505e-f7da-443e-a2e7-e4bd5b63723b,52,37,lobortis
968029704-7,424270379-1,141901,DevelopmentalMath,,Other,CTEAndAcademic,,20,,,820N,00600,,ApprenticeshipExternship,,,4,false,2015-06-03,ad87f915-b7ac-4c13-87ea-b0fee0129a83,25,37,arcu
682922673-2,022191336-X,130301,DevelopmentalOther,,ServiceLearning,StateScholarship,,18,Basic,Correspondence,,,HonorsOption,,,,7,,2015-11-24,bd9567e7-7c5f-4215-8958-d342f349468b,25,79,etiam
192102490-9,482171136-2,270301,DevelopmentalReading,,,StateScholarship,,11,,Correspondence,900,,Honors,,Common Core,NotSingleSex,5,,2015-01-27,3bb792fd-551e-4828-8231-f2a47520ba30,4,69,ante
901065491-5,999420136-0,260101,DevelopmentalMath,,NonPaidInternship,ApprenticeshipCredit,,13,Remedial,IndependentStudy,,,,ApprenticeshipExternship,,,5,,2015-05-23,aa12a04b-8018-403b-8f8c-0373591c8619,71,55,eu
376734966-3,636363474-1,,,Applicable,Apprenticeship,STEM,075268,2,,AudioVideo,,,Honors,,,,4,,2015-08-19,76512543-4064-490b-92e3-6843f545c861,94,27,lectus
892352823-4,619064914-9,100202,DevelopmentalReading,,Apprenticeship,Admission,,8,,FaceToFace,349T,,HonorsOption,FieldStudy,Common Core,MaleOnly,9,,2015-10-30,420aa099-f8d2-4b3f-991d-791a87c0b8f5,48,97,ac
550235267-6,716209254-3,309999,DevelopmentalOther,Weighted,PaidInternship,QualifiedAdmission,016027,12,Accelerated,IndependentStudy,,,,ClinicalRotationInstruction,,,2,,2015-07-18,c874a66c-1076-4195-aff2-03b6f24ff83c,90,35,libero
451541178-0,389597149-9,40401,DevelopmentalReading,,PaidInternship,Other,089947,15,CollegePreparatory,,,00587,Honors,,,,9,,2015-10-15,1904da1a-be78-41c8-a658-935326105b48,90,62,sagittis
690761502-9,852299638-5,,DevelopmentalReading,,OnTheJob,AdvancedPlacement,,15,Basic,IndependentStudy,219W,00595,,CooperativeEducation,,,1,,2015-02-19,313be899-465a-4d11-8808-f61ea334f1c9,90,62,libero
568037390-4,797926013-9,110901,DevelopmentalMath,,OnTheJob,STEM,,14,Accelerated,Broadcast,,00595,,,,,8,,2015-10-30,1837aef4-da98-4760-8b9c-d5f9804da966,2,65,parturient
517017955-3,546901143-7,240102,DevelopmentalOther,,NonPaidInternship,STEM,,2,,Broadcast,,,,PracticeTeaching,,,10,,2015-08-09,10c41b1a-e922-40f3-a7f8-de0d60780f3c,78,4,venenatis
290425854-X,480555909-8,190501,DevelopmentalMath,,OnTheJob,StateScholarship,056161,6,AdultBasic,EarlyCollege,820N,,Honors,Videotape,,,7,,2015-02-07,657f5f4d-afef-4c88-bc18-51420593bf51,18,86,rutrum
839905385-6,517766962-9,260615,DevelopmentalEnglishReading,Applicable,,ApprenticeshipCredit,,13,GraduateProfessional,,,00589,HonorsOption,InternetInstruction,,,8,true,2015-01-29,abc8277b-7b46-47c3-868a-09db3bca5d29,33,5,pulvinar
578522419-4,294983056-0,,DevelopmentalReading,,CooperativeEducation,Admission,,16,Regents,,,,Honors,Lecture,,,8,,2015-10-31,64b714e4-80bf-44cb-b6d0-e2d52b2ae244,59,27,aliquet
494102495-8,389225585-7,301901,DevelopmentalEnglishReading,,PaidInternship,STEM,,19,,Online,300V,73062,,Internship,,,5,,2015-02-23,420aa099-f8d2-4b3f-991d-791a87c0b8f5,9,69,semper
315019425-3,417542655-8,,DevelopmentalReading,,Apprenticeship,InternationalBaccalaureate,048633,5,,Correspondence,220N,,Honors,,Common Core,NotSingleSex,6,,2015-09-05,76512543-4064-490b-92e3-6843f545c861,23,47,interdum
734006341-2,463489977-9,,DevelopmentalMath,,SupervisedAgricultural,StateScholarship,,7,Remedial,,220N,00599,,Internship,Common Core,NotSingleSex,2,false,2015-11-04,5aead67a-4b5e-47bc-a16e-ec6c75bfb273,72,14,tincidunt
