ExternalId,CourseSectionExternalId,ClassBeginningTime,ClassEndingTime,ClassMeetingDays,InstructionSiteName,InstructionSiteType,ClassPeriod,TimeDayIdentifier,InstructionMethod
743118164-7,621182290-1,9:29 AM,2:00 AM,,Nikinci,StudyAbroad,,,
134322115-3,544919423-4,2:42 PM,3:18 AM,,Trang,OffCampus,,,
968223852-8,673805782-2,7:59 PM,10:29 PM,out-of-school,Täby,,,,
513990755-0,621428863-9,1:51 PM,3:26 AM,Monday-Friday,Haiyangsuo,Military,,,
328355910-4,867274809-3,11:34 PM,8:17 PM,,Carvalhinho,,,,
147540936-2,293795258-5,4:09 AM,6:28 PM,out-of-school,Uujim,StudyAbroad,morning,B,Videotape
059583540-6,399509511-9,11:31 AM,6:46 AM,M/W/F,Kihurio,,,,
454416515-6,832288885-6,4:44 AM,12:05 PM,Tues/Fri,Iperó,,,,
849081519-4,065228700-X,7:35 AM,9:30 AM,M/W/F,Garbów,Auxiliary,,,
549978732-8,285912620-1,8:39 AM,3:11 PM,,Chatturat,Correctional,,,
800482618-0,313412605-2,3:09 PM,1:45 AM,,Klášter,Auxiliary,,,
411896343-4,042842374-4,9:21 PM,3:12 AM,self-paced,,Auxiliary,sixth period,B,IndependentStudy
631286867-2,124499533-9,8:05 PM,7:08 PM,self-paced,Jauja,,sixth period,B,ComputerBasedInstruction
641560698-0,894387334-4,5:31 AM,2:27 PM,Tues/Thur,,OffCampus,,,
720380804-1,337715494-9,8:10 PM,9:55 PM,self-paced,Zhaocun,OffCampus,,,
187592024-2,313412605-2,12:44 AM,5:42 PM,M/W/F,Kiili,Military,,,
042835390-8,337715494-9,2:22 AM,12:01 PM,,Jinshanwei,Telecommunication,,,
195518347-3,065228700-X,12:52 PM,1:20 PM,,Megion,OnCampus,,,
538994262-0,354045650-3,9:35 PM,5:51 AM,,Tocha,,,,
465421678-2,653374730-4,7:52 PM,9:08 PM,,Monte,,,,
478281607-3,407410191-2,4:51 PM,1:10 PM,,San Clemente,ClinicHospital,,,
573545014-X,467349292-7,4:14 PM,2:07 AM,M/W/F,Zhoutou,Auxiliary,morning,A,ClinicalRotationInstruction
554344923-2,590427176-X,4:49 PM,5:04 AM,out-of-school,Shuangqiao,Telecommunication,,,
590727776-9,902976035-4,2:35 PM,10:30 AM,self-paced,Muarapinang,StudyAbroad,,,
375147467-6,742503034-9,6:47 AM,9:21 PM,self-paced,Non Sung,ClinicHospital,,,
077429646-1,018158973-7,12:00 PM,4:47 PM,Tues/Fri,,,,,
364495125-X,065228700-X,10:17 AM,2:52 AM,,Gangtun,ClinicHospital,,,
258207453-5,428749963-8,4:12 PM,8:25 AM,self-paced,Zhangjiaji,,,,
045244224-9,276368439-4,2:36 AM,11:34 AM,,Qianjiang,ClinicHospital,,,
751681481-4,718261683-1,6:15 PM,2:35 AM,out-of-school,Češinovo,Telecommunication,,,
205855304-7,082657331-2,12:31 PM,1:13 AM,M/W/F,Pittsburgh,Telecommunication,,,
764685300-3,853539183-5,8:02 AM,1:17 AM,Monday-Friday,Aime,,,,
916682921-6,882215335-9,1:43 AM,1:50 AM,,Koror Town,ClinicHospital,,,
935558035-5,173658442-1,11:17 AM,12:20 AM,out-of-school,Naebugis,Extension,,,
418943658-5,039598504-8,7:05 PM,10:27 PM,Monday-Friday,Qızılhacılı,,morning,A,Videotape
798261376-4,267576231-8,8:58 AM,2:12 AM,Monday-Friday,Kiili,Military,,,
511432469-1,755745993-8,11:04 AM,12:27 AM,self-paced,Kota Bharu,OffCampus,,,
941742625-7,578522419-4,7:57 AM,1:57 AM,Tues/Thur,Huainan,ClinicHospital,,,
678603661-9,258944866-X,2:50 AM,12:18 AM,,Stalís,StudyAbroad,,,
685762471-2,266114031-X,12:35 PM,1:05 AM,M/W/F,Lesnyye Polyany,OffCampus,,,
309432789-3,240885484-9,1:08 PM,2:06 PM,Tues/Thur,Karlskrona,Auxiliary,,,
332293409-8,451541178-0,9:22 AM,2:09 PM,,Sceaux,Telecommunication,,,
274934382-8,753996488-X,9:42 AM,9:29 AM,M/W/F,San Antonio,Telecommunication,,,
438217667-0,110361285-9,11:51 AM,5:02 AM,self-paced,Pingshui,,sixth period,B,SelfPaced
247066068-8,554781745-7,1:26 AM,9:31 PM,Tues/Fri,Sancha,ClinicHospital,,,
390864927-7,708003261-X,5:06 AM,5:28 PM,M/W/F,Parapat,,AB,A,PrivateStudy
943339545-X,348144434-6,2:45 PM,6:15 PM,self-paced,Sochaux,Correctional,,,
901505036-8,755745993-8,10:32 AM,8:30 AM,Monday-Friday,Krychaw,Extension,,,
008161760-7,880373618-2,9:22 AM,1:07 PM,Monday-Friday,Huanan,Military,,,
406791641-8,297453761-8,10:48 AM,3:41 PM,Monday-Friday,Mozhaysk,,,,
722089867-3,734006341-2,3:00 PM,8:21 AM,Tues/Fri,,ClinicHospital,,,
349347648-5,550235267-6,3:12 PM,1:34 AM,Monday-Friday,,,,,
246256045-9,410708615-1,9:13 PM,1:05 AM,M/W/F,Chai Badan,OnCampus,,,
097651445-1,008657056-0,12:42 AM,3:25 PM,,Lemery,Correctional,AB,B,Television
306708545-0,020050632-3,4:25 AM,12:22 PM,out-of-school,,Auxiliary,,,
136919238-X,685382576-4,10:42 PM,10:46 PM,M/W/F,Mountain View,ClinicHospital,,,
854650240-4,862711337-8,8:24 PM,12:58 PM,out-of-school,Ostravice,ClinicHospital,,,
591068194-X,210088213-9,11:52 AM,1:52 AM,,Łobez,Telecommunication,,,
981964960-9,203697046-X,3:14 PM,5:29 AM,out-of-school,Ríohacha,Auxiliary,,,
016294433-0,785785336-4,9:15 AM,5:32 AM,Tues/Fri,Lichengdao,,,,
746816719-2,536807994-X,11:19 PM,12:45 PM,out-of-school,Levandeira,Extension,,,
895820332-3,734006341-2,10:27 PM,5:05 PM,self-paced,Dolores,ClinicHospital,,,
878976682-2,677797081-9,9:03 PM,4:03 PM,self-paced,Sollebrunn,ClinicHospital,morning,B,ComputerBasedInstruction
605225572-2,593551749-3,8:24 PM,5:22 PM,out-of-school,Gaofeng,Auxiliary,sixth period,A,Audiotape
997922450-9,273952057-3,3:15 PM,10:04 PM,Tues/Thur,Yong’an,OffCampus,,,
173149031-3,054717664-3,7:01 PM,2:34 PM,,,StudyAbroad,,,
437154998-5,430115556-2,3:02 AM,7:57 PM,Monday-Friday,Requião,ClinicHospital,,,
329869611-0,315019425-3,8:36 AM,5:23 AM,out-of-school,Örebro,OffCampus,,,
089384265-6,494102495-8,5:37 AM,12:37 PM,Monday-Friday,El Puente,Extension,,,
307229126-8,285912620-1,11:30 PM,5:20 PM,Tues/Fri,Ar Ruways,StudyAbroad,,,
781721613-4,210088213-9,12:18 PM,1:34 AM,M/W/F,Sai,Auxiliary,,,
304968498-4,627014891-X,5:30 PM,11:06 AM,Monday-Friday,,Correctional,,,
117074934-8,201980070-5,6:59 AM,3:53 PM,Tues/Fri,KwaMbonambi,,,,
509826212-7,580867476-X,9:42 PM,10:23 AM,,Předměřice nad Labem,ClinicHospital,,,
433575380-2,647992875-X,3:55 PM,2:15 PM,out-of-school,Banjar Penyalin,,,,
852355347-9,784585427-1,4:50 PM,2:41 AM,M/W/F,Concepción,,,,
670129470-7,826104399-1,2:56 AM,4:31 AM,out-of-school,Stockholm,Military,,,
517546660-7,773474822-8,10:54 AM,3:29 AM,Monday-Friday,Obiaruku Quarters,StudyAbroad,,,
812248277-5,110361285-9,1:17 PM,7:19 AM,,Sainte-Marthe-sur-le-Lac,ClinicHospital,,,
418447373-3,734006341-2,8:23 PM,12:13 AM,self-paced,Mazatenango,Auxiliary,,,
543774040-9,354110947-5,12:33 AM,10:41 PM,Tues/Fri,Nizhniy Ufaley,StudyAbroad,,,
121823634-5,965085350-2,2:57 PM,8:43 AM,,,Auxiliary,,,
714470397-8,171284115-7,9:37 AM,9:47 AM,,Purorejo,StudyAbroad,,,
252961756-2,430115556-2,4:05 AM,3:26 AM,Tues/Thur,Freiburg im Breisgau,,,,
649726309-8,441227157-9,5:08 PM,8:23 AM,Monday-Friday,,,,,
347701071-X,915068368-3,10:00 PM,8:36 PM,Monday-Friday,Falun,,,,
532868608-X,180653370-7,6:40 AM,7:29 AM,,Yanmenkou,,,,
662124114-3,753996488-X,1:34 AM,3:55 AM,self-paced,,StudyAbroad,,,
239554885-5,407410191-2,10:32 AM,6:18 PM,Tues/Thur,,OffCampus,,,
162938089-X,200631566-8,1:32 AM,5:20 AM,M/W/F,,Auxiliary,,,
288096309-5,415771068-1,2:30 AM,4:57 AM,,Richky,,,,
796455143-4,073998532-9,11:50 PM,10:11 PM,out-of-school,Jinniu,ClinicHospital,,,
658002734-7,991444496-2,11:14 AM,2:51 PM,,Santa Lucía Cotzumalguapa,,,,
582284649-1,709086560-6,11:51 AM,5:14 AM,M/W/F,Shujāābād,Extension,,,
511812410-7,068300877-3,12:37 AM,9:28 PM,self-paced,Na Wa,Correctional,,,
998641256-0,621182290-1,9:25 AM,12:37 AM,,Balkh,StudyAbroad,,,
553312261-3,236268551-9,3:00 AM,5:37 PM,,Ulster Spring,Military,,,
107645322-8,005027284-5,9:24 PM,8:33 AM,Tues/Fri,Harding,StudyAbroad,,,
048829218-2,099133450-7,7:08 PM,10:25 PM,self-paced,Hafnarfjörður,,,,
269710338-4,580867476-X,10:36 PM,2:39 AM,Tues/Thur,Chaoshui,ClinicHospital,,,
043331071-5,180304586-8,9:19 PM,4:57 PM,out-of-school,Beyla,Auxiliary,,,
605292848-4,313412605-2,4:07 PM,11:20 PM,,Qiganjidie,,,,
231674326-9,890560608-3,12:53 AM,2:20 PM,,Camajuaní,OnCampus,morning,A,FieldStudy
960986640-9,776649044-7,10:59 PM,12:49 PM,Monday-Friday,Saint-Cloud,Extension,,,
745513079-1,388198762-2,8:20 AM,2:15 AM,self-paced,Gwio Kura,OffCampus,,,
094624699-8,806468808-6,1:03 PM,6:15 PM,Tues/Fri,Bolembre,,,,
620265197-0,124499533-9,1:59 AM,10:07 PM,Tues/Thur,Providence,Military,,,
231133209-0,622845318-1,8:29 AM,10:00 PM,Tues/Thur,Ouzini,,morning,A,OtherDistanceLearning
795394148-1,897933789-2,4:07 AM,1:00 AM,M/W/F,,Military,,,
800584308-9,902976035-4,12:26 PM,2:56 AM,M/W/F,Adh Dhayd,StudyAbroad,,,
039269579-0,212290876-9,4:14 AM,7:33 AM,out-of-school,Romorantin-Lanthenay,Correctional,,,
340957807-2,669978242-8,10:43 PM,3:30 AM,,Phoenix,Extension,,,
678563718-X,763698578-0,12:25 PM,8:11 AM,Tues/Thur,Ouyang,,,,
982855900-5,206540414-0,1:09 PM,1:46 PM,Tues/Fri,Szczaniec,Military,,,
567248111-6,469950712-3,10:01 AM,6:47 AM,self-paced,Gawul,StudyAbroad,,,
546319020-8,602553039-4,2:26 PM,5:23 AM,self-paced,Nishishinminato,Telecommunication,,,
890646556-4,517991511-2,1:19 AM,10:25 PM,M/W/F,Thị Trấn Quảng Uyên,ClinicHospital,,,
476872602-X,481503630-6,11:13 AM,8:32 AM,self-paced,Sakurai,,AB,A,ApprenticeshipExternship
213173228-7,627014891-X,11:31 AM,11:21 AM,Tues/Thur,Huangling,Military,,,
333234291-6,180653370-7,9:37 PM,2:32 PM,out-of-school,Zhongmen,,,,
472021983-7,111062822-6,7:19 AM,1:58 PM,Tues/Thur,Longhua,OnCampus,,,
077488415-0,776649044-7,12:19 AM,1:10 AM,Monday-Friday,Maojia,StudyAbroad,,,
946293214-X,709623122-6,2:56 AM,2:11 PM,Tues/Thur,Honglong,,,,
872482899-8,025546171-2,9:35 AM,8:14 PM,Tues/Thur,Fort Worth,Military,,,
116639895-1,724875362-9,3:14 PM,2:23 AM,,Łomazy,,,,
892118282-9,078913431-4,4:59 PM,2:21 AM,Tues/Fri,Kisarazu,,,,
825988319-8,388198762-2,11:45 PM,1:51 AM,Tues/Fri,Kapiri Mposhi,Telecommunication,,,
124555421-2,839905385-6,3:14 AM,12:52 AM,Monday-Friday,Aix-en-Provence,Extension,,,
310738758-4,267576231-8,4:53 PM,3:59 PM,self-paced,Cagmanaba,StudyAbroad,block period,B,Seminar
441212767-2,810448664-0,1:21 AM,12:05 AM,,Tomteboda,Correctional,,,
534245474-3,890711783-7,4:03 AM,6:54 PM,out-of-school,Bahía Blanca,ClinicHospital,,,
726323638-9,212290876-9,6:25 PM,10:37 PM,M/W/F,Pysznica,Correctional,,,
954619242-2,084989764-5,9:53 PM,6:49 PM,Tues/Thur,,,,,
752652088-0,171284115-7,8:43 AM,10:15 PM,self-paced,Gaspra,Correctional,,,
369229567-7,210088213-9,7:47 AM,4:47 PM,,Likhobory,StudyAbroad,,,
157534973-6,560546128-1,9:44 PM,11:21 AM,Monday-Friday,,Military,,,
954985621-6,467349292-7,6:59 AM,9:46 PM,Tues/Fri,,OnCampus,AB,B,Internship
940660229-6,263126621-8,8:41 AM,2:31 PM,,Rosario de Lerma,,,,
792048191-0,897526340-1,2:28 PM,9:23 PM,self-paced,Venëv,Telecommunication,morning,B,Practicum
946521450-7,645070532-9,1:34 PM,10:31 AM,,Velingrad,Correctional,,,
426084118-1,649561191-9,10:06 AM,10:24 AM,Monday-Friday,Dandai,Extension,,,
451625905-2,481503630-6,11:55 AM,9:48 PM,M/W/F,Chiscas,Extension,,,
154128319-8,665889888-X,7:02 AM,6:48 PM,Tues/Thur,Bordeaux,Extension,,,
201328430-6,181087072-0,3:49 PM,4:06 AM,Tues/Fri,Amaraji,Telecommunication,,,
117759931-7,878797805-9,1:20 PM,7:43 PM,Tues/Fri,Chattanooga,StudyAbroad,,,
391506127-1,048515293-2,5:09 AM,5:17 AM,,Rymättylä,OffCampus,,,
139572415-6,043324801-7,8:29 AM,7:15 PM,,Czerniewice,Telecommunication,,,
780204347-6,744222821-6,3:07 AM,6:19 PM,,Bangolo,,,,
911369493-6,455210939-1,10:59 PM,9:56 AM,,Otjimbingwe,StudyAbroad,,,
378552047-6,517991511-2,7:59 AM,6:59 AM,,Colatina,OffCampus,,,
810005692-7,658552603-1,8:03 PM,6:19 PM,self-paced,Budaka,Correctional,,,
644407943-8,433341963-8,6:56 PM,6:04 AM,self-paced,Pando,Correctional,,,
455602530-3,388198762-2,4:38 AM,1:00 PM,M/W/F,Novosin’kovo,Auxiliary,,,
236854372-4,133368978-0,3:29 PM,10:20 AM,,Tuchola,,,,
266884910-1,986042130-7,7:39 AM,3:13 AM,self-paced,Rouen,Correctional,,,
532711673-5,850035953-6,5:37 PM,2:08 PM,Tues/Thur,,StudyAbroad,,,
622107578-5,118984956-9,2:42 PM,8:38 PM,Tues/Fri,Vårgårda,OffCampus,,,
336239130-3,724875362-9,3:37 AM,1:28 PM,self-paced,Nigel,OffCampus,,,
735070663-4,039598504-8,10:58 AM,12:30 AM,M/W/F,Vĩnh Tường,ClinicHospital,,,
261614963-X,807488297-7,4:10 AM,9:20 AM,M/W/F,,Auxiliary,,,
991877684-6,399509511-9,11:24 AM,11:39 PM,Tues/Thur,Hatu Buh,Correctional,,,
858016766-3,407410191-2,12:33 PM,3:24 AM,out-of-school,Siwalan,Auxiliary,,,
463094493-1,906506515-6,5:24 PM,11:43 AM,Monday-Friday,Zavolzh’ye,Military,,,
577477335-3,151083374-9,3:49 PM,9:33 PM,self-paced,Cijoho,Extension,,,
929296248-5,855618097-3,10:10 PM,4:12 AM,Monday-Friday,Ping’an,ClinicHospital,,,
027905031-3,627014891-X,6:33 AM,6:55 PM,self-paced,Dallas,StudyAbroad,,,
356187936-5,338851415-1,8:32 PM,1:50 AM,Monday-Friday,Puńsk,Correctional,,,
494932564-7,760662244-2,2:32 PM,4:18 PM,out-of-school,Dipayal,,,,
735627753-0,248979375-6,4:42 PM,6:56 AM,M/W/F,,Telecommunication,,,
793203196-6,724875362-9,12:43 PM,12:10 AM,Tues/Fri,Gaoqiao,OnCampus,,,
867661882-8,602798662-X,4:45 PM,6:23 PM,Tues/Fri,Krapyak Kidul,Military,block period,A,Television
483442102-3,301475222-3,11:07 AM,8:39 PM,M/W/F,,Correctional,,,
315128147-8,709086560-6,11:11 AM,7:56 PM,M/W/F,Chaoyang,Extension,,,
252717035-8,831135749-8,4:52 AM,7:19 PM,Monday-Friday,Sérvia,ClinicHospital,,,
353759273-6,212290876-9,2:52 AM,4:00 AM,M/W/F,Xinsheng,ClinicHospital,,,
320384677-2,348144434-6,4:41 AM,8:15 PM,out-of-school,København,Correctional,,,
196179718-6,455045134-3,10:05 PM,11:54 AM,self-paced,Shabqadar,,,,
891267830-2,192102490-9,1:23 PM,5:01 AM,,Cijoho,Auxiliary,,,
684444638-1,078913431-4,6:08 PM,11:10 AM,Tues/Thur,Diamantina,,block period,B,InteractiveVideo
304138206-7,986042130-7,7:21 AM,7:46 AM,Tues/Fri,Rawuk,Telecommunication,,,
693087789-1,495868356-9,2:19 AM,10:38 AM,,Uzgen,,,,
988688562-9,639254933-1,3:21 PM,10:25 AM,out-of-school,Caotan,StudyAbroad,,,
724792790-9,867209183-3,3:36 AM,3:35 PM,Monday-Friday,Vân Tùng,,,,
737404136-5,968029704-7,1:31 AM,5:47 PM,out-of-school,Ulundi,StudyAbroad,,,
782112204-1,776649044-7,9:07 PM,12:45 AM,Tues/Thur,Sivaki,Military,,,
007260103-5,190813001-6,9:39 AM,12:51 PM,Tues/Thur,Svirsk,Military,,,
821890117-5,630658489-7,6:17 PM,6:41 AM,Tues/Thur,Haoping,OnCampus,,,
834371244-7,190813001-6,6:07 AM,9:30 PM,M/W/F,Semiluki,Military,,,
393415618-5,764449766-8,4:37 AM,11:19 PM,Monday-Friday,Banjar Ambengan,OffCampus,,,
662804149-2,965085350-2,6:30 AM,11:19 AM,,Jayapura,StudyAbroad,block period,B,CooperativeEducation
035928127-3,428749963-8,10:30 AM,10:53 PM,Tues/Fri,Cikondang,Extension,,,
058977311-9,541308365-3,5:03 AM,12:54 PM,,Brejos,Auxiliary,,,
604794975-4,286791737-9,6:08 PM,8:41 PM,Tues/Fri,Bộc Bố,Military,,,
521116442-3,467349292-7,4:38 PM,8:53 AM,,,OffCampus,,,
345104683-0,955575252-4,5:31 PM,2:15 AM,out-of-school,Amapala,StudyAbroad,,,
089095282-5,602798662-X,6:51 AM,2:54 AM,self-paced,Sukamaju,Telecommunication,,,
548478868-4,297453761-8,1:07 PM,11:52 PM,Tues/Fri,Tekeli,Military,,,
421369136-5,774451503-X,2:05 AM,3:12 PM,,Odivelas,Telecommunication,,,
686689404-2,919467105-2,8:45 PM,6:18 PM,,Shahrak,,,,
698441166-1,115128178-6,5:16 AM,5:36 AM,,Nazaré,OffCampus,,,
857968997-X,639254933-1,8:42 PM,7:53 AM,,Zābolī,,,,
575339980-0,784585427-1,11:46 PM,4:20 AM,Tues/Fri,Tuanshansi,Telecommunication,,,
520039578-X,867274809-3,8:30 AM,2:52 PM,Monday-Friday,San Vicente,,,,
620836227-X,014918602-9,12:35 AM,5:12 PM,,,Extension,,,
164290725-1,915068368-3,5:49 PM,12:33 AM,,Umingan,OnCampus,,,
585015728-X,809300239-1,7:31 PM,1:43 PM,self-paced,Xiaopu,StudyAbroad,,,
366116522-4,486411599-0,10:22 AM,7:35 AM,Monday-Friday,Štítná nad Vláří,Correctional,,,
248726657-0,862302412-5,4:27 PM,4:37 AM,M/W/F,Umuarama,Correctional,,,
020408072-X,231368896-8,8:31 AM,5:29 AM,Tues/Thur,Kortesjärvi,OnCampus,,,
239980582-8,397888589-1,9:03 PM,12:17 AM,Tues/Fri,Yanhong,Extension,,,
851815154-6,910313853-4,8:59 AM,11:58 PM,,Nanxindian,Military,,,
072003394-2,659608916-9,1:06 PM,10:56 PM,out-of-school,Bo Phloi,Extension,,,
547676801-7,809440012-9,12:23 AM,4:49 PM,out-of-school,Cosne-Cours-sur-Loire,Auxiliary,,,
571769387-7,476313427-2,9:55 AM,7:16 PM,self-paced,Posse,Auxiliary,,,
767603000-5,927943468-3,9:28 AM,12:56 PM,out-of-school,Milówka,Correctional,AB,B,Lecture
987984343-6,773623192-3,9:36 AM,3:40 AM,Tues/Thur,,Auxiliary,,,
047617749-9,831135749-8,11:40 AM,1:17 PM,out-of-school,Chelles,ClinicHospital,block period,B,OtherDistanceLearning
408139307-9,682689052-6,3:16 AM,1:01 PM,out-of-school,Zapolyarnyy,,,,
802221845-6,344896969-9,5:57 AM,10:05 AM,M/W/F,Emiliano Zapata,OnCampus,,,
659963165-7,982693881-5,4:12 AM,7:50 PM,Monday-Friday,Dodola,StudyAbroad,,,
029022268-0,352252165-X,1:22 AM,8:49 AM,,Singasari,,,,
280619494-6,151083374-9,9:55 PM,6:02 PM,M/W/F,Tuscaloosa,ClinicHospital,,,
431530025-X,068300877-3,12:45 AM,7:48 AM,,Hegarsari,,,,
628988372-0,539329692-4,4:19 AM,5:38 AM,self-paced,Bendosari,Telecommunication,block period,B,ComputerBasedInstruction
023543746-8,215621077-2,4:00 AM,7:31 PM,Monday-Friday,Qal‘eh-ye Khvājeh,StudyAbroad,,,
517436195-X,454218295-9,11:56 PM,3:54 AM,,Santa Cruz de El Seibo,Military,,,
111284806-1,354045650-3,4:20 AM,3:40 PM,Tues/Thur,Bobigny,ClinicHospital,block period,A,Practicum
908352752-2,037528359-5,11:50 PM,5:11 PM,self-paced,Quintela,Extension,,,
535636196-3,269264291-0,9:38 AM,3:24 AM,Monday-Friday,Hennenman,,,,
785355203-3,256869473-4,6:34 AM,6:26 PM,,Fujia,Military,,,
279179006-3,517991511-2,8:01 PM,7:13 AM,out-of-school,Binucayan,,,,
574620842-6,774451503-X,12:02 PM,1:38 AM,self-paced,La Cruz,Correctional,,,
833112217-8,273076876-9,4:37 PM,5:07 PM,,Sofifi,Military,,,
626116771-0,554781745-7,1:34 AM,12:16 AM,Tues/Fri,Fujia,Extension,,,
449864491-3,858410101-2,7:05 PM,6:56 PM,,Bodeh,ClinicHospital,,,
963547383-4,110361285-9,3:57 PM,10:12 PM,out-of-school,,ClinicHospital,,,
024669212-X,919211803-8,5:11 AM,8:25 PM,M/W/F,Cajabamba,OffCampus,,,
955393306-8,299032692-8,11:30 AM,4:18 PM,Tues/Thur,,ClinicHospital,,,
438993741-3,858926260-X,5:50 PM,10:00 AM,Tues/Thur,Lebao,Telecommunication,,,
320620084-9,182069893-9,9:49 PM,3:11 AM,M/W/F,Yushu,Extension,,,
526750482-3,376734966-3,1:43 PM,6:48 AM,,Bollnäs,Auxiliary,,,
825663711-0,494102495-8,1:06 AM,2:03 PM,Tues/Fri,Babagan,Correctional,,,
039515866-4,650143110-7,11:13 AM,6:00 PM,Monday-Friday,Eskilstuna,OffCampus,,,
973561286-0,734006341-2,11:16 PM,7:21 PM,Tues/Thur,Terrugem,ClinicHospital,,,
520920692-0,554781745-7,6:57 AM,4:09 PM,Tues/Thur,Kara-Balta,,,,
193887485-4,684581219-5,11:07 PM,11:53 PM,self-paced,Aioi,Telecommunication,,,
277419129-7,773474822-8,12:36 PM,6:24 PM,,Surovikino,Military,morning,B,CooperativeEducation
995467207-9,009110888-8,8:30 PM,1:01 PM,out-of-school,Jabonga,,,,
310826095-2,231368896-8,10:11 AM,2:59 AM,Tues/Fri,,Auxiliary,,,
638083905-4,039598504-8,2:01 PM,1:12 PM,,Calais,StudyAbroad,,,
218423643-8,867274809-3,1:42 AM,5:04 AM,out-of-school,,,,,
665471379-6,203697046-X,3:00 AM,8:51 PM,out-of-school,Yudai,,,,
847789228-8,608446111-5,9:06 AM,9:30 AM,M/W/F,Tshaneni,OnCampus,,,
063958700-3,630658489-7,3:04 PM,2:47 PM,Monday-Friday,Tomorlog,Military,,,
745782187-2,516491653-3,10:33 AM,4:07 PM,Tues/Fri,Santa Cruz,Auxiliary,,,
304962910-X,833459863-7,6:34 PM,6:02 PM,,Hexi,,,,
807562650-8,206540414-0,10:03 AM,9:37 AM,self-paced,Madara,StudyAbroad,,,
120663590-8,728090431-9,5:15 PM,4:17 PM,self-paced,Pomabamba,StudyAbroad,,,
724859460-1,054717664-3,5:37 PM,5:31 PM,out-of-school,Victoria,OffCampus,,,
809128875-1,974815087-9,4:41 AM,2:58 AM,M/W/F,Artur Nogueira,Correctional,,,
105433898-1,578522419-4,1:20 PM,10:08 AM,,A Yun Pa,Extension,,,
310679737-1,310963018-4,6:24 PM,1:45 PM,Tues/Thur,Kiyawa,Military,,,
122493992-1,078913431-4,12:40 PM,11:33 AM,Tues/Fri,Penghua,ClinicHospital,,,
408816424-5,454218295-9,2:56 PM,5:30 PM,out-of-school,Mixco,Extension,,,
914783150-2,226947677-8,6:49 PM,1:12 AM,,,OnCampus,,,
176980790-X,753996488-X,5:42 PM,12:48 PM,Monday-Friday,Kuangsan,OnCampus,,,
595545099-8,909609276-7,10:06 AM,8:26 PM,,Bangjun,ClinicHospital,,,
782377400-3,080220912-2,11:09 AM,7:06 PM,out-of-school,Plovdiv,Telecommunication,,,
083714532-5,677797081-9,4:47 PM,4:04 AM,M/W/F,Mengjia,,,,
353135502-3,359929976-5,5:42 PM,3:10 PM,Tues/Fri,Infantas,Telecommunication,,,
549419065-X,778085450-7,5:59 AM,8:50 AM,,Nyköping,Correctional,,,
603699485-0,207130556-6,6:15 AM,12:37 AM,out-of-school,Pāshmūl,Auxiliary,block period,B,InteractiveVideo
199701202-2,119531195-8,2:21 AM,11:40 AM,,Billa,OffCampus,,,
069901585-5,739909164-1,6:40 AM,7:40 AM,,Ţāmiyah,Telecommunication,sixth period,A,PracticeTeaching
444880151-9,764449766-8,5:46 PM,8:25 AM,Tues/Thur,Dobříš,Military,,,
066222094-3,964902677-0,6:55 AM,8:13 PM,Monday-Friday,Palmdale,Auxiliary,,,
029817636-X,906506515-6,9:33 AM,2:58 PM,Tues/Thur,Teresina,Telecommunication,,,
596948325-7,273076876-9,11:15 PM,4:45 PM,out-of-school,,Correctional,sixth period,A,InteractiveVideo
596616862-8,481503630-6,3:06 PM,8:05 AM,Monday-Friday,Karangnongko,Military,,,
026524896-5,692956606-3,6:28 AM,8:24 AM,,,Correctional,,,
421459533-5,039316012-2,9:10 PM,10:30 AM,,Gupakan,OnCampus,,,
484847455-8,257196008-3,4:26 AM,4:02 PM,Tues/Thur,Karangranjong,Military,,,
770234863-1,192752182-3,5:46 PM,3:57 AM,,Naperville,Military,,,
639759832-2,678580910-X,4:15 PM,5:18 AM,M/W/F,,Military,,,
616010679-1,207130556-6,10:24 PM,5:42 PM,M/W/F,High Point,OnCampus,,,
919589400-4,297453761-8,6:54 AM,9:27 AM,self-paced,Salaš Crnobarski,Auxiliary,,,
770356977-1,289903501-0,12:07 AM,6:43 AM,out-of-school,Dunmanway,OffCampus,,,
432476227-9,289903501-0,7:08 AM,9:59 AM,M/W/F,Martil,OnCampus,,,
135258107-8,330536775-X,6:40 AM,9:38 PM,self-paced,Pasirdalem,Auxiliary,,,
369633949-0,718261683-1,1:42 PM,9:45 PM,,Kalino,StudyAbroad,,,
921279793-8,200631566-8,8:33 PM,6:01 AM,out-of-school,Banjar Jabejero,Telecommunication,,,
691412818-9,041651938-5,3:38 PM,10:28 PM,,Prachin Buri,Auxiliary,AB,A,Correspondence
157780228-4,264636653-1,1:40 AM,7:39 AM,self-paced,Laúndos,Telecommunication,sixth period,B,Correspondence
814465431-5,554781745-7,10:54 PM,9:27 AM,Monday-Friday,Luleå,StudyAbroad,,,
302636220-4,000233110-1,3:19 PM,10:28 PM,Tues/Fri,Bosaso,Extension,,,
120594446-X,276368439-4,5:31 PM,12:27 AM,self-paced,Khamyāb,,morning,B,CooperativeEducation
838931122-4,684581219-5,5:09 AM,4:25 PM,,Balyaga,Military,,,
412908242-6,760662244-2,5:16 AM,4:45 AM,out-of-school,Thị Trấn Lâm,OnCampus,,,
383665068-1,969925802-0,11:13 AM,5:36 AM,,Stochov,Auxiliary,,,
881918722-1,203697046-X,7:48 AM,6:59 PM,self-paced,Banjar Swastika,StudyAbroad,,,
657041172-1,231368896-8,3:24 AM,2:02 AM,,Debar,,,,
045216612-8,970900764-5,7:40 PM,12:45 AM,Tues/Thur,Maizuru,StudyAbroad,,,
459043352-4,439879670-3,10:47 PM,12:20 PM,,,OffCampus,,,
107324359-1,689667580-2,9:56 AM,12:29 PM,self-paced,Xike,ClinicHospital,,,
644817596-2,413454190-5,3:52 AM,11:34 PM,self-paced,Baimangpu,Military,,,
148526155-4,020050632-3,12:32 AM,3:38 AM,,,,,,
802075609-4,163148569-5,8:18 AM,1:46 AM,out-of-school,Frederiksberg,,,,
511994075-7,986042130-7,9:58 AM,12:20 PM,Tues/Fri,Sahnaiya,,,,
295004357-7,517017955-3,2:55 PM,8:12 AM,Monday-Friday,Orlovka,OffCampus,,,
060034714-1,630503067-7,6:41 PM,6:33 AM,M/W/F,Buzet,StudyAbroad,,,
337260875-5,974815087-9,2:50 PM,5:37 PM,M/W/F,Awjilah,,,,
803514929-6,678580910-X,10:38 AM,2:12 AM,Monday-Friday,Lahān,Military,,,
098237081-4,862302412-5,4:18 PM,8:21 PM,self-paced,High Point,Extension,,,
368101529-5,572056004-1,6:48 AM,12:36 PM,M/W/F,Dijon,,,,
574432266-3,515199690-8,6:38 PM,9:40 PM,,Mariara,,,,
971909362-5,682922673-2,10:31 AM,6:42 AM,M/W/F,Secang Barat,Telecommunication,,,
909357989-4,734006341-2,8:22 PM,1:34 AM,,,ClinicHospital,,,
844556299-1,435920613-5,4:00 AM,10:43 PM,out-of-school,Huitong,Auxiliary,,,
715595941-3,919211803-8,5:39 PM,11:44 AM,Monday-Friday,Wonoharjo,Military,,,
945650626-6,724875362-9,12:15 AM,2:50 PM,,Severomorsk,Correctional,,,
077241093-3,901065491-5,10:45 PM,7:23 PM,,Dimona,Military,,,
329673760-X,644510956-X,5:56 PM,11:25 AM,,Xikou,StudyAbroad,,,
842184942-5,183638974-4,6:37 AM,5:22 AM,out-of-school,Kyosai,Military,,,
354496309-4,517991511-2,8:53 PM,9:16 AM,Monday-Friday,Monte Caseros,StudyAbroad,,,
587225498-9,310757266-7,9:37 AM,6:49 AM,Monday-Friday,Sámi,OffCampus,,,
258915905-6,204017539-3,7:49 PM,4:16 AM,Tues/Fri,Alor Setar,,,,
165715437-8,833459863-7,10:09 PM,12:40 AM,self-paced,Itabaiana,,,,
169210180-3,084989764-5,9:59 AM,12:09 AM,Tues/Fri,,OffCampus,,,
382986686-0,115128178-6,11:25 AM,10:34 PM,Monday-Friday,Khōshāmand,Correctional,morning,B,OtherDistanceLearning
326099080-1,620170984-3,7:22 PM,2:14 AM,out-of-school,Enhe Hada,Military,,,
704203103-2,673805782-2,1:29 PM,7:28 PM,Tues/Thur,Fuquan,StudyAbroad,,,
378041661-1,881477876-0,5:26 AM,4:48 PM,Monday-Friday,Cibolang,Extension,,,
380436738-0,317766095-6,1:57 AM,8:11 PM,Tues/Thur,Uryupinsk,,morning,A,Practicum
663695439-6,010168654-4,5:10 PM,6:25 PM,Monday-Friday,El Banco,Military,,,
533384182-9,648318785-8,1:24 PM,10:53 AM,Tues/Fri,Itapemirim,Military,,,
408857353-6,810448664-0,2:11 AM,12:56 PM,,Kishkenekol’,,,,
247376903-6,248979375-6,2:58 AM,11:32 PM,,Qijiaxi,,,,
466499658-6,037528359-5,3:34 AM,12:24 AM,Tues/Thur,Jintang,ClinicHospital,,,
159266441-5,692956606-3,3:23 PM,4:11 PM,Monday-Friday,,Extension,,,
824539815-2,769110913-X,7:27 AM,11:37 AM,Tues/Fri,,Telecommunication,,,
097203947-3,785785336-4,8:43 PM,1:01 AM,out-of-school,Dali,,,,
963828125-1,550235267-6,7:34 AM,3:34 AM,Monday-Friday,Huazhu,StudyAbroad,,,
767485891-X,163148569-5,10:27 PM,10:00 PM,Monday-Friday,Borås,,,,
348528967-1,539329692-4,5:35 AM,3:35 PM,Tues/Fri,Ramain,,,,
352524857-1,866266614-0,11:30 AM,2:57 AM,,Horní Cerekev,Extension,,,
854115882-9,248409352-7,1:48 PM,11:14 PM,M/W/F,Jatirogo,,sixth period,B,CompressedVideo
060949269-1,934040135-2,8:19 PM,4:04 PM,,La Sierpe,StudyAbroad,,,
336193073-1,890711783-7,1:36 PM,11:44 PM,,Ujsoły,Auxiliary,,,
633738999-9,889450592-8,12:05 AM,5:38 PM,Tues/Thur,Borabue,Auxiliary,,,
299323783-7,862711337-8,6:39 AM,1:02 PM,,Rudnichnyy,Military,,,
189312680-3,602798662-X,12:20 AM,5:50 PM,Tues/Fri,Bagacay,,,,
600882120-3,867274809-3,12:46 AM,10:24 AM,M/W/F,Xuexi,,,,
706525320-1,778555896-5,4:36 AM,8:27 AM,,Mehona,Correctional,,,
233116700-1,237962093-8,11:11 PM,5:07 AM,,Shilong,Military,,,
524442677-X,309355951-0,4:45 AM,9:22 PM,out-of-school,Wangjiang,StudyAbroad,,,
590223911-7,495868356-9,12:49 PM,5:11 AM,,Thorold,StudyAbroad,,,
751983033-0,739909164-1,10:05 AM,10:45 AM,M/W/F,Bardiyā,Correctional,,,
562523122-2,068300877-3,1:54 AM,1:37 AM,,Ikšķile,OffCampus,,,
144955150-5,494102495-8,3:59 AM,1:17 AM,,Belanting,StudyAbroad,,,
701902198-0,317766095-6,3:42 PM,4:21 PM,,Markovo,,sixth period,B,IndependentStudy
816488686-6,286791737-9,10:53 AM,2:54 AM,M/W/F,Horana South,StudyAbroad,,,
069141343-6,904395544-2,9:32 AM,9:29 PM,self-paced,Velas,Auxiliary,,,
781458258-X,428749963-8,6:44 AM,12:56 PM,Tues/Thur,,Auxiliary,,,
451652456-2,180304586-8,7:51 PM,6:49 PM,self-paced,Kumo,,,,
380607104-7,191270147-2,8:50 AM,6:57 PM,self-paced,,ClinicHospital,,,
797271867-9,633857804-3,2:07 PM,10:30 AM,self-paced,Brikama,ClinicHospital,,,
138561010-7,827035173-3,3:57 AM,12:04 PM,Monday-Friday,,,,,
683302820-6,451655052-0,9:01 PM,7:14 AM,out-of-school,Tours,ClinicHospital,,,
416964769-6,728090431-9,10:46 PM,9:18 AM,,President Roxas,Military,,,
473625953-1,633857804-3,4:19 PM,2:42 AM,,Xiamayu,ClinicHospital,,,
227357839-3,203697046-X,8:46 AM,3:28 AM,Tues/Thur,Jinshan,OnCampus,,,
778174858-1,297453761-8,7:04 AM,6:29 AM,Tues/Thur,Xinhua,StudyAbroad,block period,A,Internship
672977887-3,399509511-9,3:00 PM,12:01 AM,M/W/F,Apitong,,,,
129024093-0,135562950-0,6:26 PM,10:48 PM,,Ngurenrejo,OnCampus,,,
375581517-6,915068368-3,6:38 AM,3:06 AM,M/W/F,,Military,,,
275723588-5,744222821-6,5:53 AM,8:30 PM,,,Extension,,,
492470302-8,511757394-3,11:00 PM,10:58 PM,Tues/Fri,Bastia,OffCampus,,,
540261026-6,915068368-3,8:40 AM,8:31 AM,Tues/Thur,Dobryatino,Military,,,
737251475-4,399961431-5,11:38 AM,10:44 AM,,,OnCampus,,,
370363458-8,494102495-8,7:41 AM,8:24 PM,Tues/Fri,Amqui,Telecommunication,block period,A,WorkStudy
782022433-9,392114150-8,8:33 AM,11:40 PM,Tues/Fri,Cabatang,OffCampus,,,
421621412-6,719877043-6,10:27 PM,2:58 AM,Tues/Fri,Dingdian,ClinicHospital,,,
613248248-2,590427176-X,3:32 AM,4:28 PM,Tues/Fri,Kréstena,OnCampus,,,
555589980-7,039316012-2,3:34 PM,7:55 PM,self-paced,Makurdi,ClinicHospital,,,
380673732-0,065228700-X,10:43 PM,12:18 PM,Tues/Fri,Espumoso,Correctional,,,
823627288-5,451541178-0,7:17 AM,8:01 PM,Monday-Friday,Mtwara,,,,
424425573-7,180304586-8,12:16 PM,6:16 PM,out-of-school,Huamali,Correctional,,,
816279900-1,119531195-8,5:49 AM,12:43 PM,out-of-school,Yantang,StudyAbroad,,,
646549900-2,778085450-7,12:18 PM,6:56 PM,Monday-Friday,Tortosendo,ClinicHospital,,,
795080421-1,804486371-0,10:47 AM,6:06 PM,M/W/F,Stenungsund,Correctional,,,
766343337-8,517017955-3,6:04 PM,4:28 AM,M/W/F,San Patricio,Military,,,
541276185-2,570009248-4,5:07 AM,8:20 AM,Tues/Thur,,,,,
391141112-X,778085450-7,10:19 PM,1:10 AM,,Sokółka,Military,,,
032666045-3,206540414-0,1:56 PM,3:05 AM,,,StudyAbroad,,,
244191847-8,180653370-7,2:01 AM,10:53 AM,Tues/Thur,,Extension,,,
580002302-6,622845318-1,2:52 PM,6:42 AM,M/W/F,,,,,
456899271-0,135562950-0,7:44 PM,11:46 AM,Tues/Thur,Halat,Telecommunication,,,
356896102-4,769110913-X,8:05 AM,9:48 PM,Tues/Fri,Göteborg,StudyAbroad,morning,A,ClinicalRotationInstruction
439166263-9,902976035-4,6:35 PM,11:17 PM,out-of-school,Megulung,,,,
190062270-X,273076876-9,1:52 AM,4:36 PM,M/W/F,Khadzhalmakhi,Telecommunication,,,
