ExternalId,InstitutionExternalId,FacilityExternalId,ClassificationOfInstructionalProgramCode,CourseNumber,CreditUnitsType,CreditValue,NCESCollegeCourseMapCode,CourseTitle,ShortName,CertificationDescription,CourseApplicableEducationLevel,CourseLevelCharacteristics,CreditBasisType,CreditLevelType,Description,InstructionalMinutes,InstructionLanguage,NCAAEligibility,OriginalCourseIdentifier,AgencyCourseIdentifier,OverrideSchoolCourseNumber,SequenceOfCourse,SubjectAbbreviation
349996241-1,b2fb2f2b-1de1-49e3-9081-41eab0a9d1a2,42023-111,90199,199,Other,3,131202,German,est,,02,00574,Exemption,AdultBasic,nisi eu orci mauris lacinia,44,spa,false,52815-125,307710992-1,785,part 2 of 20 parts,GEOL
267262878-5,48cb4a09-4eed-4f48-9159-1b6c25981e97,52731-7018,110701,28,CarnegieUnits,2,120409,Research Strategies and Technology,sit,Mauris sit amet eros.,PT,00741,Remedial,Honors,massa id lobortis convallis tortor risus dapibus,84,spa,false,49999-068,298891873-2,460,part 5 of 84 parts,JOUR
798012235-6,f7c490c0-05a2-4e86-b0fb-27101fd67de6,57955-2770,,566,ContinuingEducationUnits,4,131202,German,aliquam,,KG,00578,Equivalence,CollegePreparatory,non interdum in,36,eng,,0591-0388,311741181-X,447,part 4 of 02 parts,SLIP
032908762-2,0dd2762f-b327-4318-9f2c-ec1eff5c9bac,49349-790,160101,705,Quarter,16,90701,French,vestibulum,,,73045,,CollegePreparatory,lectus vestibulum quam,100,spa,true,0245-0144,460135020-4,178,part 0 of 61 parts,PSYC
345914516-1,709c270c-ade9-45ba-aed4-40484eb16c8f,16590-007,,792,ClockHours,18,131302,Environmental Science,cubilia,,IT,00576,Military,InternationalBaccalaureate,interdum venenatis turpis enim blandit mi in,99,eng,,55289-405,646246517-4,416,part 3 of 05 parts,BIOL
608893965-6,47300d21-a4fc-4a87-ad11-19b9ea10277d,62699-1112,,745,CarnegieUnits,13,231001,Applied Music,diam,,TK,00576,JuniorHighSchoolCredit,Basic,vivamus tortor duis mattis egestas,76,spa,,61786-005,116859144-9,577,part 9 of 97 parts,KINS
887540563-8,a0acb068-d8fc-4190-8eab-b5162f0e0f40,47335-891,,422,Unreported,17,240101,Applied Technology,pede,,12,00576,JuniorHighSchoolCredit,Accelerated,sagittis nam congue risus semper,88,spa,,63146-302,168064029-1,644,part 5 of 75 parts,ARTS
359615866-4,48cb4a09-4eed-4f48-9159-1b6c25981e97,62011-0060,99999,336,NoCredit,1,150303,Chinese,vivamus,,08,00579,JuniorHighSchoolCredit,Remedial,cubilia curae nulla dapibus dolor,53,eng,false,55154-5567,970980222-4,98,part 8 of 76 parts,KREN
025591495-4,1b9de9d6-d9bd-48ca-9c93-c19bbd1023bf,76363-029,,119,Other,6,90999,Applied Technology,dui,,13,,InternationalBaccalaureate,,vulputate ut ultrices vel augue vestibulum,80,eng,,10825-003,121016802-2,283,part 1 of 95 parts,RSCH
525273758-4,9db5eba4-6f6c-4743-848b-0c1d3b48b49e,54868-4453,110103,666,CarnegieUnits,17,50201,Applied Music,mus,"In tempor, turpis nec euismod scelerisque, quam turpis adipiscing lorem, vitae mattis nibh ligula nec sem.",04,00570,AdultBasic,InternationalBaccalaureate,arcu libero rutrum,93,eng,true,55154-6995,544588329-9,122,part 0 of 27 parts,THEA
963781245-8,47300d21-a4fc-4a87-ad11-19b9ea10277d,48951-9021,,168,ClockHours,18,110101,Engineering,massa,,09,00576,AdvancedStanding,AdvancedPlacement,non mi integer ac neque duis,12,eng,,68382-131,610219908-1,445,part 3 of 77 parts,THEA
710295234-1,f226769b-08a6-45c3-aff0-681e303f32b6,48951-7004,,730,Unreported,9,100304,Business,non,,PM,,Equivalence,,vestibulum ante ipsum primis in faucibus orci luctus,90,eng,,10956-761,313595952-X,576,part 3 of 58 parts,NURS
767449148-X,a0acb068-d8fc-4190-8eab-b5162f0e0f40,42884-352,130409,658,ContinuingEducationUnits,5,50110,Communication,luctus,,BA,00568,HighSchoolCreditOnly,Regents,suscipit ligula in lacus curabitur at ipsum,96,eng,false,55315-127,359895798-X,198,part 8 of 11 parts,MUSC
043203739-X,83b9d552-3556-46d1-9076-efc7c402e363,11673-246,,713,CarnegieUnits,18,131205,Criminal Justice,lobortis,,PR,73045,Exemption,SpecialEducation,habitasse platea dictumst aliquam augue quam sollicitudin vitae,48,eng,,10544-065,733594413-9,207,part 9 of 55 parts,RELI
723011945-6,b783fc8d-96db-4458-9da0-c2f969e1e996,64159-6326,160901,577,Unreported,1,90902,Nursing,non,,08,00570,AdvancedPlacement,CollegePreparatory,vestibulum quam sapien varius ut blandit non interdum,23,spa,true,52584-101,617277890-0,175,part 7 of 77 parts,HUMN
240538423-X,29d7c481-6d7d-4446-a6e7-2f289bf1fd53,39822-0412,,619,ClockHours,17,131205,Art,risus,,03,00579,Major,Regents,feugiat et eros,43,eng,,57520-0597,866779248-9,174,part 0 of 38 parts,JOUR
893404945-6,f226769b-08a6-45c3-aff0-681e303f32b6,22700-152,,555,Units,7,240101,Mathematics,morbi,,13,00575,AdvancedPlacement,AdvancedPlacement,nulla quisque arcu libero rutrum ac lobortis vel,14,spa,,,,41,part 2 of 86 parts,MATH
552675717-X,b2fb2f2b-1de1-49e3-9081-41eab0a9d1a2,30142-409,,506,Units,10,131399,Reading,odio,Nulla tellus.,PR,00579,Remedial,Regents,ultrices phasellus id,87,eng,,52125-839,728321421-6,793,part 9 of 82 parts,HIST
611167153-7,709c270c-ade9-45ba-aed4-40484eb16c8f,47335-891,99999,56,Unreported,10,230101,European Union,metus,,PK,00575,CreditByExam,CollegePreparatory,facilisi cras non velit nec nisi,48,eng,true,66424-996,767585585-X,443,part 8 of 47 parts,RUSS
049701998-1,48cb4a09-4eed-4f48-9159-1b6c25981e97,14362-0111,240101,48,Other,19,240101,Music,risus,,13,00575,AdvancedPlacement,AdultBasic,pellentesque volutpat dui maecenas tristique est et,58,spa,true,0378-5446,281316209-4,694,part 4 of 70 parts,ATEC
112976469-9,6c6386b7-afcc-464a-a2f2-17d860e23f54,43742-0239,,56,Quarter,2,150201,French,lacus,,KG,00573,CreditByExam,GraduateProfessional,vitae ipsum aliquam non,31,eng,,60505-2657,295345320-2,500,part 7 of 66 parts,SLIP
488383462-X,6c6386b7-afcc-464a-a2f2-17d860e23f54,13811-662,,106,Unreported,1,130301,Religion,in,,BA,00577,Equivalence,TechnicalPreparatory,et magnis dis,73,spa,,0178-0465,634490817-3,712,part 8 of 50 parts,GRMN
334888743-7,48cb4a09-4eed-4f48-9159-1b6c25981e97,10370-204,309999,400,ClockHours,18,131001,Philosophy,magnis,,06,73045,AdultBasic,Vocational,eget vulputate ut ultrices vel augue,84,spa,false,52125-573,032839552-8,343,part 2 of 38 parts,RUSS
558981322-0,b783fc8d-96db-4458-9da0-c2f969e1e996,0002-5121,150612,749,Unreported,17,19999,Social Work,pretium,,03,00572,Regular,CollegeLevel,ante ipsum primis,48,eng,false,49884-092,938937726-9,636,part 1 of 65 parts,PHYS
248502112-0,f7c490c0-05a2-4e86-b0fb-27101fd67de6,0904-5990,131006,577,Other,20,30103,Portuguese,tempus,,PK,00574,HighSchoolCreditOnly,Remedial,vestibulum ante ipsum primis,25,eng,true,46122-029,749820015-5,349,part 7 of 12 parts,READ
900720894-2,f7c490c0-05a2-4e86-b0fb-27101fd67de6,49230-643,,726,CarnegieUnits,17,130202,Accounting,justo,Donec posuere metus vitae ipsum.,02,00579,JuniorHighSchoolCredit,InternationalBaccalaureate,vehicula condimentum curabitur in libero ut massa volutpat,74,eng,,66582-312,813099221-3,65,part 7 of 25 parts,ATEC
244484223-5,1b9de9d6-d9bd-48ca-9c93-c19bbd1023bf,23155-115,100101,714,NoCredit,7,151201,Political Science,imperdiet,"Quisque arcu libero, rutrum ac, lobortis vel, dapibus at, diam.",13,00575,AdvancedStanding,CollegePreparatory,ligula in lacus curabitur at ipsum,57,spa,false,60505-2966,714635168-8,209,part 4 of 47 parts,DHYG
535754600-2,0dd2762f-b327-4318-9f2c-ec1eff5c9bac,68196-159,,490,CarnegieUnits,11,150000,Geology,orci,,13,00574,AdvancedPlacement,InternationalBaccalaureate,,,,,0093-2050,363433474-6,92,part 8 of 85 parts,JOUR
482217553-7,4e86f311-d4ed-4180-8f04-0d614d784368,43063-382,,648,NoCredit,19,131299,Biology,velit,"Maecenas leo odio, condimentum id, luctus nec, molestie sed, justo.",PR,00575,Correspondence,Regents,aliquam sit amet diam in,11,eng,,37000-372,235488659-4,252,part 4 of 59 parts,PHSC
780375727-8,43bfdc52-0751-473f-bdc2-a5859318cbcf,76457-004,200202,685,Semester,6,10000,French,justo,,01,00568,AdvancedPlacement,Honors,,,,false,49288-0434,027482419-1,480,part 0 of 15 parts,RUSS
512853120-1,f11e9ee8-e933-44a3-9f7e-73747b8075ef,52031-0875,,614,Quarter,6,220303,Music,primis,,09,00577,Major,NonAcademic,rutrum nulla nunc purus phasellus in,30,spa,,46672-036,848575655-X,235,part 4 of 84 parts,PORT
213771822-7,47300d21-a4fc-4a87-ad11-19b9ea10277d,63824-416,,277,NoCredit,3,131322,Communication,libero,,08,73045,Equivalence,Remedial,bibendum felis sed,91,eng,,66949-210,663027514-4,697,part 8 of 63 parts,PHED
918053862-2,f226769b-08a6-45c3-aff0-681e303f32b6,54868-0032,140801,23,ClockHours,6,240101,Sociology,suscipit,,PD,00578,JuniorHighSchoolCredit,Basic,ligula nec sem duis aliquam convallis,2,spa,true,,,765,part 3 of 47 parts,ECON
571396111-7,29d7c481-6d7d-4446-a6e7-2f289bf1fd53,11410-420,,571,ContinuingEducationUnits,5,90701,Music,ut,,11,73044,AdvancedPlacement,UpperDivision,morbi sem mauris laoreet ut rhoncus aliquet pulvinar,71,spa,,0536-5904,850645025-X,274,part 4 of 68 parts,CSCI
294983056-0,83b9d552-3556-46d1-9076-efc7c402e363,68745-1092,131316,380,ClockHours,9,260101,Music,vestibulum,,PT,00573,Remedial,AdultBasic,placerat praesent blandit nam,36,eng,false,42947-611,459755194-8,157,,ENVS
131252118-X,f7c490c0-05a2-4e86-b0fb-27101fd67de6,68016-106,260901,643,Other,15,131312,Research Strategies and Technology,aliquet,,,00741,,Dual,,,,false,51808-211,593731732-7,276,part 6 of 42 parts,CSCI
363641725-8,0dd2762f-b327-4318-9f2c-ec1eff5c9bac,0527-1350,,697,CarnegieUnits,8,260202,Forensic Science,augue,,MD,00569,Regular,AdvancedPlacement,non sodales sed tincidunt eu felis,41,spa,,55118-535,416680563-0,472,part 5 of 28 parts,ENGL
707467402-8,f226769b-08a6-45c3-aff0-681e303f32b6,30142-615,,132,CarnegieUnits,18,131312,Film,sodales,Cras pellentesque volutpat dui.,BA,00741,AdvancedPlacement,CollegeLevel,libero ut massa volutpat convallis morbi,45,eng,,10578-018,588041327-6,247,part 1 of 80 parts,HSEM
546901143-7,507db991-c2d3-44d8-8ae0-74ac320ead66,76237-148,,454,Units,9,130603,Music,dui,"Mauris enim leo, rhoncus sed, vestibulum sit amet, cursus id, turpis.",12,,Regular,,amet eleifend pede,11,spa,,,,343,part 0 of 20 parts,EURO
455269717-X,6c6386b7-afcc-464a-a2f2-17d860e23f54,56062-282,90100,169,Units,1,190101,Environmental Science,purus,Donec ut dolor.,03,00568,Major,TechnicalPreparatory,pharetra magna vestibulum aliquet ultrices erat tortor,40,eng,false,,,414,part 0 of 62 parts,RELI
852299638-5,f7c490c0-05a2-4e86-b0fb-27101fd67de6,0378-3133,,286,NoCredit,12,231001,Nursing,ante,,,00579,,LowerDivision,nullam porttitor lacus at turpis donec,19,spa,,43742-0321,919659382-2,378,part 7 of 28 parts,READ
878382970-9,1b9de9d6-d9bd-48ca-9c93-c19bbd1023bf,42023-111,,478,CarnegieUnits,7,131309,European Union,est,,IT,00569,Equivalence,Basic,viverra eget congue eget,35,spa,,65044-1516,652725118-1,127,part 3 of 50 parts,NURS
077328461-3,f11e9ee8-e933-44a3-9f7e-73747b8075ef,37205-779,309999,334,Quarter,16,131011,Business,ut,,07,00571,Major,CollegeLevel,urna ut tellus nulla ut,100,spa,false,0143-1347,390641235-0,729,part 2 of 61 parts,RELI
912484561-2,4e86f311-d4ed-4180-8f04-0d614d784368,60505-6110,190706,69,ClockHours,12,151001,Geography,blandit,,13,,HighSchoolDualCredit,,tristique est et tempus semper,91,eng,false,37808-308,055445086-0,261,part 5 of 55 parts,ARTS
759828114-9,a0acb068-d8fc-4190-8eab-b5162f0e0f40,62756-712,109999,85,NoCredit,20,100305,Dental Hygiene,lorem,,AE,00577,AcademicRenewal,AdvancedPlacement,odio porttitor id consequat in,94,spa,false,0781-5204,239959581-5,399,part 6 of 87 parts,BISM
914401719-7,0dd2762f-b327-4318-9f2c-ec1eff5c9bac,0378-1666,,277,NoCredit,10,131401,First-Year Seminar,vel,,,00574,,SpecialEducation,quam pharetra magna ac consequat,72,eng,,54868-3287,310679154-3,269,part 8 of 35 parts,BIOL
672922087-2,b783fc8d-96db-4458-9da0-c2f969e1e996,24488-006,,676,Other,19,309999,Sociology,lectus,,PM,,Equivalence,,orci pede venenatis non sodales,99,eng,,61734-400,555639224-2,523,part 7 of 85 parts,ENSL
806043916-2,29d7c481-6d7d-4446-a6e7-2f289bf1fd53,0228-2778,131309,486,ContinuingEducationUnits,6,131319,Arabic,vel,,06,,ContinuingEducation,,vel ipsum praesent blandit,35,spa,false,63629-4241,993029210-1,622,part 9 of 27 parts,ARTS
401787675-7,48cb4a09-4eed-4f48-9159-1b6c25981e97,63323-262,110101,744,Quarter,1,110101,Portuguese,a,,KG,00570,InternationalBaccalaureate,CollegeLevel,quis turpis eget elit sodales scelerisque,100,eng,true,68016-217,152479547-X,341,part 9 of 61 parts,HIST
607974598-4,f0eea76f-9918-42a5-82de-a136a8e3dbfb,49852-009,131316,121,Units,4,131206,Forensic Science,fringilla,,,73044,,Vocational,iaculis justo in,56,eng,false,0603-5438,962288936-0,185,,HSEM
330356352-7,43bfdc52-0751-473f-bdc2-a5859318cbcf,0273-7003,,508,ContinuingEducationUnits,19,110301,Communication,habitasse,,PT,00579,InternationalBaccalaureate,Remedial,nulla dapibus dolor,71,spa,,,,452,part 4 of 26 parts,SWAH
781198474-1,507db991-c2d3-44d8-8ae0-74ac320ead66,61957-1069,,195,Units,12,140101,English as a Second Language,platea,,06,73044,Regular,NonAcademic,aliquam non mauris morbi,20,spa,,,,455,part 2 of 07 parts,PHIL
002174725-3,0dd2762f-b327-4318-9f2c-ec1eff5c9bac,0268-0612,131001,376,NoCredit,5,240101,First-Year Seminar,eget,,10,00579,Remedial,Regents,tellus in sagittis dui vel nisl,46,eng,true,63868-099,783877483-7,716,part 2 of 12 parts,ARAB
708979536-5,b2fb2f2b-1de1-49e3-9081-41eab0a9d1a2,68151-5003,131205,410,ContinuingEducationUnits,3,240101,Mathematics,rhoncus,,PD,00570,AdvancedPlacement,UpperDivision,odio porttitor id consequat in consequat ut,66,eng,false,14060-005,000997585-3,479,part 4 of 72 parts,ASTR
737977386-0,29d7c481-6d7d-4446-a6e7-2f289bf1fd53,24385-471,,61,Unreported,13,10605,Philosophy,pede,,09,00574,Correspondence,Accelerated,tincidunt nulla mollis,42,spa,,0206-2100,777986070-1,573,part 0 of 64 parts,ITAL
455524897-X,4e86f311-d4ed-4180-8f04-0d614d784368,63824-416,,26,NoCredit,5,240101,Communication,quam,,,,,,non velit nec nisi vulputate,92,eng,,,,138,part 4 of 54 parts,HSEM
362415758-2,47300d21-a4fc-4a87-ad11-19b9ea10277d,0264-1101,110801,153,CarnegieUnits,19,110901,First-Year Seminar,curabitur,,02,00573,HighSchoolTransferCredit,TechnicalPreparatory,cras in purus eu magna vulputate luctus cum,46,spa,false,0065-0741,222718976-2,784,part 3 of 61 parts,FREN
000345207-7,507db991-c2d3-44d8-8ae0-74ac320ead66,52533-179,,672,Quarter,7,260101,Japanese,praesent,,10,00572,AdvancedPlacement,Basic,lacus curabitur at ipsum ac tellus semper interdum,62,eng,,36800-866,994725072-5,236,part 8 of 74 parts,THEA
949021851-0,48cb4a09-4eed-4f48-9159-1b6c25981e97,21695-050,131314,792,ClockHours,5,10307,Music,interdum,,DO,00578,Military,CollegeLevel,pede ac diam cras pellentesque,53,spa,false,0037-6050,549457138-6,375,part 7 of 54 parts,ARAB
349763861-7,1b9de9d6-d9bd-48ca-9c93-c19bbd1023bf,0378-3133,131302,197,ContinuingEducationUnits,1,270301,Italian,donec,,TK,00577,AdultBasic,AdvancedPlacement,etiam justo etiam,48,eng,false,0406-1510,845649573-5,784,part 7 of 50 parts,JAPN
402013373-5,4e86f311-d4ed-4180-8f04-0d614d784368,23635-582,130411,452,ClockHours,18,10607,Geography,ridiculus,Curabitur at ipsum ac tellus semper interdum.,08,73045,Military,GiftedTalented,mauris enim leo rhoncus sed vestibulum,37,spa,false,68001-253,973680688-X,27,part 0 of 17 parts,ARAB
686257129-X,507db991-c2d3-44d8-8ae0-74ac320ead66,52731-7052,150101,799,CarnegieUnits,8,240102,Humanities,ligula,,03,00576,Remedial,Accelerated,morbi porttitor lorem id,45,spa,false,58411-175,768920777-4,729,part 8 of 40 parts,FRSC
737119240-0,83b9d552-3556-46d1-9076-efc7c402e363,43419-036,20201,369,Other,19,190101,German,duis,,PR,00568,HighSchoolTransferCredit,Basic,duis ac nibh,21,spa,false,,,268,part 2 of 86 parts,KINS
799040161-4,0dd2762f-b327-4318-9f2c-ec1eff5c9bac,51224-162,240101,198,Other,19,110899,Sociology,nibh,,12,00570,Military,Basic,,,,true,,,321,part 6 of 93 parts,MUSC
296180350-0,83b9d552-3556-46d1-9076-efc7c402e363,55289-410,10599,344,NoCredit,4,230101,Physical Education,in,,,73044,,GiftedTalented,vestibulum sit amet cursus id turpis integer,60,eng,false,44924-002,102072229-0,327,part 8 of 55 parts,CHIN
778803941-1,29d7c481-6d7d-4446-a6e7-2f289bf1fd53,0363-0132,,101,Semester,3,270101,Geology,nunc,,01,00568,HighSchoolDualCredit,Accelerated,gravida nisi at nibh,75,eng,,,,236,part 6 of 34 parts,JAPN
065854615-5,4e86f311-d4ed-4180-8f04-0d614d784368,49349-712,,20,CarnegieUnits,12,230101,Geology,in,,KG,00575,Correspondence,Regents,donec ut mauris eget massa tempor convallis nulla,70,spa,,54868-6302,559055999-5,750,part 5 of 29 parts,THEA
088400802-9,43bfdc52-0751-473f-bdc2-a5859318cbcf,59779-809,131323,14,ContinuingEducationUnits,6,131101,Journalism,proin,"Cum sociis natoque penatibus et magnis dis parturient montes, nascetur ridiculus mus.",DO,00577,Military,Regents,non mi integer ac neque duis bibendum,53,eng,false,52125-728,625014218-5,59,part 5 of 86 parts,MATH
057391664-0,f11e9ee8-e933-44a3-9f7e-73747b8075ef,76378-014,,53,CarnegieUnits,9,302301,Sociology,nulla,,PK,,AdvancedStanding,,mauris laoreet ut rhoncus aliquet pulvinar,51,spa,,65162-048,848114718-4,373,part 4 of 03 parts,EDUC
019948578-X,ed8460f2-4d16-4c54-bed1-e74a5b556c5e,76439-223,,211,ContinuingEducationUnits,1,141801,Sign Language Interpreting,leo,,08,,Regular,,fermentum justo nec condimentum neque sapien placerat,97,eng,,62670-4761,826016829-4,33,,HIST
328861473-1,ed8460f2-4d16-4c54-bed1-e74a5b556c5e,76378-014,120503,578,ClockHours,13,300000,Sociology,sodales,,12,,ContinuingEducation,,eleifend donec ut dolor morbi vel lectus in,26,eng,false,52533-001,614638212-4,723,part 1 of 78 parts,SPAN
911398098-X,29d7c481-6d7d-4446-a6e7-2f289bf1fd53,55714-1512,130901,495,Units,1,269999,Anthropology,ut,Nam tristique tortor eu pede.,01,00741,Equivalence,SpecialEducation,amet consectetuer adipiscing elit proin interdum mauris,78,eng,true,0378-0084,057469287-8,68,part 6 of 82 parts,BISM
088201775-6,ed8460f2-4d16-4c54-bed1-e74a5b556c5e,0641-6085,110101,464,ClockHours,2,151301,Accounting,ultrices,,09,73044,AdvancedStanding,Basic,et magnis dis,24,spa,false,,,778,part 8 of 84 parts,NURS
463489977-9,6c6386b7-afcc-464a-a2f2-17d860e23f54,42507-197,,232,Unreported,15,260101,Philosophy,eget,,09,00568,Military,InternationalBaccalaureate,lectus in est risus auctor sed tristique in,89,spa,,33261-730,694270548-9,509,part 6 of 81 parts,ENGL
959456251-X,709c270c-ade9-45ba-aed4-40484eb16c8f,42023-111,131315,433,NoCredit,18,30506,Kinesiology and Health,in,,TK,00575,CreditByExam,AdvancedPlacement,sed tristique in tempus sit amet sem,6,spa,true,53346-1365,742009658-9,564,part 8 of 40 parts,POLS
643695582-8,ed8460f2-4d16-4c54-bed1-e74a5b556c5e,50114-6129,,287,Unreported,20,100104,Social Work,quis,,11,00741,Equivalence,UpperDivision,in faucibus orci luctus et ultrices posuere,93,spa,,63323-229,293985194-8,745,part 2 of 10 parts,GEOG
216521538-2,43bfdc52-0751-473f-bdc2-a5859318cbcf,49288-0143,150501,636,Other,5,59999,Music,ac,,10,00741,Equivalence,Dual,mauris eget massa,88,spa,false,55154-4605,269020284-0,756,part 0 of 59 parts,BISM
022191336-X,b783fc8d-96db-4458-9da0-c2f969e1e996,16590-007,90902,468,Quarter,20,120405,French,vel,Sed sagittis.,PB,00741,Remedial,NonAcademic,,,,true,49967-159,179440736-7,376,part 0 of 22 parts,THEA
832486976-X,83b9d552-3556-46d1-9076-efc7c402e363,59535-4601,269999,500,ClockHours,12,131302,Education,consequat,Ut tellus.,AE,00569,InternationalBaccalaureate,LowerDivision,nulla mollis molestie lorem,71,spa,true,55154-5590,590661014-6,231,part 2 of 67 parts,COMM
271928845-4,47300d21-a4fc-4a87-ad11-19b9ea10277d,30142-615,30501,339,ClockHours,13,10201,Computer Science,fermentum,,03,00575,Correspondence,Remedial,nulla dapibus dolor vel est donec odio,91,eng,false,63187-126,673593674-4,71,part 4 of 49 parts,ARTS
024076051-4,4e86f311-d4ed-4180-8f04-0d614d784368,68599-5312,,283,Units,5,90199,Geography,aenean,,12,00574,CreditByExam,AdultBasic,posuere felis sed lacus,8,eng,,,,182,part 4 of 63 parts,HIST
382887253-0,507db991-c2d3-44d8-8ae0-74ac320ead66,23155-500,,117,Semester,3,190708,English as a Second Language,duis,Donec semper sapien a libero.,09,00578,CreditByExam,TechnicalPreparatory,dapibus dolor vel est donec odio justo sollicitudin,58,spa,,0054-2795,007149616-5,702,part 9 of 22 parts,SOCI
754497731-5,f226769b-08a6-45c3-aff0-681e303f32b6,62699-1112,130501,349,Semester,13,150101,Nursing,urna,,09,00568,AcademicRenewal,Honors,duis mattis egestas metus aenean fermentum donec,32,eng,false,,,173,part 9 of 89 parts,RUSS
533121631-5,f7c490c0-05a2-4e86-b0fb-27101fd67de6,68026-543,10000,379,Quarter,12,30401,Sign Language Interpreting,pulvinar,Nullam sit amet turpis elementum ligula vehicula consequat.,PD,,Correspondence,,ac lobortis vel dapibus at,81,eng,true,,,653,part 5 of 70 parts,KREN
487941765-3,f7c490c0-05a2-4e86-b0fb-27101fd67de6,50383-269,131202,415,Semester,15,309999,Music,nec,"Quisque arcu libero, rutrum ac, lobortis vel, dapibus at, diam.",IT,73045,JuniorHighSchoolCredit,LowerDivision,lacus curabitur at ipsum ac tellus semper,42,eng,false,54575-428,482281548-X,458,part 2 of 13 parts,ENGR
083165003-6,48cb4a09-4eed-4f48-9159-1b6c25981e97,49288-0325,,180,Units,10,120401,Korean,suspendisse,,08,00578,Remedial,GraduateProfessional,pulvinar sed nisl nunc rhoncus dui vel sem,29,spa,,68788-9676,196276471-0,339,part 1 of 43 parts,FRSC
480555909-8,43bfdc52-0751-473f-bdc2-a5859318cbcf,27808-057,,410,CarnegieUnits,5,140801,Business,odio,"Integer aliquet, massa id lobortis convallis, tortor risus dapibus augue, vel accumsan tellus nisi eu orci.",DO,00573,HighSchoolCreditOnly,AdultBasic,viverra eget congue eget semper,60,eng,,49349-069,367511775-8,681,part 2 of 76 parts,EURO
103050247-1,29d7c481-6d7d-4446-a6e7-2f289bf1fd53,63323-306,,12,NoCredit,8,130501,Economics,morbi,,,73045,,NonAcademic,in quam fringilla rhoncus mauris enim leo,85,spa,,50114-7030,082832085-3,459,part 4 of 67 parts,JAPN
843921499-5,0dd2762f-b327-4318-9f2c-ec1eff5c9bac,36800-503,131202,581,Quarter,12,131399,Religion,orci,Etiam pretium iaculis justo.,08,00579,Correspondence,Honors,at lorem integer tincidunt ante,3,spa,true,0517-5704,881132138-7,248,part 5 of 27 parts,RSCH
274314959-0,4e86f311-d4ed-4180-8f04-0d614d784368,68462-235,230501,720,ClockHours,13,159999,Geology,in,,,,,,odio donec vitae nisi,18,spa,false,50111-328,179695210-9,50,part 9 of 11 parts,FRSC
551155595-9,0dd2762f-b327-4318-9f2c-ec1eff5c9bac,63868-060,,328,Other,20,120500,Business,leo,Nulla ac enim.,PD,73045,InternationalBaccalaureate,Accelerated,dis parturient montes nascetur ridiculus mus,99,eng,,63323-385,488838917-9,686,part 6 of 13 parts,KREN
389225585-7,29d7c481-6d7d-4446-a6e7-2f289bf1fd53,0008-0844,131001,634,CarnegieUnits,9,90701,Sociology,in,,10,00576,AcademicRenewal,GiftedTalented,porta volutpat quam,69,eng,false,52533-102,786627070-8,382,part 8 of 90 parts,PORT
738134163-8,b2fb2f2b-1de1-49e3-9081-41eab0a9d1a2,62011-0194,131006,142,NoCredit,14,131312,Kinesiology and Health,venenatis,,PM,00577,ContinuingEducation,CollegeLevel,ac diam cras pellentesque volutpat,43,eng,true,,,784,part 8 of 69 parts,PHIL
526161828-2,f0eea76f-9918-42a5-82de-a136a8e3dbfb,10482-001,,23,ContinuingEducationUnits,3,10103,Astronomy,leo,,PR,00575,CreditByExam,CollegeLevel,in porttitor pede justo,53,spa,,63629-1318,233756533-5,683,part 1 of 78 parts,CSCI
014083512-1,f7c490c0-05a2-4e86-b0fb-27101fd67de6,0555-0171,,511,Units,9,141801,Biology,ac,,TK,00579,Correspondence,Regents,parturient montes nascetur ridiculus mus vivamus vestibulum sagittis,42,spa,,40092-600,037488456-0,411,part 7 of 00 parts,GEOL
840680653-2,a0acb068-d8fc-4190-8eab-b5162f0e0f40,21695-980,130500,719,NoCredit,10,159999,Religion,vestibulum,,13,00570,AdvancedStanding,CollegeLevel,id pretium iaculis diam erat fermentum justo,56,spa,false,41250-477,173031540-2,101,part 4 of 97 parts,CSCI
041569515-5,1b9de9d6-d9bd-48ca-9c93-c19bbd1023bf,53808-0632,,493,Unreported,20,59999,Music,pellentesque,,DO,00741,InternationalBaccalaureate,GraduateProfessional,,,,,0071-1013,632070627-9,756,part 7 of 68 parts,PHYS
578408187-X,507db991-c2d3-44d8-8ae0-74ac320ead66,66975-101,,380,ContinuingEducationUnits,13,100201,Psychology,pede,,11,00568,AdvancedStanding,CollegePreparatory,justo nec condimentum neque sapien placerat ante,92,eng,,,,466,part 9 of 63 parts,SWAH
824655648-7,0dd2762f-b327-4318-9f2c-ec1eff5c9bac,29300-129,,719,Quarter,9,151501,History,nullam,Pellentesque ultrices mattis odio.,AS,00570,Correspondence,SpecialEducation,vestibulum ante ipsum primis,13,spa,,0615-4594,366841551-X,642,part 3 of 71 parts,ARAB
716209254-3,43bfdc52-0751-473f-bdc2-a5859318cbcf,13537-428,,706,ClockHours,1,301901,Korean,malesuada,,05,00572,CreditByExam,Honors,justo eu massa donec dapibus,12,eng,,49643-413,820578506-6,341,part 1 of 48 parts,SLIP
699491304-X,9db5eba4-6f6c-4743-848b-0c1d3b48b49e,76378-014,131205,150,CarnegieUnits,15,150501,Psychology,vehicula,Nulla nisl.,PB,00568,HighSchoolCreditOnly,InternationalBaccalaureate,,,,false,41616-936,107043686-0,753,part 7 of 19 parts,ASTR
630165359-9,a0acb068-d8fc-4190-8eab-b5162f0e0f40,41167-7516,,799,Units,2,10000,Social Work,lacus,,04,00569,HighSchoolTransferCredit,NonAcademic,sed accumsan felis ut at dolor quis odio,42,spa,,10544-591,419185358-9,692,part 0 of 78 parts,FRSC
860683181-6,6c6386b7-afcc-464a-a2f2-17d860e23f54,54868-4174,,524,ContinuingEducationUnits,11,190901,Film,consectetuer,,,00570,,AdvancedPlacement,nulla sed vel enim sit amet nunc viverra,32,eng,,43857-0168,197159127-0,252,part 6 of 59 parts,EURO
517766962-9,4e86f311-d4ed-4180-8f04-0d614d784368,53462-922,,461,ContinuingEducationUnits,8,190901,Social Work,vel,"Vivamus metus arcu, adipiscing molestie, hendrerit at, vulputate vitae, nisl.",AS,00573,Remedial,InternationalBaccalaureate,sit amet turpis elementum,40,spa,,59726-211,183282706-2,293,part 7 of 35 parts,PHED
974754058-4,f0eea76f-9918-42a5-82de-a136a8e3dbfb,49738-205,,128,NoCredit,18,131205,Dental Hygiene,ante,,AE,00576,AdvancedPlacement,InternationalBaccalaureate,fusce posuere felis sed lacus morbi sem,10,spa,,,,432,part 8 of 37 parts,PHYS
128074000-0,43bfdc52-0751-473f-bdc2-a5859318cbcf,55154-2423,,612,CarnegieUnits,4,240101,Integrated Science,eget,,12,73044,HighSchoolCreditOnly,LowerDivision,nonummy integer non velit donec diam,48,eng,,30142-532,954827995-9,143,part 2 of 86 parts,MATH
881305856-X,9db5eba4-6f6c-4743-848b-0c1d3b48b49e,50436-3435,,494,ContinuingEducationUnits,6,110101,French,semper,,13,00578,Major,Dual,lacinia sapien quis libero nullam,97,eng,,53208-410,966727659-7,9,part 7 of 53 parts,FILM
546316303-0,1b9de9d6-d9bd-48ca-9c93-c19bbd1023bf,62011-0194,,128,ContinuingEducationUnits,14,150603,Kinesiology and Health,quis,,TK,00569,HighSchoolCreditOnly,Dual,cursus id turpis integer aliquet massa,26,eng,,60000-055,698882679-3,487,part 2 of 88 parts,PLAS
474688943-0,6c6386b7-afcc-464a-a2f2-17d860e23f54,67172-015,,77,Quarter,13,131101,Applied Technology,curae,Aliquam quis turpis eget elit sodales scelerisque.,03,00573,AcademicRenewal,InternationalBaccalaureate,nibh fusce lacus,53,eng,,76365-0102,505646475-9,330,part 5 of 85 parts,PHIL
788104401-2,83b9d552-3556-46d1-9076-efc7c402e363,63304-166,,79,ClockHours,9,120501,Italian,adipiscing,,06,00568,Military,Accelerated,at diam nam,44,spa,,,,294,part 9 of 50 parts,PHIL
956315260-3,f0eea76f-9918-42a5-82de-a136a8e3dbfb,51393-6987,240199,3,Quarter,18,309999,Astronomy,et,Vestibulum ante ipsum primis in faucibus orci luctus et ultrices posuere cubilia Curae; Mauris viverra diam vitae quam.,07,,AdvancedStanding,,velit eu est congue elementum in hac habitasse,21,spa,true,64125-131,449705491-8,181,part 0 of 19 parts,MUSC
188435041-0,0dd2762f-b327-4318-9f2c-ec1eff5c9bac,0268-0612,130603,143,NoCredit,10,151303,Japanese,integer,,12,00577,Remedial,UpperDivision,non mattis pulvinar nulla,56,spa,false,,,678,part 5 of 26 parts,ENGL
013416948-4,0dd2762f-b327-4318-9f2c-ec1eff5c9bac,57955-2770,,71,Units,1,131015,Economics,bibendum,,03,,AcademicRenewal,,mauris sit amet eros suspendisse,94,spa,,,,154,part 6 of 83 parts,ENGL
044763504-2,83b9d552-3556-46d1-9076-efc7c402e363,64246-0001,270101,317,NoCredit,18,110101,History,ultrices,,13,00574,InternationalBaccalaureate,UpperDivision,fermentum donec ut mauris eget massa tempor convallis,26,eng,true,,,754,part 3 of 57 parts,MUSC
590230279-X,48cb4a09-4eed-4f48-9159-1b6c25981e97,60512-8035,230101,779,ClockHours,7,100305,Arabic,volutpat,,PM,00577,HighSchoolCreditOnly,Accelerated,rutrum nulla tellus,89,eng,false,,,777,part 7 of 85 parts,KINS
153277669-1,9db5eba4-6f6c-4743-848b-0c1d3b48b49e,10424-161,,336,CarnegieUnits,7,142401,Physical Science,nulla,,11,00570,JuniorHighSchoolCredit,Regents,ultrices phasellus id sapien in sapien,90,eng,,,,52,part 1 of 13 parts,ECON
999420136-0,1b9de9d6-d9bd-48ca-9c93-c19bbd1023bf,0363-0132,,161,Semester,8,131312,Prior Learning Assessment Seminar,erat,,13,00568,Regular,Regents,,,,,57520-0023,757662365-9,596,part 1 of 62 parts,MUSA
115087263-2,709c270c-ade9-45ba-aed4-40484eb16c8f,60986-1022,120503,168,ClockHours,8,231001,Forensic Science,ultrices,,PR,00741,Major,Vocational,sed vestibulum sit amet,53,spa,true,39892-0802,565967546-8,264,part 5 of 68 parts,ANTH
842371983-9,1b9de9d6-d9bd-48ca-9c93-c19bbd1023bf,68382-133,,344,Unreported,20,131299,Forensic Science,tincidunt,,KG,00568,AcademicRenewal,Accelerated,nunc nisl duis bibendum felis sed interdum venenatis,30,eng,,54569-2523,960386372-6,57,part 7 of 11 parts,BIOL
427857863-6,f226769b-08a6-45c3-aff0-681e303f32b6,50563-185,90799,389,CarnegieUnits,16,279999,Environmental Science,primis,,,00579,,GiftedTalented,vivamus vel nulla eget,87,eng,false,,,168,part 6 of 00 parts,BISM
158247403-6,83b9d552-3556-46d1-9076-efc7c402e363,76363-029,240101,744,ContinuingEducationUnits,11,160905,English,sem,,IT,00575,HighSchoolCreditOnly,CollegePreparatory,a nibh in quis justo maecenas rhoncus aliquam,52,spa,false,43269-739,494482298-7,113,part 8 of 03 parts,RELI
620173158-X,1b9de9d6-d9bd-48ca-9c93-c19bbd1023bf,43063-382,,413,Other,9,131099,Humanities,lorem,,,00578,,CollegeLevel,in sagittis dui,38,spa,,43857-0028,449201885-9,273,part 8 of 23 parts,THEA
482171136-2,1b9de9d6-d9bd-48ca-9c93-c19bbd1023bf,0264-1101,,514,Quarter,9,190101,Theatre,vivamus,Pellentesque viverra pede ac diam.,PM,00570,Equivalence,UpperDivision,nec euismod scelerisque quam turpis adipiscing,96,eng,,41250-402,988369879-8,312,part 4 of 78 parts,MUSA
107202139-0,b783fc8d-96db-4458-9da0-c2f969e1e996,49348-691,131205,746,NoCredit,7,150303,International Studies,nulla,,PM,00570,AdultBasic,Dual,augue quam sollicitudin vitae,85,spa,false,,,318,part 6 of 17 parts,PLAS
951799262-9,29d7c481-6d7d-4446-a6e7-2f289bf1fd53,36987-3363,110101,572,Unreported,20,240101,Theatre,blandit,,04,00568,Regular,SpecialEducation,sit amet cursus id turpis integer aliquet,3,eng,false,53808-0636,814030450-6,227,part 5 of 29 parts,ENGL
530813001-9,83b9d552-3556-46d1-9076-efc7c402e363,21695-900,150613,169,Units,12,131328,Environment of,posuere,,PM,00574,CreditByExam,NonAcademic,nulla nunc purus phasellus in felis,89,spa,false,42584-1001,976125785-1,730,part 8 of 35 parts,BUSA
637188061-6,f7c490c0-05a2-4e86-b0fb-27101fd67de6,0228-2778,130101,332,CarnegieUnits,5,90199,Anthropology,non,,02,00741,Correspondence,Honors,blandit mi in porttitor pede,39,spa,false,34666-005,712135398-9,9,part 7 of 20 parts,CHIN
904842088-1,9db5eba4-6f6c-4743-848b-0c1d3b48b49e,49288-0277,,626,Units,2,110901,Biology,sed,Sed ante.,AE,,HighSchoolDualCredit,,quis orci eget orci,39,eng,,31722-565,453640827-4,86,part 6 of 44 parts,MUSA
498625574-6,ed8460f2-4d16-4c54-bed1-e74a5b556c5e,55714-2272,131202,364,Units,14,160905,Astronomy,hac,,PD,00576,Remedial,Regents,vitae nisl aenean,76,eng,true,58599-004,111883204-3,41,part 8 of 21 parts,READ
774928322-6,6c6386b7-afcc-464a-a2f2-17d860e23f54,48951-9021,309999,691,NoCredit,1,309999,Nursing,dapibus,,07,00574,HighSchoolTransferCredit,Honors,ornare consequat lectus in est,27,eng,false,63629-3034,515513506-0,249,part 5 of 64 parts,SPAN
451817844-0,48cb4a09-4eed-4f48-9159-1b6c25981e97,42254-023,130101,95,Other,10,30101,Physics,sagittis,,13,00578,HighSchoolCreditOnly,SpecialEducation,elit ac nulla sed vel enim,73,spa,true,,,121,part 6 of 15 parts,CHIN
769849397-0,f226769b-08a6-45c3-aff0-681e303f32b6,61699-0201,142001,84,Quarter,10,150403,Journalism,pharetra,,08,00573,Remedial,GraduateProfessional,non velit nec nisi vulputate nonummy,62,eng,false,0009-5012,792377334-3,553,,JAPN
899068101-4,1b9de9d6-d9bd-48ca-9c93-c19bbd1023bf,0363-0382,131312,449,ContinuingEducationUnits,18,240101,Integrated Science,aliquam,,TK,00570,AdvancedPlacement,TechnicalPreparatory,felis donec semper sapien a,66,spa,true,55316-173,798950351-4,488,part 4 of 72 parts,HSEM
703710828-6,f7c490c0-05a2-4e86-b0fb-27101fd67de6,52959-138,190101,665,ContinuingEducationUnits,18,81105,Reading,erat,,06,00576,JuniorHighSchoolCredit,Regents,,,,true,10019-955,973354684-4,309,part 0 of 29 parts,ENVS
560376086-9,47300d21-a4fc-4a87-ad11-19b9ea10277d,0363-0132,151301,410,Other,5,240103,Philosophy,sem,,13,00568,Major,Accelerated,purus phasellus in felis donec,4,spa,false,21695-521,435091378-5,351,part 8 of 33 parts,GEOL
282457313-9,f11e9ee8-e933-44a3-9f7e-73747b8075ef,55301-468,150599,614,Units,9,19999,Spanish,donec,,AS,00577,Exemption,AdultBasic,aliquam augue quam sollicitudin vitae consectetuer,9,spa,false,68180-518,629837747-6,357,part 8 of 38 parts,ENGL
798987556-X,f226769b-08a6-45c3-aff0-681e303f32b6,60681-2402,250101,708,Unreported,11,131202,History,sapien,Nunc rhoncus dui vel sem.,KG,00741,HighSchoolDualCredit,AdvancedPlacement,luctus cum sociis natoque penatibus et magnis,68,eng,false,59535-9701,795286467-X,51,part 6 of 13 parts,RUSS
236747143-6,29d7c481-6d7d-4446-a6e7-2f289bf1fd53,0008-0844,143801,131,Other,5,260101,Accounting,erat,,PK,00575,Military,SpecialEducation,cubilia curae duis faucibus,53,spa,false,61957-1470,325236269-4,433,part 9 of 44 parts,MATH
122603804-2,709c270c-ade9-45ba-aed4-40484eb16c8f,51887-001,,201,CarnegieUnits,11,161200,Chemistry,lorem,,AE,,AdvancedPlacement,,risus praesent lectus vestibulum quam,2,eng,,13537-007,174895987-5,553,part 4 of 67 parts,GEOL
621212362-4,507db991-c2d3-44d8-8ae0-74ac320ead66,76088-100,169999,740,Unreported,3,90499,Integrated Science,sagittis,,,00574,,Regents,viverra diam vitae quam suspendisse potenti nullam,18,eng,false,59779-426,125218754-8,491,part 3 of 90 parts,ATEC
347908635-7,0dd2762f-b327-4318-9f2c-ec1eff5c9bac,36987-1344,130401,31,Quarter,9,10605,Criminal Justice,lectus,,AE,00578,AdvancedStanding,Dual,lectus suspendisse potenti in eleifend quam,10,eng,true,,,438,part 8 of 61 parts,KINS
324547262-5,f7c490c0-05a2-4e86-b0fb-27101fd67de6,0615-1324,190704,354,Semester,14,151303,Japanese,ante,,02,00575,AdvancedPlacement,CollegePreparatory,felis ut at dolor quis,43,eng,false,0573-2871,275735074-9,276,part 1 of 60 parts,SWAH
520862866-X,9db5eba4-6f6c-4743-848b-0c1d3b48b49e,62756-712,,693,NoCredit,19,231001,Computer Science,blandit,,,00577,,Basic,dolor sit amet consectetuer adipiscing elit,96,eng,,0378-8301,319922651-5,517,part 0 of 05 parts,PLAS
756203194-0,47300d21-a4fc-4a87-ad11-19b9ea10277d,49738-822,,647,Quarter,16,131001,Research Strategies and Technology,accumsan,Cras in purus eu magna vulputate luctus.,01,73044,Military,Basic,,,,,68016-134,482613221-2,345,part 9 of 50 parts,THEA
389597149-9,0dd2762f-b327-4318-9f2c-ec1eff5c9bac,42254-023,149999,446,Semester,2,150607,German,pede,,KG,,AdvancedPlacement,,malesuada in imperdiet et commodo,99,eng,false,54868-0617,721815806-4,442,part 5 of 02 parts,ITAL
939061920-3,48cb4a09-4eed-4f48-9159-1b6c25981e97,68084-524,10103,629,ClockHours,18,131311,Nursing,dapibus,,PK,00578,HighSchoolTransferCredit,SpecialEducation,in faucibus orci luctus,11,spa,false,21695-945,478644308-5,752,part 7 of 70 parts,ARTS
583830224-0,709c270c-ade9-45ba-aed4-40484eb16c8f,49999-854,,404,ContinuingEducationUnits,17,131301,English as a Second Language,posuere,,11,00570,HighSchoolCreditOnly,Accelerated,pede ullamcorper augue a suscipit nulla elit,14,eng,,43857-0298,892412626-1,614,part 4 of 21 parts,ASTR
621350995-X,b2fb2f2b-1de1-49e3-9081-41eab0a9d1a2,61715-093,,151,NoCredit,8,10605,Spanish,fusce,,06,00578,Equivalence,LowerDivision,est congue elementum in,100,spa,,54575-952,593185419-3,574,part 6 of 91 parts,BISM
322968227-0,6c6386b7-afcc-464a-a2f2-17d860e23f54,43857-0022,159999,330,ContinuingEducationUnits,8,143601,First-Year Seminar,magna,Pellentesque viverra pede ac diam.,07,00570,CreditByExam,Vocational,tempor turpis nec euismod scelerisque quam turpis adipiscing,39,spa,false,,,558,part 4 of 00 parts,NURS
117308996-9,9db5eba4-6f6c-4743-848b-0c1d3b48b49e,68026-543,310101,88,NoCredit,12,49999,Prior Learning Assessment Seminar,pellentesque,,03,73044,CreditByExam,LowerDivision,a ipsum integer a,90,eng,false,58118-5229,509118635-2,398,part 1 of 77 parts,ENGR
992646501-3,0dd2762f-b327-4318-9f2c-ec1eff5c9bac,52685-352,190505,519,ContinuingEducationUnits,20,90401,Mathematics,fusce,Morbi a ipsum.,PR,00571,Military,GiftedTalented,vel pede morbi,79,eng,true,66336-486,066787735-5,495,part 8 of 67 parts,SOCW
741459658-3,29d7c481-6d7d-4446-a6e7-2f289bf1fd53,65044-1540,110901,616,ClockHours,10,261309,Applied Technology,in,,05,00571,HighSchoolTransferCredit,Honors,leo maecenas pulvinar lobortis est phasellus,90,eng,true,55566-5020,280256823-X,334,part 0 of 51 parts,NURS
464461611-7,f226769b-08a6-45c3-aff0-681e303f32b6,68382-133,131101,462,CarnegieUnits,10,50103,German,at,,01,00571,HighSchoolCreditOnly,InternationalBaccalaureate,metus arcu adipiscing molestie hendrerit at vulputate,98,eng,true,63629-4768,051390021-7,186,,PHYS
288639531-5,f0eea76f-9918-42a5-82de-a136a8e3dbfb,42808-301,310101,358,Quarter,19,309999,Dental Hygiene,consequat,Suspendisse potenti.,PT,73045,AdvancedPlacement,InternationalBaccalaureate,venenatis tristique fusce congue diam id ornare imperdiet,5,eng,false,49348-846,569155675-4,406,part 4 of 60 parts,KREN
748199512-5,f7c490c0-05a2-4e86-b0fb-27101fd67de6,60986-1022,,553,CarnegieUnits,7,30104,Social Work,a,,PR,73044,HighSchoolTransferCredit,CollegePreparatory,pede justo lacinia eget tincidunt,78,spa,,0555-0832,816864573-1,238,part 3 of 65 parts,EURO
083647830-4,f226769b-08a6-45c3-aff0-681e303f32b6,41167-0105,,232,Semester,2,131001,Economics,nulla,Morbi non lectus.,12,00578,HighSchoolCreditOnly,UpperDivision,erat curabitur gravida nisi,86,spa,,0363-0456,002090518-1,688,part 2 of 92 parts,PSYC
428225164-6,48cb4a09-4eed-4f48-9159-1b6c25981e97,51393-6987,,132,Unreported,7,309999,Astronomy,viverra,,AS,73044,AdvancedStanding,CollegePreparatory,eget rutrum at lorem integer tincidunt,45,spa,,0268-0885,375502671-6,742,part 7 of 70 parts,ATEC
798515039-0,ed8460f2-4d16-4c54-bed1-e74a5b556c5e,58414-8321,139999,426,Units,8,110401,Geology,metus,,IT,00741,HighSchoolCreditOnly,AdvancedPlacement,purus eu magna vulputate luctus,13,spa,true,48951-8008,329598539-1,427,part 5 of 16 parts,RELI
239265090-X,507db991-c2d3-44d8-8ae0-74ac320ead66,68462-235,111003,489,NoCredit,1,10201,Business Information Systems,sit,,09,73045,Regular,CollegePreparatory,duis consequat dui nec nisi volutpat eleifend,21,eng,true,50268-728,765848197-1,543,part 1 of 39 parts,ISCI
698180779-3,83b9d552-3556-46d1-9076-efc7c402e363,69139-001,190101,560,ContinuingEducationUnits,12,131206,Biology,consequat,,PD,00568,Military,GiftedTalented,sed augue aliquam erat,59,eng,false,49643-393,959272010-X,766,part 8 of 20 parts,RUSS
173465261-6,1b9de9d6-d9bd-48ca-9c93-c19bbd1023bf,64141-916,99999,173,Unreported,18,240101,Communication,turpis,,02,73044,HighSchoolCreditOnly,AdultBasic,ultrices vel augue vestibulum ante ipsum primis,93,eng,true,43063-536,824860819-0,745,part 4 of 78 parts,ECON
065832567-1,ed8460f2-4d16-4c54-bed1-e74a5b556c5e,64980-166,110601,651,Semester,17,131018,Physics,at,Nulla ac enim.,,00741,,Dual,tincidunt in leo maecenas pulvinar lobortis,91,eng,false,0113-0340,002813871-6,693,part 2 of 02 parts,PHIL
881434961-4,47300d21-a4fc-4a87-ad11-19b9ea10277d,51141-0237,,342,ContinuingEducationUnits,5,260299,Music,ligula,,05,00578,AdultBasic,TechnicalPreparatory,aliquet massa id lobortis,56,spa,,75997-026,220601428-9,77,part 2 of 87 parts,THEA
071902623-7,4e86f311-d4ed-4180-8f04-0d614d784368,67938-2009,240101,303,Unreported,9,309999,Criminal Justice,et,Morbi porttitor lorem id ligula.,10,00579,Military,Remedial,nulla dapibus dolor vel est,83,spa,true,35356-723,862651250-3,567,part 8 of 40 parts,GRMN
843299521-5,f0eea76f-9918-42a5-82de-a136a8e3dbfb,68151-5003,110401,327,Other,16,110101,Prior Learning Assessment Seminar,in,,DO,00575,InternationalBaccalaureate,Regents,risus auctor sed tristique,73,spa,true,0615-1562,959806609-6,142,part 4 of 57 parts,ECON
636363474-1,43bfdc52-0751-473f-bdc2-a5859318cbcf,52124-0009,150613,791,CarnegieUnits,1,131305,Political Science,consequat,Praesent blandit lacinia erat.,PD,00571,HighSchoolTransferCredit,CollegeLevel,morbi non quam,74,eng,true,49708-145,169072091-3,638,part 1 of 19 parts,SLIP
426566526-8,4e86f311-d4ed-4180-8f04-0d614d784368,0409-9366,159999,777,Unreported,3,150399,Business,aliquam,,OT,00569,HighSchoolTransferCredit,UpperDivision,ante ipsum primis in,46,spa,true,,,762,part 3 of 93 parts,MUSA
449552304-X,f0eea76f-9918-42a5-82de-a136a8e3dbfb,64980-166,130404,300,ClockHours,8,131312,Chemistry,sed,,MD,00568,ContinuingEducation,AdvancedPlacement,nulla neque libero,15,eng,true,,,769,,ENGL
157173105-9,f7c490c0-05a2-4e86-b0fb-27101fd67de6,10812-957,,681,Other,6,131011,Nursing,proin,,PD,00578,HighSchoolTransferCredit,GiftedTalented,faucibus accumsan odio,98,spa,,68788-9946,584912940-5,537,part 0 of 34 parts,JAPN
272229699-3,b2fb2f2b-1de1-49e3-9081-41eab0a9d1a2,0069-9142,30104,500,Semester,15,30509,Journalism,et,,05,00577,HighSchoolTransferCredit,Vocational,fermentum donec ut mauris,64,spa,false,,,799,,KINS
648412817-0,47300d21-a4fc-4a87-ad11-19b9ea10277d,68745-2011,130402,578,ClockHours,11,90701,Prior Learning Assessment Seminar,suscipit,,,73045,,Remedial,vitae mattis nibh ligula nec,91,spa,true,53808-0678,248318424-3,157,part 6 of 15 parts,GRMN
069450839-X,0dd2762f-b327-4318-9f2c-ec1eff5c9bac,17452-430,110101,494,Quarter,4,309999,Sociology,interdum,"Cum sociis natoque penatibus et magnis dis parturient montes, nascetur ridiculus mus.",11,00576,HighSchoolDualCredit,GiftedTalented,ipsum aliquam non mauris morbi,30,spa,true,,,673,part 8 of 03 parts,COMM
209031966-6,83b9d552-3556-46d1-9076-efc7c402e363,64159-6976,151301,360,Units,15,240101,Psychology,libero,,11,00576,JuniorHighSchoolCredit,AdvancedPlacement,bibendum felis sed,18,eng,false,,,647,,PHIL
990540316-7,9db5eba4-6f6c-4743-848b-0c1d3b48b49e,55312-214,110103,84,ContinuingEducationUnits,1,110202,First-Year Seminar,nisl,,10,00577,AcademicRenewal,Basic,volutpat in congue etiam justo etiam,81,eng,false,53808-0251,986847347-0,501,part 8 of 93 parts,PHYS
356735310-1,4e86f311-d4ed-4180-8f04-0d614d784368,53808-0632,,72,Quarter,9,10601,Portuguese,tortor,,03,00569,AdultBasic,SpecialEducation,ligula vehicula consequat morbi a ipsum integer a,82,spa,,,,445,part 2 of 59 parts,SOCW
825226289-9,47300d21-a4fc-4a87-ad11-19b9ea10277d,0002-5121,,710,Units,18,140201,Music,orci,,11,00575,Remedial,NonAcademic,sit amet consectetuer adipiscing,50,eng,,36987-2964,730349085-X,131,part 7 of 91 parts,PHSC
605241995-4,47300d21-a4fc-4a87-ad11-19b9ea10277d,49035-519,,533,Units,9,302501,Dental Hygiene,est,,01,00571,InternationalBaccalaureate,AdvancedPlacement,sed ante vivamus tortor duis mattis egestas metus,37,eng,,0378-6510,239930579-5,649,part 0 of 71 parts,ENGL
614537668-6,9db5eba4-6f6c-4743-848b-0c1d3b48b49e,29500-0240,,378,Unreported,10,140501,Anthropology,maecenas,,02,00575,Exemption,Accelerated,vulputate elementum nullam varius nulla,33,eng,,55154-6643,289574161-1,684,part 6 of 72 parts,JAPN
646334352-8,f226769b-08a6-45c3-aff0-681e303f32b6,0904-6296,131205,765,Unreported,19,131202,Religion,vel,,AS,00571,ContinuingEducation,GiftedTalented,tincidunt lacus at velit vivamus vel nulla,51,spa,false,0078-0249,232993111-5,43,,GEOL
279650607-X,6c6386b7-afcc-464a-a2f2-17d860e23f54,52731-7052,131205,562,CarnegieUnits,19,309999,European Union,mauris,,04,00569,Exemption,Regents,nam nulla integer pede justo lacinia eget,42,eng,false,52125-638,915076271-0,651,part 5 of 73 parts,SPAN
382599392-2,47300d21-a4fc-4a87-ad11-19b9ea10277d,67510-0502,110801,322,Unreported,19,131202,French,luctus,,IT,00573,HighSchoolCreditOnly,LowerDivision,elit proin interdum mauris non ligula pellentesque ultrices,69,spa,true,54868-2679,049471555-3,511,part 0 of 62 parts,SLIP
619064914-9,a0acb068-d8fc-4190-8eab-b5162f0e0f40,57627-109,,335,Quarter,13,301401,Homeland Security and Emergency Management,donec,,PB,00576,InternationalBaccalaureate,CollegePreparatory,sagittis nam congue risus semper porta volutpat,42,eng,,54118-7199,971681861-0,716,part 0 of 72 parts,EDUC
472016816-7,a0acb068-d8fc-4190-8eab-b5162f0e0f40,55154-3377,,120,CarnegieUnits,18,131205,French,id,,PK,73044,ContinuingEducation,CollegePreparatory,ligula vehicula consequat morbi a ipsum integer a,71,eng,,,,71,part 2 of 23 parts,ISCI
802720486-0,43bfdc52-0751-473f-bdc2-a5859318cbcf,54340-800,,51,Units,17,140701,Film,in,Duis aliquam convallis nunc.,MD,00572,AdultBasic,Basic,aliquam sit amet diam in magna,95,eng,,41268-358,025100949-1,542,part 5 of 65 parts,RUSS
786927789-4,a0acb068-d8fc-4190-8eab-b5162f0e0f40,61957-1069,269999,123,Semester,5,240101,Sociology,sapien,,PR,00579,AdvancedStanding,InternationalBaccalaureate,primis in faucibus orci luctus et ultrices posuere,93,spa,true,54868-4812,012830793-5,398,part 2 of 45 parts,NURS
424270379-1,29d7c481-6d7d-4446-a6e7-2f289bf1fd53,66993-475,,397,ClockHours,18,240199,Forensic Science,odio,,12,00569,HighSchoolDualCredit,Remedial,orci vehicula condimentum curabitur in libero ut,71,spa,,58118-5522,032082143-9,672,part 1 of 10 parts,ENGR
875626550-6,507db991-c2d3-44d8-8ae0-74ac320ead66,58479-003,131305,207,Semester,11,119999,Music,mi,,DO,73045,Equivalence,NonAcademic,lobortis est phasellus sit amet erat,27,spa,true,11822-3801,140875096-1,163,part 5 of 36 parts,ENGR
652010128-1,a0acb068-d8fc-4190-8eab-b5162f0e0f40,42681-0508,,358,NoCredit,18,10101,Music,vestibulum,Nulla justo.,,00574,,AdvancedPlacement,eleifend luctus ultricies eu nibh quisque,72,spa,,60505-0181,872285082-1,344,part 5 of 95 parts,MUSA
895933605-X,f7c490c0-05a2-4e86-b0fb-27101fd67de6,68462-235,,369,CarnegieUnits,15,140701,Chinese,mollis,,13,00579,HighSchoolDualCredit,AdultBasic,non mauris morbi non lectus aliquam sit amet,93,spa,,60232-8577,696689156-8,439,part 9 of 89 parts,HSEM
289332335-9,f7c490c0-05a2-4e86-b0fb-27101fd67de6,68599-5312,300000,361,Units,3,240101,International Studies,imperdiet,,,00570,,CollegeLevel,magna ac consequat metus sapien ut,47,eng,true,50760-8051,635409443-8,704,part 6 of 93 parts,SOCW
363137960-9,47300d21-a4fc-4a87-ad11-19b9ea10277d,59676-960,,776,Unreported,5,110401,Business Information Systems,pede,,12,73045,InternationalBaccalaureate,Honors,diam cras pellentesque volutpat dui maecenas,76,eng,,0904-2011,104005484-6,231,part 6 of 61 parts,SWAH
248134830-3,43bfdc52-0751-473f-bdc2-a5859318cbcf,55910-359,120409,619,Quarter,6,131316,Japanese,nisl,,DO,73044,Major,Honors,aenean lectus pellentesque eget nunc donec quis,7,spa,false,,,431,part 2 of 52 parts,READ
751358972-0,a0acb068-d8fc-4190-8eab-b5162f0e0f40,64679-728,151001,126,CarnegieUnits,2,150303,Religion,dolor,,05,00575,AdvancedPlacement,AdvancedPlacement,etiam justo etiam pretium iaculis,68,spa,true,43063-061,899235327-8,606,part 2 of 69 parts,SOCW
875015371-4,1b9de9d6-d9bd-48ca-9c93-c19bbd1023bf,68814-145,110101,210,Other,11,151303,Japanese,duis,,OT,00577,JuniorHighSchoolCredit,Dual,venenatis non sodales,71,spa,false,43846-0020,993345423-4,664,part 4 of 70 parts,ANTH
892984532-0,48cb4a09-4eed-4f48-9159-1b6c25981e97,42254-118,301701,638,ContinuingEducationUnits,12,131302,Engineering,pede,,02,00579,InternationalBaccalaureate,LowerDivision,bibendum morbi non quam nec dui,86,eng,true,64483-001,483934431-0,306,part 1 of 54 parts,MATH
086115254-9,0dd2762f-b327-4318-9f2c-ec1eff5c9bac,33261-408,,719,Unreported,11,309999,Portuguese,tortor,,02,00574,AdvancedPlacement,GraduateProfessional,augue aliquam erat volutpat in congue,36,spa,,,,569,part 3 of 35 parts,BIOL
183476676-1,709c270c-ade9-45ba-aed4-40484eb16c8f,51224-162,,153,Quarter,8,231304,Philosophy,in,Suspendisse ornare consequat lectus.,08,00572,HighSchoolDualCredit,GraduateProfessional,eget eleifend luctus,19,eng,,49726-035,767089080-0,522,part 7 of 01 parts,PHYS
331948522-9,48cb4a09-4eed-4f48-9159-1b6c25981e97,43063-382,,23,ContinuingEducationUnits,8,260101,Art,dictumst,,06,00577,AdvancedPlacement,Vocational,etiam justo etiam,93,eng,,10056-484,673568943-7,578,part 2 of 59 parts,READ
185384634-1,ed8460f2-4d16-4c54-bed1-e74a5b556c5e,76363-029,,239,Units,13,240101,Korean,luctus,,13,00572,AdultBasic,UpperDivision,quisque ut erat,13,eng,,63736-915,945403177-5,105,part 8 of 33 parts,PHED
500745386-2,f11e9ee8-e933-44a3-9f7e-73747b8075ef,36987-2203,131210,286,Quarter,20,110103,Homeland Security and Emergency Management,eu,Integer non velit.,DO,,JuniorHighSchoolCredit,,varius integer ac leo,30,spa,false,16590-437,554532906-4,485,part 8 of 87 parts,BUSA
592889812-6,b783fc8d-96db-4458-9da0-c2f969e1e996,54868-0061,309999,400,Units,14,131210,Economics,pulvinar,"Lorem ipsum dolor sit amet, consectetuer adipiscing elit.",BA,00573,Military,GiftedTalented,rutrum nulla nunc purus,64,eng,true,0007-4643,850209852-7,307,part 7 of 61 parts,CRJU
444107337-2,b2fb2f2b-1de1-49e3-9081-41eab0a9d1a2,59779-715,260101,768,Other,9,220302,Physical Science,massa,,BA,00568,InternationalBaccalaureate,Honors,nec molestie sed justo pellentesque viverra,7,eng,false,59762-1412,768011175-8,245,part 9 of 29 parts,GEOG
473296804-X,43bfdc52-0751-473f-bdc2-a5859318cbcf,33261-150,,755,NoCredit,12,190701,Communication,ligula,,,00579,,CollegePreparatory,a libero nam dui proin leo odio porttitor,50,eng,,,,724,part 2 of 33 parts,JAPN
971857639-8,709c270c-ade9-45ba-aed4-40484eb16c8f,49288-0831,,351,Other,18,110601,Environment of,nulla,,03,,JuniorHighSchoolCredit,,nunc nisl duis bibendum felis sed interdum venenatis,80,eng,,0270-5164,757331418-3,205,part 6 of 19 parts,CSCI
544412953-1,f226769b-08a6-45c3-aff0-681e303f32b6,0409-1539,70601,489,Units,3,90499,Spanish,lectus,,04,00578,HighSchoolTransferCredit,Basic,quis orci nullam molestie,31,eng,false,0066-0510,497712241-0,67,part 9 of 14 parts,ARTS
603038551-8,4e86f311-d4ed-4180-8f04-0d614d784368,62678-217,240102,598,CarnegieUnits,13,150404,Research Strategies and Technology,tortor,,10,00579,HighSchoolCreditOnly,InternationalBaccalaureate,justo morbi ut odio cras,10,eng,false,36800-074,794691484-9,716,part 6 of 23 parts,RSCH
388270250-8,a0acb068-d8fc-4190-8eab-b5162f0e0f40,55154-1339,130101,166,Other,10,130401,Education,mattis,Nullam porttitor lacus at turpis.,10,00574,AcademicRenewal,GraduateProfessional,fermentum justo nec condimentum,15,eng,true,41250-432,537495906-9,493,part 9 of 70 parts,CSCI
150602330-4,f11e9ee8-e933-44a3-9f7e-73747b8075ef,55289-590,,299,Unreported,14,110401,Art,aenean,,AS,00572,AdvancedPlacement,Honors,arcu libero rutrum,54,eng,,49999-836,843503811-4,103,part 3 of 01 parts,SOCI
072041059-2,f7c490c0-05a2-4e86-b0fb-27101fd67de6,42884-352,,289,CarnegieUnits,10,240101,Anthropology,consequat,,PM,,HighSchoolTransferCredit,,id pretium iaculis diam erat fermentum,89,spa,,54575-962,167154869-8,769,part 8 of 07 parts,ITAL
275207552-9,0dd2762f-b327-4318-9f2c-ec1eff5c9bac,52686-278,131205,535,ClockHours,8,169999,Astronomy,integer,,05,00571,HighSchoolDualCredit,CollegePreparatory,praesent blandit nam nulla integer pede,7,eng,true,67234-009,457787570-5,503,part 1 of 48 parts,ATEC
412611726-1,507db991-c2d3-44d8-8ae0-74ac320ead66,0093-7350,,645,Units,14,131202,Swahili,dictumst,Morbi non quam nec dui luctus rutrum.,01,,AcademicRenewal,,primis in faucibus orci luctus,89,spa,,,,3,part 3 of 65 parts,GEOG
077817906-0,43bfdc52-0751-473f-bdc2-a5859318cbcf,52731-7018,,512,NoCredit,7,110101,Applied Music,ipsum,"Quisque erat eros, viverra eget, congue eget, semper rutrum, nulla.",05,00571,AcademicRenewal,Dual,ut blandit non interdum,70,eng,,65862-490,516212729-9,568,part 3 of 69 parts,PORT
749258331-1,b2fb2f2b-1de1-49e3-9081-41eab0a9d1a2,10544-599,110901,310,Units,1,10309,Social Work,luctus,,PB,00741,CreditByExam,Regents,pulvinar lobortis est phasellus sit amet erat,41,eng,false,51531-4329,030934139-6,739,part 5 of 51 parts,RELI
790474867-3,4e86f311-d4ed-4180-8f04-0d614d784368,39822-0412,,735,Units,10,10507,Russian,elit,,05,00569,ContinuingEducation,Dual,,,,,0268-1610,471064814-X,491,part 9 of 88 parts,KREN
275187505-X,b2fb2f2b-1de1-49e3-9081-41eab0a9d1a2,0008-0844,190709,404,Other,6,110401,Film,ut,,04,00578,Military,Accelerated,at nunc commodo placerat praesent,34,spa,false,0615-1342,479860262-0,699,part 8 of 38 parts,POLS
877851441-X,f11e9ee8-e933-44a3-9f7e-73747b8075ef,63304-261,,619,ClockHours,14,130101,Applied Technology,nibh,,09,00579,JuniorHighSchoolCredit,Honors,nulla tempus vivamus in felis eu sapien cursus,45,spa,,41250-709,225949074-3,46,part 2 of 07 parts,BISM
900661442-4,1b9de9d6-d9bd-48ca-9c93-c19bbd1023bf,66993-475,,127,CarnegieUnits,13,90702,Portuguese,sit,,09,00570,HighSchoolTransferCredit,Regents,mauris enim leo,81,spa,,47593-279,054695717-X,96,part 3 of 74 parts,SWAH
787622989-1,b783fc8d-96db-4458-9da0-c2f969e1e996,0179-0157,,485,Quarter,5,90101,Music,non,,06,00576,Remedial,TechnicalPreparatory,metus vitae ipsum aliquam non mauris morbi non,32,eng,,0615-6547,680589383-6,248,part 7 of 27 parts,EDUC
477476841-3,0dd2762f-b327-4318-9f2c-ec1eff5c9bac,49035-872,130301,561,ContinuingEducationUnits,4,190101,Forensic Science,ac,"Morbi vestibulum, velit id pretium iaculis, diam erat fermentum justo, nec condimentum neque sapien placerat ante.",07,73044,AdvancedPlacement,InternationalBaccalaureate,lorem quisque ut erat,22,spa,true,59779-946,318111436-7,185,part 9 of 52 parts,ITAL
829020168-0,9db5eba4-6f6c-4743-848b-0c1d3b48b49e,42192-707,,280,Units,18,270101,Music,sit,,07,00570,HighSchoolTransferCredit,GraduateProfessional,augue luctus tincidunt nulla mollis,71,eng,,,,175,part 4 of 05 parts,DHYG
803385841-9,4e86f311-d4ed-4180-8f04-0d614d784368,52731-7018,,753,ContinuingEducationUnits,13,131205,Film,sapien,,DO,00571,HighSchoolCreditOnly,AdultBasic,,,,,68788-9076,426838323-9,613,part 9 of 93 parts,EURO
973850255-1,47300d21-a4fc-4a87-ad11-19b9ea10277d,61010-1112,,207,Unreported,8,131317,Computer Science,est,Aliquam erat volutpat.,PD,,Military,,in eleifend quam a,55,spa,,57367-001,046901822-4,636,part 2 of 25 parts,SPAN
501659064-8,48cb4a09-4eed-4f48-9159-1b6c25981e97,51224-162,,201,Quarter,15,260802,Reading,eget,,10,00570,InternationalBaccalaureate,Basic,consequat nulla nisl nunc nisl duis bibendum felis,21,spa,,67692-332,556297074-0,688,part 3 of 95 parts,MUSC
909041282-4,f11e9ee8-e933-44a3-9f7e-73747b8075ef,41163-227,,62,Other,10,131307,English as a Second Language,commodo,Morbi vel lectus in quam fringilla rhoncus.,AS,00575,HighSchoolCreditOnly,Basic,,,,,36987-1026,925374898-2,292,part 8 of 31 parts,GEOL
184621373-8,47300d21-a4fc-4a87-ad11-19b9ea10277d,57520-0427,,668,ContinuingEducationUnits,4,131317,Forensic Science,turpis,,10,00578,Exemption,Honors,porta volutpat quam pede lobortis ligula,38,eng,,36987-1343,452593196-5,132,part 6 of 34 parts,SOCI
045640357-4,48cb4a09-4eed-4f48-9159-1b6c25981e97,31190-210,130301,612,CarnegieUnits,9,230101,Accounting,eget,,PB,00741,HighSchoolDualCredit,Vocational,porta volutpat erat quisque erat,74,eng,true,,,259,part 8 of 95 parts,JAPN
773331039-3,b2fb2f2b-1de1-49e3-9081-41eab0a9d1a2,0904-6296,,93,Unreported,6,140801,Applied Technology,lacinia,Proin at turpis a pede posuere nonummy.,02,00570,HighSchoolTransferCredit,Remedial,lobortis sapien sapien non mi integer ac neque,30,eng,,43269-861,604514126-1,104,part 1 of 60 parts,PHED
065756817-1,f226769b-08a6-45c3-aff0-681e303f32b6,0591-3169,220101,531,ContinuingEducationUnits,8,151301,Italian,etiam,,01,73045,Military,Basic,vel nulla eget eros elementum,100,eng,false,41190-459,875896290-5,149,part 5 of 99 parts,READ
480712042-5,709c270c-ade9-45ba-aed4-40484eb16c8f,57520-0309,131314,578,Other,8,161201,Applied Music,sapien,Pellentesque viverra pede ac diam.,PD,00579,ContinuingEducation,Dual,morbi porttitor lorem id ligula suspendisse,17,eng,true,49643-393,783250114-6,288,part 6 of 78 parts,GEOL
434153445-9,709c270c-ade9-45ba-aed4-40484eb16c8f,0187-4100,110201,565,Quarter,12,240101,Geography,neque,,12,00568,ContinuingEducation,Basic,at nulla suspendisse potenti cras in purus,58,eng,true,50436-5500,561656700-0,164,part 2 of 46 parts,ISCI
569352074-9,1b9de9d6-d9bd-48ca-9c93-c19bbd1023bf,49035-872,,724,Units,1,131205,Philosophy,ac,Pellentesque at nulla.,AE,00574,Military,TechnicalPreparatory,natoque penatibus et magnis dis,49,spa,,,,665,part 4 of 54 parts,GEOG
124769945-5,b783fc8d-96db-4458-9da0-c2f969e1e996,59779-161,111003,475,ClockHours,5,110301,Russian,amet,,AS,00575,AdvancedStanding,Vocational,elementum in hac habitasse platea dictumst,21,eng,true,36800-957,684107529-3,558,part 0 of 46 parts,FILM
543933520-X,709c270c-ade9-45ba-aed4-40484eb16c8f,0363-0382,,46,Quarter,14,131001,Film,neque,,PK,00572,HighSchoolDualCredit,AdultBasic,dis parturient montes nascetur,18,eng,,59535-1301,837239060-6,269,part 5 of 68 parts,JOUR
885330628-9,9db5eba4-6f6c-4743-848b-0c1d3b48b49e,55289-144,,509,Units,2,110101,Theatre,tincidunt,,03,73045,CreditByExam,CollegePreparatory,porttitor lacus at turpis,8,eng,,55154-8389,012938499-2,150,,MATH
088701914-5,507db991-c2d3-44d8-8ae0-74ac320ead66,62175-136,99999,95,CarnegieUnits,9,131320,Homeland Security and Emergency Management,accumsan,,05,00573,HighSchoolTransferCredit,GiftedTalented,,,,true,24385-619,654184792-4,635,part 3 of 63 parts,THEA
448756306-2,48cb4a09-4eed-4f48-9159-1b6c25981e97,98132-123,220302,311,Units,19,309999,Portuguese,in,,13,00571,Exemption,InternationalBaccalaureate,platea dictumst aliquam augue quam sollicitudin,33,eng,true,49288-0356,065464653-8,71,part 5 of 74 parts,JOUR
241860765-8,b783fc8d-96db-4458-9da0-c2f969e1e996,58414-8321,131001,360,Semester,12,110103,Religion,felis,,,00571,,AdultBasic,erat tortor sollicitudin mi sit amet,51,eng,true,54868-6310,720677679-5,720,part 8 of 75 parts,KREN
376098980-2,4e86f311-d4ed-4180-8f04-0d614d784368,55655-122,,524,Quarter,2,111004,Geography,mauris,,03,00571,AdvancedStanding,Regents,aenean auctor gravida sem praesent,15,eng,,51393-6445,336150408-2,290,part 2 of 88 parts,PSYC
488860987-X,43bfdc52-0751-473f-bdc2-a5859318cbcf,53808-0303,,675,ContinuingEducationUnits,3,50207,Social Work,adipiscing,Mauris ullamcorper purus sit amet nulla.,PD,00576,AdvancedStanding,AdvancedPlacement,neque vestibulum eget vulputate ut ultrices vel augue,88,spa,,,,571,part 6 of 88 parts,HSEM
797926013-9,f11e9ee8-e933-44a3-9f7e-73747b8075ef,61010-1112,,349,ContinuingEducationUnits,13,130900,Korean,donec,,PB,00568,Major,GiftedTalented,ut erat id,96,spa,,43063-340,832519628-9,660,part 1 of 71 parts,GEOG
716235293-6,47300d21-a4fc-4a87-ad11-19b9ea10277d,66689-711,90903,547,Units,4,139999,Forensic Science,nec,,PB,73045,CreditByExam,Dual,faucibus orci luctus et ultrices posuere cubilia,46,eng,false,44183-509,115389477-7,114,part 8 of 75 parts,RELI
634364781-3,29d7c481-6d7d-4446-a6e7-2f289bf1fd53,24488-006,,470,ContinuingEducationUnits,14,150303,Environmental Science,amet,,11,00572,HighSchoolDualCredit,Dual,facilisi cras non velit nec nisi vulputate,82,spa,,75862-016,264578378-3,352,part 3 of 44 parts,JOUR
717625614-4,47300d21-a4fc-4a87-ad11-19b9ea10277d,10482-001,150101,248,Semester,15,100202,Research Strategies and Technology,erat,,04,,InternationalBaccalaureate,,dolor sit amet consectetuer adipiscing elit proin,43,spa,true,53145-319,591487673-7,589,part 9 of 31 parts,READ
746114174-0,f226769b-08a6-45c3-aff0-681e303f32b6,62713-812,90101,658,Semester,3,10000,Engineering,ultrices,,TK,00570,Exemption,Accelerated,magnis dis parturient montes nascetur ridiculus mus,25,eng,true,50436-9990,563322931-2,470,part 5 of 06 parts,ARAB
687983986-X,0dd2762f-b327-4318-9f2c-ec1eff5c9bac,54575-294,131316,454,Units,11,120401,Physical Education,mauris,,07,00568,InternationalBaccalaureate,InternationalBaccalaureate,duis mattis egestas metus,53,spa,false,29300-139,735666340-6,193,part 7 of 79 parts,GRMN
967936085-7,a0acb068-d8fc-4190-8eab-b5162f0e0f40,58232-0018,131001,12,Units,6,131330,Education,felis,,OT,00578,InternationalBaccalaureate,AdultBasic,non mi integer,34,eng,false,54575-969,020832516-6,326,part 1 of 31 parts,GEOL
372652721-4,ed8460f2-4d16-4c54-bed1-e74a5b556c5e,0268-0612,190401,705,Quarter,17,131001,European Union,quisque,,PT,00579,AdultBasic,CollegePreparatory,morbi quis tortor id nulla,95,eng,false,51852-105,518022597-3,317,part 2 of 38 parts,ENGR
381542460-7,83b9d552-3556-46d1-9076-efc7c402e363,50730-4301,90101,86,Quarter,1,110101,Social Work,blandit,,TK,73045,CreditByExam,Regents,in faucibus orci luctus et ultrices posuere cubilia,86,eng,false,,,700,part 6 of 88 parts,POLS
806042510-2,b2fb2f2b-1de1-49e3-9081-41eab0a9d1a2,43742-0239,10608,130,ContinuingEducationUnits,18,90102,Biology,diam,,PB,00576,Remedial,Accelerated,amet nunc viverra dapibus nulla suscipit,77,eng,false,,,280,part 7 of 81 parts,EDUC
418954870-7,4e86f311-d4ed-4180-8f04-0d614d784368,0268-0801,110203,351,NoCredit,11,190501,Nursing,in,Cras non velit nec nisi vulputate nonummy.,09,00741,Remedial,AdvancedPlacement,nec dui luctus rutrum,21,spa,true,30142-405,159696574-6,338,part 2 of 95 parts,SLIP
594792620-2,47300d21-a4fc-4a87-ad11-19b9ea10277d,68814-145,,347,ClockHours,9,160905,Economics,pede,,DO,00577,Remedial,GiftedTalented,quam a odio in hac habitasse platea dictumst,36,spa,,10356-817,856605851-8,289,part 8 of 75 parts,ATEC
929472600-2,1b9de9d6-d9bd-48ca-9c93-c19bbd1023bf,59779-809,,100,Other,2,131322,Kinesiology and Health,ultricies,,PT,00571,Exemption,GraduateProfessional,,,,,,,789,part 7 of 06 parts,NURS
924346003-X,ed8460f2-4d16-4c54-bed1-e74a5b556c5e,49817-0062,,245,NoCredit,12,110301,Communication,lorem,Maecenas ut massa quis augue luctus tincidunt.,OT,00575,AcademicRenewal,TechnicalPreparatory,condimentum neque sapien placerat ante nulla justo,51,spa,,49288-0839,230342467-4,166,part 5 of 97 parts,DHYG
288642995-3,f0eea76f-9918-42a5-82de-a136a8e3dbfb,43857-0022,,742,NoCredit,2,142501,Anthropology,enim,,AE,00579,Exemption,InternationalBaccalaureate,lacus at velit vivamus,60,spa,,,,468,part 9 of 46 parts,ASTR
588242769-X,48cb4a09-4eed-4f48-9159-1b6c25981e97,49738-205,,113,CarnegieUnits,9,130401,Research Strategies and Technology,magnis,,03,00577,Exemption,AdvancedPlacement,sit amet sapien dignissim vestibulum vestibulum ante,71,eng,,55681-216,357893198-5,446,part 9 of 74 parts,MUSA
722877852-9,4e86f311-d4ed-4180-8f04-0d614d784368,14362-0111,111001,1,Semester,2,190709,Business,eu,Vivamus in felis eu sapien cursus vestibulum.,03,00570,Remedial,Remedial,varius integer ac leo pellentesque ultrices mattis,56,eng,false,52125-276,367634572-X,533,,SWAH
054971994-6,1b9de9d6-d9bd-48ca-9c93-c19bbd1023bf,27281-004,,100,CarnegieUnits,13,110401,Portuguese,donec,,02,00576,Exemption,AdvancedPlacement,nibh in lectus pellentesque,69,eng,,58420-002,180811699-2,27,part 9 of 06 parts,JAPN
407600707-7,6c6386b7-afcc-464a-a2f2-17d860e23f54,55312-851,240101,300,Units,16,110901,Business Information Systems,felis,,OT,00575,ContinuingEducation,GraduateProfessional,nisl nunc rhoncus dui vel sem,95,spa,true,,,179,part 4 of 92 parts,EDUC
821260114-5,43bfdc52-0751-473f-bdc2-a5859318cbcf,57728-0001,,393,Unreported,10,131311,Research Strategies and Technology,suspendisse,,02,00575,AcademicRenewal,InternationalBaccalaureate,velit id pretium iaculis diam erat,72,eng,,68151-0308,219162606-8,388,part 0 of 64 parts,ENGR
043530216-7,f11e9ee8-e933-44a3-9f7e-73747b8075ef,42291-159,190601,60,Units,10,130301,Arabic,curae,,04,00741,Remedial,Vocational,primis in faucibus orci luctus et ultrices,49,spa,false,44567-711,703791904-7,123,,GEOG
711174501-9,29d7c481-6d7d-4446-a6e7-2f289bf1fd53,30142-615,110103,161,ClockHours,7,110401,First-Year Seminar,purus,,AS,00569,Military,CollegePreparatory,quam pharetra magna ac consequat metus sapien ut,4,eng,true,59746-002,171784098-1,434,part 5 of 45 parts,FRSC
237257325-X,f7c490c0-05a2-4e86-b0fb-27101fd67de6,59535-4601,90902,216,Other,12,90902,History,felis,,PD,00575,HighSchoolCreditOnly,AdvancedPlacement,imperdiet nullam orci pede venenatis non,4,eng,false,0555-9032,771898151-7,685,part 0 of 68 parts,GEOG
239946360-9,9db5eba4-6f6c-4743-848b-0c1d3b48b49e,49738-822,131318,606,ClockHours,2,90403,Art,rutrum,,KG,00574,Exemption,CollegeLevel,maecenas pulvinar lobortis est phasellus,76,spa,true,76237-208,921571474-X,530,part 5 of 18 parts,HIST
501586336-5,9db5eba4-6f6c-4743-848b-0c1d3b48b49e,0093-3127,131314,24,CarnegieUnits,17,30501,Reading,eleifend,,BA,73045,Regular,SpecialEducation,venenatis lacinia aenean sit amet,71,spa,true,0054-0036,424861064-7,597,part 9 of 65 parts,ARTS
689289999-4,507db991-c2d3-44d8-8ae0-74ac320ead66,63739-677,240103,152,Semester,7,160102,Business Information Systems,neque,,PK,00574,AcademicRenewal,Remedial,nonummy integer non velit donec,53,spa,true,49349-060,998966230-4,273,part 7 of 20 parts,MATH
887428123-4,f226769b-08a6-45c3-aff0-681e303f32b6,76045-007,,255,NoCredit,8,240101,Japanese,eget,,01,00573,HighSchoolTransferCredit,GiftedTalented,ipsum aliquam non mauris morbi non lectus,72,eng,,41250-817,241652716-9,203,part 9 of 29 parts,RSCH
276230095-9,a0acb068-d8fc-4190-8eab-b5162f0e0f40,50730-4301,90101,87,Quarter,6,90401,Russian,at,,11,00574,Major,NonAcademic,consequat in consequat,33,spa,true,,,632,part 3 of 16 parts,PHED
339616392-3,709c270c-ade9-45ba-aed4-40484eb16c8f,75997-020,,189,Units,16,260403,Spanish,amet,Maecenas pulvinar lobortis est.,PT,,AcademicRenewal,,nulla facilisi cras non velit nec nisi,77,eng,,51824-267,106810775-8,362,part 1 of 04 parts,RELI
173985814-X,f0eea76f-9918-42a5-82de-a136a8e3dbfb,0363-0923,,208,Units,19,99999,Integrated Science,egestas,Nulla nisl.,DO,00572,AdultBasic,TechnicalPreparatory,maecenas tincidunt lacus at velit vivamus,17,eng,,68788-9394,876545357-3,763,part 2 of 38 parts,GEOG
589076247-8,0dd2762f-b327-4318-9f2c-ec1eff5c9bac,0113-0541,,576,Quarter,5,90199,European Union,nunc,Nunc nisl.,KG,00741,AdvancedStanding,AdultBasic,eu sapien cursus vestibulum,42,spa,,48951-8046,062837069-5,51,part 3 of 58 parts,RUSS
057216739-3,1b9de9d6-d9bd-48ca-9c93-c19bbd1023bf,24385-471,90101,152,Semester,8,131202,English as a Second Language,diam,"Maecenas leo odio, condimentum id, luctus nec, molestie sed, justo.",KG,00573,Military,Vocational,vel sem sed sagittis nam congue risus,100,spa,false,55316-072,367836628-7,116,part 1 of 37 parts,THEA
115876265-8,9db5eba4-6f6c-4743-848b-0c1d3b48b49e,0179-0086,,546,CarnegieUnits,15,181101,Astronomy,nunc,,AE,00579,Regular,GiftedTalented,magna vestibulum aliquet ultrices erat tortor,43,spa,,52544-084,258241068-3,242,part 0 of 55 parts,PHSC
559427115-5,9db5eba4-6f6c-4743-848b-0c1d3b48b49e,59779-114,,273,Semester,13,131001,Social Work,lacus,,PT,00578,AcademicRenewal,Basic,potenti nullam porttitor lacus at turpis donec posuere,70,spa,,35356-651,090225985-7,348,part 5 of 25 parts,FRSC
659609890-7,b783fc8d-96db-4458-9da0-c2f969e1e996,55316-822,,336,Other,18,220199,History,nisl,,13,00571,Equivalence,Regents,,,,,49349-311,557386785-7,778,,PHSC
481039773-4,f0eea76f-9918-42a5-82de-a136a8e3dbfb,42023-111,131202,270,Semester,1,131314,Italian,ligula,,DO,00577,HighSchoolCreditOnly,Honors,mauris laoreet ut,94,spa,false,58118-0433,246472270-7,200,part 6 of 91 parts,HUMN
377139301-9,709c270c-ade9-45ba-aed4-40484eb16c8f,66944-001,,230,CarnegieUnits,18,80706,European Union,id,"Vestibulum quam sapien, varius ut, blandit non, interdum in, ante.",10,00573,AdvancedPlacement,SpecialEducation,augue luctus tincidunt nulla mollis molestie lorem quisque,89,eng,,0456-3414,043363005-1,765,part 4 of 73 parts,BISM
932879859-0,b2fb2f2b-1de1-49e3-9081-41eab0a9d1a2,34690-9001,,163,Semester,7,131324,Japanese,ante,,03,00574,Military,Vocational,sed interdum venenatis turpis enim blandit mi,90,eng,,64205-193,851389546-6,329,part 2 of 64 parts,ENGL
779298314-5,43bfdc52-0751-473f-bdc2-a5859318cbcf,23635-582,,191,Semester,16,240101,Japanese,donec,,11,00577,AdvancedStanding,Basic,proin at turpis a pede posuere,100,spa,,65162-687,305071470-0,449,part 5 of 76 parts,READ
417542655-8,48cb4a09-4eed-4f48-9159-1b6c25981e97,60505-6110,,281,ClockHours,19,260101,Humanities,id,,10,73045,Remedial,TechnicalPreparatory,aliquam quis turpis,3,spa,,54868-4970,235569746-9,43,part 1 of 96 parts,PHIL
473592422-1,f7c490c0-05a2-4e86-b0fb-27101fd67de6,55316-822,240102,687,Other,15,160901,Homeland Security and Emergency Management,habitasse,,,73045,,Regents,nonummy integer non velit donec,26,eng,true,37000-703,438120034-9,368,part 9 of 32 parts,BUSA
925616740-9,4e86f311-d4ed-4180-8f04-0d614d784368,60429-555,,133,Quarter,4,309999,Swahili,nulla,,13,00574,Major,GraduateProfessional,nibh in hac habitasse platea dictumst aliquam augue,72,eng,,68788-9800,545403647-1,44,part 7 of 16 parts,HSEM
241754811-9,f226769b-08a6-45c3-aff0-681e303f32b6,47335-005,140301,220,Quarter,19,261002,Humanities,aliquam,,TK,00568,CreditByExam,UpperDivision,habitasse platea dictumst aliquam augue,88,spa,false,,,649,part 4 of 27 parts,GEOL
761865435-2,83b9d552-3556-46d1-9076-efc7c402e363,57520-0070,,146,Semester,9,150507,Philosophy,lorem,,10,00574,ContinuingEducation,SpecialEducation,massa tempor convallis,72,eng,,,,89,part 6 of 02 parts,INST
882391865-0,29d7c481-6d7d-4446-a6e7-2f289bf1fd53,13537-428,131201,185,CarnegieUnits,17,240101,English,blandit,,13,00575,Major,Dual,in imperdiet et,91,spa,true,36987-1078,579448043-2,750,part 1 of 34 parts,ENGL
855531369-4,b783fc8d-96db-4458-9da0-c2f969e1e996,14783-103,150305,684,Quarter,3,10601,Integrated Science,at,,01,00577,Correspondence,Accelerated,id mauris vulputate elementum nullam varius nulla,71,spa,false,54569-6118,581908367-9,463,part 8 of 42 parts,READ
498698406-3,ed8460f2-4d16-4c54-bed1-e74a5b556c5e,0008-0844,,628,NoCredit,9,150599,Russian,at,Proin eu mi.,PR,00575,ContinuingEducation,AdvancedPlacement,sem duis aliquam convallis nunc proin at,52,spa,,57627-102,622127939-9,83,part 4 of 83 parts,GEOG
739565470-6,0dd2762f-b327-4318-9f2c-ec1eff5c9bac,57520-0427,190505,250,CarnegieUnits,15,309999,Integrated Science,magna,,,00576,,Dual,lobortis ligula sit amet eleifend pede libero,50,eng,true,52125-111,560312673-6,349,part 3 of 82 parts,SOCI
585630451-9,507db991-c2d3-44d8-8ae0-74ac320ead66,36987-2146,309999,332,Other,10,131001,Homeland Security and Emergency Management,vel,,AE,00571,HighSchoolTransferCredit,InternationalBaccalaureate,in faucibus orci luctus et ultrices,3,eng,false,51350-005,108787230-8,372,part 3 of 80 parts,ANTH
192178589-6,6c6386b7-afcc-464a-a2f2-17d860e23f54,51991-836,130401,571,ContinuingEducationUnits,6,130101,Communication,in,,PM,00572,AdultBasic,GiftedTalented,at turpis a pede posuere nonummy integer non,24,eng,false,57520-1035,366942550-0,266,part 2 of 23 parts,JOUR
748836176-8,f11e9ee8-e933-44a3-9f7e-73747b8075ef,57955-1270,130901,256,Units,13,90903,International Studies,donec,,02,00571,Regular,CollegePreparatory,orci luctus et ultrices,50,eng,true,52123-010,515707447-6,460,part 2 of 13 parts,GEOL
932689531-9,43bfdc52-0751-473f-bdc2-a5859318cbcf,69191-500,,103,ContinuingEducationUnits,15,301501,Economics,lorem,,IT,73044,HighSchoolTransferCredit,Honors,eget congue eget semper rutrum nulla nunc,99,spa,,65734-270,909056650-3,238,part 3 of 45 parts,PHYS
708684598-1,6c6386b7-afcc-464a-a2f2-17d860e23f54,37000-052,,547,Quarter,10,240103,Music,risus,,PK,00570,CreditByExam,Accelerated,in sapien iaculis congue vivamus metus arcu adipiscing,31,spa,,64990-601,724121875-2,265,part 8 of 36 parts,ENGL
752307722-6,29d7c481-6d7d-4446-a6e7-2f289bf1fd53,40002-003,,578,Other,8,131299,Religion,parturient,,MD,00575,HighSchoolCreditOnly,Accelerated,turpis elementum ligula vehicula,3,eng,,0173-0864,225187407-0,165,part 9 of 92 parts,ENSL
673109501-X,b2fb2f2b-1de1-49e3-9081-41eab0a9d1a2,34666-005,150201,142,Unreported,18,131318,Criminal Justice,vestibulum,,04,00569,Military,Honors,blandit non interdum in ante vestibulum ante ipsum,76,spa,true,42043-320,371064175-6,109,part 5 of 53 parts,PHIL
835971513-0,507db991-c2d3-44d8-8ae0-74ac320ead66,0781-5791,309999,348,NoCredit,13,110201,Applied Technology,sem,,09,00572,AdvancedPlacement,UpperDivision,nibh fusce lacus purus aliquet,90,eng,true,42291-376,297386690-1,555,part 1 of 18 parts,INST
922351590-4,a0acb068-d8fc-4190-8eab-b5162f0e0f40,0573-0188,,242,Unreported,2,240101,Journalism,pede,Vestibulum ac est lacinia nisi venenatis tristique.,04,00569,CreditByExam,CollegePreparatory,in hac habitasse platea dictumst aliquam augue,28,eng,,0463-6141,281615485-8,192,part 8 of 47 parts,PHED
316195789-X,1b9de9d6-d9bd-48ca-9c93-c19bbd1023bf,98132-161,240199,176,NoCredit,20,130101,Biology,congue,,13,00571,Regular,CollegeLevel,nulla nisl nunc nisl duis,9,eng,false,,,539,part 8 of 11 parts,HIST
630566007-7,a0acb068-d8fc-4190-8eab-b5162f0e0f40,49702-223,,729,Quarter,7,90401,Applied Music,lobortis,,07,00568,ContinuingEducation,Vocational,,,,,0615-4519,010065019-8,267,part 3 of 69 parts,ASTR
909085973-X,48cb4a09-4eed-4f48-9159-1b6c25981e97,10812-287,,676,NoCredit,10,150701,Reading,praesent,Aliquam quis turpis eget elit sodales scelerisque.,KG,00741,AcademicRenewal,Honors,aliquam non mauris morbi non lectus,50,eng,,64117-204,039806671-X,591,part 0 of 55 parts,CSCI
353749097-6,709c270c-ade9-45ba-aed4-40484eb16c8f,64720-141,,6,CarnegieUnits,20,131314,Film,felis,,,00578,,AdultBasic,et eros vestibulum,97,eng,,66689-695,830804890-0,348,part 2 of 72 parts,CRJU
