ExternalId,Name,ShortName
12745-140,GWAS,blandit
65643-333,English,lacinia
37205-602,AHLTA,etiam
16590-230,Investment Properties,varius
0904-1258,Watercolor Illustration,magna
55289-559,Pdf,nam
10812-916,Branding,tortor
49288-0054,HP-UX,ante
52584-466,Pneumatic Tools,faucibus
51630-002,Crystal Reports,nascetur
0781-5250,VHDL-AMS,lobortis
60429-064,Compliance Oversight,sed
64760-203,xPC Target,integer
49288-0313,NLP,platea
63323-498,HDF5,dapibus
68258-7092,Final Cut Pro,et
0591-5716,Ultrafast Spectroscopy,turpis
0268-0921,Distributed Systems,in
62011-0049,ProSystem fx Engagement,pretium
0363-5460,Rheology,commodo
56062-708,Octave,congue
57520-0369,HBase,nulla
0179-1434,Billing Systems,lectus
41250-027,Interest Rate Derivatives,proin
63187-188,ASP.NET AJAX,nulla
59779-629,Uveitis,ut
64495-2365,Kinetics,interdum
43857-0170,MLP,est
17714-011,VMS,sem
53329-142,ILS,faucibus
24385-133,At-risk,donec
36987-2330,Crystal Xcelsius,semper
68304-141,Jasper Reports,ac
76151-211,EEO Investigations,proin
59248-001,CFRA,diam
52125-385,IOS-XR,elit
52125-147,SRST,rhoncus
49999-913,DFMA,eleifend
43269-869,Flights,orci
0071-0805,News Writing,aenean
59746-232,TCPA,consectetuer
44911-0056,WLAN,nunc
53942-153,Data Entry,porta
58488-001,Corporate Governance,felis
63240-5100,Slate,ante
0115-9822,First Time Home Buyers,ipsum
68645-340,KML,dictumst
52125-606,LCM,odio
0378-0277,SDS-PAGE,nam
36987-2008,OGRE,amet
42507-528,IPv6,erat
44924-101,Ion Implantation,vel
11509-5402,GNSS,sit
0409-1410,Participant Observation,at
49349-548,AMI,ultrices
68016-254,ERD,volutpat
55316-496,Nursing Management,eget
36987-1125,Irrigation Management,nibh
65862-229,Sales Tax,sapien
57525-021,AJAX Frameworks,vitae
67777-405,GPS Applications,lacinia
50742-123,Go-to-market Strategy,metus
10812-935,DBMS,mattis
50436-4032,Eye Surgery,amet
66993-055,Brand Awareness,eleifend
43353-709,ML,urna
55154-6187,Banking,aliquet
49738-175,Political Risk Analysis,ante
52533-080,Audio Engineering,metus
53567-0101,Solar PV,justo
0023-9350,Rational DOORS,nulla
63354-960,PMCS,molestie
16590-489,LyX,fermentum
36987-3151,Mental Health,integer
0093-7424,UCITS,justo
0904-5523,RMS,eros
16590-950,Food Safety,non
0409-7990,PMO Services,ridiculus
61919-100,PGP,maecenas
50458-655,PC building,cubilia
43063-221,Real Estate Development,nonummy
10526-003,Dance,purus
42507-090,MD5,tellus
53329-088,Pro Tools,ligula
69149-102,Yammer,semper
56062-153,PIX,porttitor
13668-106,Rehabilitation Psychology,odio
52584-559,JIS,in
68788-9777,VMware Workstation,adipiscing
63304-296,IT Law,est
0904-6173,Physical Therapy,sed
0268-6607,CMDB,est
58177-320,Zebrafish,sit
0093-1052,YAML,sit
68382-141,iOS,tincidunt
59779-245,System Testing,quam
49035-050,JavaBeans,duis
51138-588,LLP,quis
55692-100,XFOIL,pellentesque
50845-0213,DNS Server,nam
