ExternalId,Identifier,BuildingName,SpaceDescription,SpaceUseType,BuildingSiteNumber,BuildingUseType
13668-135,497693444-6,Russia,rutrum nulla nunc,09999,18,03106
47335-005,310695911-8,China,ligula suspendisse ornare consequat,02631,46,02803
0781-1766,080951159-2,Indonesia,purus aliquet at feugiat,02637,91,13699
36987-1584,241308717-6,Bangladesh,primis in faucibus orci,02634,22,02611
43353-264,342750071-3,Russia,hac habitasse platea,02631,60,02618
59676-960,197480528-X,China,congue eget semper,03017,50,13699
36987-1344,846071687-2,China,interdum eu tincidunt,02631,44,02804
51208-004,339561164-7,Brazil,posuere felis sed,02630,35,02804
42291-159,456523776-8,Indonesia,at vulputate vitae nisl,02637,41,02615
49035-188,037729184-6,Sweden,suspendisse potenti in,02634,46,02805
67510-0305,463351352-4,Peru,tristique fusce congue,09999,65,02803
43857-0022,340628942-8,France,vel dapibus at,02634,21,02610
59779-114,102235199-0,Nigeria,ac leo pellentesque,02632,15,03106
54868-3690,160201116-8,Ireland,faucibus cursus urna,02637,11,02615
64980-166,359484419-6,China,quam turpis adipiscing lorem,03017,1,03106
36987-1094,003016956-9,China,orci vehicula condimentum curabitur,02636,15,09999
10544-127,168868739-4,Ukraine,faucibus cursus urna,02773,80,13699
66435-410,388811658-9,Czech Republic,quis justo maecenas rhoncus,03017,34,02611
54340-800,744386615-1,Indonesia,in congue etiam justo,02639,37,02616
0268-6610,653470718-7,Sweden,ac diam cras,02634,71,02617
0002-5121,840827226-8,Sweden,cursus vestibulum proin eu,02631,87,02617
55910-359,715071867-1,Palestinian Territory,cubilia curae nulla,02631,8,02612
50114-6015,351402474-X,Portugal,nisl nunc rhoncus dui,02632,85,02617
76237-239,611118451-2,Russia,nisi volutpat eleifend donec,02788,76,02613
45802-937,261558405-7,Poland,erat volutpat in,02636,99,02617
0363-9650,049885365-9,Portugal,sed vel enim,03017,12,02618
36987-1102,213450562-1,China,erat quisque erat,02632,7,02618
51346-236,217471041-2,Poland,id consequat in consequat,02631,35,02620
27808-057,000671202-9,Ukraine,venenatis lacinia aenean,02633,82,13698
61589-6005,122409160-4,Japan,venenatis turpis enim blandit,02629,88,02619
64942-0675,194164770-7,China,in leo maecenas pulvinar,02638,94,02621
52979-8005,543284133-9,Ireland,erat curabitur gravida,02632,63,02806
62011-0060,048164664-7,Indonesia,molestie lorem quisque,02773,79,02614
0113-0977,905757947-2,Russia,feugiat non pretium quis,03017,62,02611
14783-019,843286960-0,Poland,lacus morbi sem,02636,35,03106
10424-161,557110402-3,Philippines,blandit nam nulla integer,02630,63,02611
10370-204,288514248-0,United States,commodo placerat praesent blandit,09999,10,13700
0573-0188,081216691-4,China,porttitor lorem id,02639,61,02613
68745-1092,665930744-3,Indonesia,dapibus nulla suscipit,02636,20,09999
68462-235,800170696-6,Turkmenistan,quis tortor id,02639,59,02806
55154-3377,660765015-5,Portugal,sed tristique in tempus,02630,45,13699
49348-691,236082389-2,Philippines,sit amet nunc,02637,94,02612
62206-4720,072020115-2,China,magna vestibulum aliquet,02639,89,02806
67172-015,908783893-X,Colombia,at lorem integer,03017,60,02619
68180-480,192500885-1,Slovenia,facilisi cras non,02637,11,02610
59011-440,482299125-3,Cameroon,maecenas ut massa,02633,57,09999
51785-086,058464033-1,Rwanda,interdum eu tincidunt in,02629,93,02615
57955-5114,658313699-6,Russia,vehicula condimentum curabitur in,02773,9,02804
62037-862,840470440-6,China,tincidunt eget tempus,02633,18,02619
0113-0541,179563089-2,Malaysia,penatibus et magnis,02788,96,02618
0409-7930,722971046-4,Philippines,tellus nisi eu orci,02788,66,02611
62011-0194,041117295-6,Indonesia,ut nulla sed,02633,52,03106
36987-2418,944881581-6,Serbia,pede venenatis non,02639,96,02612
50563-185,256826616-3,Poland,ligula in lacus,03017,96,02616
54868-4174,499816850-9,Argentina,accumsan tortor quis,02632,78,02803
76439-135,617619129-7,Indonesia,volutpat sapien arcu,02638,90,02613
51224-162,901941700-2,China,tortor id nulla,02630,4,02615
68788-9151,965871562-1,Colombia,sit amet diam in,02634,93,02611
48951-7004,380929480-2,China,sit amet erat nulla,02637,50,09999
42858-304,199472957-0,China,maecenas leo odio,02773,61,02621
49715-010,573941720-1,China,risus dapibus augue,02628,17,02805
0268-1600,191772296-6,China,est congue elementum in,02788,97,02612
68645-262,740464408-9,Argentina,duis at velit,03017,39,02804
51079-224,727411183-3,China,lacinia nisi venenatis,02631,61,02621
10252-002,579891801-7,Ukraine,placerat praesent blandit nam,02628,44,02804
63187-119,876962996-X,Japan,duis at velit,02773,71,02614
49348-706,997924813-0,Russia,rutrum rutrum neque aenean,02638,19,02806
42254-139,078082076-2,Portugal,accumsan felis ut at,02629,20,02610
13537-075,080066236-9,France,turpis integer aliquet massa,02631,73,02612
51346-085,665043532-5,China,augue aliquam erat volutpat,02773,88,02803
36987-2165,244272913-X,Portugal,pulvinar sed nisl nunc,02637,79,02805
55316-822,612103216-2,Argentina,curabitur gravida nisi,02639,76,03106
49349-569,834685736-5,Serbia,penatibus et magnis dis,02629,71,02804
76237-148,015354428-7,China,libero quis orci,02638,89,02802
0132-0301,450156912-3,Bosnia and Herzegovina,porttitor id consequat in,02630,6,03106
54575-140,264418391-X,Philippines,dolor sit amet consectetuer,02629,72,09999
41442-149,439157510-8,Luxembourg,massa quis augue luctus,03017,57,02802
42681-0508,512683592-0,Malaysia,porttitor pede justo,02630,19,13700
10096-0217,376562541-8,France,semper interdum mauris ullamcorper,09999,86,02806
60429-301,346743316-2,China,sit amet sem fusce,02629,11,02615
66975-101,445108228-5,Canada,consequat in consequat,03017,39,02805
68703-072,224458681-2,Vietnam,a ipsum integer a,02630,66,02802
68180-123,261731532-0,Brazil,ante vivamus tortor,02639,70,02614
58479-003,745789709-7,Philippines,convallis nulla neque libero,02628,29,02610
50730-1481,277348988-8,France,ligula nec sem,02773,29,02803
17478-538,175532912-1,China,rhoncus mauris enim leo,02635,48,02618
0268-1198,601981852-7,Armenia,ante ipsum primis,03017,22,02618
36987-1009,001641937-5,Canada,porttitor lorem id ligula,02630,2,02610
36987-3353,977427202-1,China,cubilia curae nulla dapibus,02639,33,02614
52747-901,425799381-2,Poland,erat fermentum justo,02773,38,02616
0363-0132,867534681-6,Indonesia,eros suspendisse accumsan,02631,16,09999
36987-3128,051339498-2,Indonesia,at diam nam,02773,17,02806
42254-118,046613743-5,Poland,sapien sapien non,02635,10,13698
49349-544,033743513-8,Indonesia,sed accumsan felis ut,02773,25,02805
51191-2016,095185663-4,Sweden,eros viverra eget congue,02631,86,02615
76328-221,062876932-6,France,id ligula suspendisse ornare,02788,98,02610
11523-6655,476608047-5,Mexico,nisl ut volutpat,02635,43,02618
68462-536,937110173-3,China,ante nulla justo,02633,1,02612
60429-555,311351041-4,Norway,sociis natoque penatibus et,02631,35,02620
59842-012,004647634-2,Bulgaria,vestibulum eget vulputate ut,09999,10,02614
55154-1339,914944201-5,Panama,nascetur ridiculus mus vivamus,02634,26,02802
52490-100,127929950-9,Czech Republic,tristique in tempus sit,02629,23,02616
55289-410,560054205-4,Ivory Coast,ligula pellentesque ultrices phasellus,02633,54,02614
98132-161,381332783-3,China,in consequat ut nulla,02635,33,02621
49288-0143,887599838-8,Germany,condimentum id luctus,02638,29,13700
55154-1125,368163699-0,France,elit proin interdum,02631,9,02620
0172-4364,479027517-5,Montenegro,in faucibus orci,02628,11,13700
36800-503,367513141-6,Brazil,eget nunc donec quis,02635,31,03106
58232-0029,728399290-1,Czech Republic,phasellus id sapien,02634,89,02621
57728-0001,507062834-8,Russia,consequat in consequat,02632,17,13698
68599-5312,822015020-3,Germany,odio porttitor id consequat,02632,98,02621
54569-1696,225045640-2,Peru,at nunc commodo,02631,69,02611
62678-217,368404190-4,Ethiopia,morbi vel lectus in,02632,94,09999
49967-089,831271058-2,China,faucibus cursus urna,02788,46,02804
42808-301,241807030-1,China,dolor morbi vel lectus,02636,56,02806
0904-5990,704089660-5,Vietnam,est phasellus sit amet,02634,67,02802
0363-0923,481489859-2,Finland,nibh in lectus pellentesque,02639,33,02620
33261-150,449783420-4,China,porttitor pede justo,02788,3,02612
42192-119,182803578-5,Indonesia,accumsan tortor quis,02632,84,02806
36987-1889,208643268-2,Germany,nam ultrices libero,02634,96,02802
44911-0002,640170136-6,Czech Republic,erat fermentum justo nec,02634,95,13698
41163-227,844472398-3,China,vel nulla eget,02637,11,02613
0067-5070,081172075-6,Tanzania,ut nulla sed accumsan,02637,77,02620
37205-779,027734479-4,Syria,quis turpis eget elit,02773,19,09999
0268-0113,639712435-5,China,morbi ut odio,03017,89,02805
63629-1263,734721110-7,Ukraine,turpis integer aliquet massa,02637,6,13698
30142-409,048979445-9,Germany,ante ipsum primis in,02633,3,02620
49035-519,552613301-X,China,dictumst maecenas ut,02636,35,02617
0245-0871,910975443-1,Mexico,mus vivamus vestibulum sagittis,09999,9,02618
54569-8310,508439706-8,Namibia,mattis nibh ligula nec,02638,59,02619
63739-689,530245671-0,Russia,vitae nisi nam,02638,48,13699
31190-210,690382122-8,Czech Republic,tempor convallis nulla,02637,73,02805
49349-363,986643712-4,Sri Lanka,nunc vestibulum ante ipsum,02630,95,02802
33261-408,079368806-X,Indonesia,in eleifend quam,02639,39,02614
63044-635,835569320-5,Northern Mariana Islands,imperdiet sapien urna pretium,02637,95,02612
43063-498,288867212-X,Poland,ante vivamus tortor,02631,32,02610
22431-528,951687698-6,Japan,consequat metus sapien ut,02628,7,02611
64850-440,152658729-7,Russia,at lorem integer tincidunt,02634,71,02612
58118-5685,129409727-X,Brazil,amet turpis elementum ligula,02634,24,02619
50114-4500,497537075-1,China,leo rhoncus sed,02639,61,02617
48951-8020,086787604-2,Philippines,nam congue risus semper,02630,65,02612
55154-5424,124654419-9,Brazil,scelerisque quam turpis,02633,3,02614
0904-6012,611666073-8,Ukraine,a feugiat et,02632,21,02802
49738-558,574568609-X,Colombia,volutpat eleifend donec ut,02633,32,09999
17452-430,867955970-9,Nigeria,tincidunt eu felis fusce,02788,41,02621
49349-712,128939304-4,Indonesia,ultrices posuere cubilia,02634,62,02611
64942-1300,536986088-2,China,hac habitasse platea dictumst,02634,88,02804
57955-2770,608551832-3,China,accumsan odio curabitur,02632,30,02618
0264-1101,976248985-3,South Africa,posuere nonummy integer,02628,2,02806
53808-0382,155121666-3,Brazil,luctus et ultrices,02634,14,13698
52731-7052,554177457-8,Sweden,mauris non ligula,02629,79,09999
64126-1234,354124180-2,Czech Republic,quam pede lobortis,02632,32,13698
55289-590,685665632-7,Malaysia,id ligula suspendisse,03017,54,02617
0781-5753,378093042-0,China,pellentesque eget nunc,02638,41,02617
52125-029,921537840-5,Thailand,rhoncus aliquam lacus,02638,68,02613
49288-0115,931272807-5,Morocco,at nulla suspendisse,02630,62,03106
67938-2009,339311651-7,Russia,iaculis justo in,02773,12,03106
68016-106,608454717-6,Peru,pretium nisl ut,02637,17,02618
21695-745,270926339-4,Argentina,augue quam sollicitudin,02633,56,02621
43063-382,667573750-3,Poland,sed magna at,02634,93,02802
64760-033,823557376-8,Finland,orci luctus et,02788,40,02618
59779-330,693661302-0,United States,eu orci mauris lacinia,02632,99,02614
63304-166,413987289-6,Indonesia,ante ipsum primis,02788,34,13699
59970-171,575182331-1,China,sed augue aliquam erat,02633,58,02614
52959-138,089957207-3,China,molestie nibh in,02634,96,03106
0944-2514,860093324-2,Nigeria,feugiat et eros vestibulum,02632,62,02802
12090-0019,463228485-8,China,turpis enim blandit,02788,15,02612
50436-7350,164325396-4,Poland,tortor duis mattis egestas,02629,67,02621
60760-144,071266118-2,Indonesia,elementum nullam varius nulla,02638,12,02618
60681-1244,503115660-0,Sweden,vel sem sed,02635,1,13700
10812-957,270260358-0,China,nulla suspendisse potenti,02637,74,02615
0093-4232,329595302-3,China,vestibulum sagittis sapien,02638,91,02611
30142-370,824758277-5,Brazil,odio consequat varius integer,02629,76,13698
76439-223,389584910-3,China,mollis molestie lorem,02635,62,02616
68084-524,850826322-8,Albania,cum sociis natoque penatibus,02629,59,02616
0378-3133,842425405-8,Nigeria,lobortis vel dapibus,02631,68,02804
41163-970,730318645-X,Sweden,sed magna at,09999,45,02611
23359-023,264352504-3,Brazil,luctus cum sociis,02631,24,13698
53808-0687,150675516-X,Indonesia,dictumst etiam faucibus,02634,2,13700
54569-5759,335985035-1,France,penatibus et magnis,02631,85,02613
68382-133,691837640-3,Cameroon,donec posuere metus,02631,64,02618
50184-1026,806829424-4,Philippines,vel nisl duis ac,09999,49,02802
13537-327,336000288-1,Portugal,vestibulum proin eu,02637,29,13698
63187-137,269885123-6,Spain,et ultrices posuere cubilia,02628,54,02612
49349-653,131445764-0,Poland,est donec odio,09999,15,02614
63323-306,486230442-7,Colombia,donec ut dolor,02632,36,03106
11822-6211,497719734-8,Russia,tincidunt nulla mollis,02632,96,02615
11673-246,038001089-5,Mali,eget massa tempor convallis,02637,53,02805
76457-004,902063634-0,Philippines,sed augue aliquam,09999,12,02619
63323-262,145616577-1,United Kingdom,dapibus dolor vel,02628,24,02611
22700-152,708626716-3,China,nec sem duis,02638,82,13698
53489-387,703126968-7,United Kingdom,massa donec dapibus duis,02633,75,02802
63029-301,991857952-8,Morocco,eget nunc donec quis,02634,33,02805
52584-476,161919859-2,Uzbekistan,malesuada in imperdiet,02636,60,02803
13537-017,772789779-5,China,justo etiam pretium,02636,11,03106
0179-0086,433609877-8,Indonesia,ante nulla justo,02630,12,02805
49288-0325,155477883-2,Indonesia,vivamus metus arcu,02636,22,02621
59535-4601,338517364-7,Brazil,posuere cubilia curae donec,02633,47,02611
62756-755,694881757-2,Mauritius,at velit vivamus vel,02628,55,02802
27281-004,540113772-9,Russia,dignissim vestibulum vestibulum,02631,80,13698
41167-7516,117808190-7,Peru,molestie sed justo,02634,82,02615
0008-0844,535072137-2,France,pede morbi porttitor,02636,64,02802
54868-5279,444556122-3,China,quam a odio in,02635,43,13698
50436-4694,729156656-8,Peru,donec semper sapien,02788,27,02802
30142-615,455255555-3,Thailand,odio justo sollicitudin,02637,26,13699
68084-055,925628737-4,Mexico,curae donec pharetra,02788,50,02802
56153-002,250874470-0,Indonesia,fusce lacus purus aliquet,02629,62,02613
66365-001,999947461-6,Philippines,justo maecenas rhoncus aliquam,02635,71,02803
54868-6283,901046591-8,Philippines,sed vestibulum sit amet,03017,56,02803
55154-2423,452765894-8,China,commodo vulputate justo,09999,78,13700
41250-248,384434646-5,Poland,viverra eget congue,02629,44,02611
51346-096,408251631-X,Liberia,sapien placerat ante nulla,09999,4,02613
60986-1022,082770070-9,Japan,turpis integer aliquet,02634,67,03106
54868-4983,543925616-4,Japan,vel nulla eget eros,02638,45,02614
36987-2146,845688691-2,France,turpis a pede,02635,2,02804
11410-420,720407038-0,China,blandit lacinia erat,02633,69,13698
16590-007,884269622-6,Indonesia,etiam justo etiam,03017,31,02618
0187-4100,050337469-5,Kenya,cras mi pede,02637,24,02620
64141-916,513619293-3,Pakistan,ipsum primis in,02773,97,13700
55154-5616,096778532-4,Dominica,faucibus accumsan odio,02630,48,02612
11523-7228,438707148-6,Russia,porta volutpat quam pede,02788,11,02802
0075-8003,420010007-X,China,dis parturient montes,02631,17,13700
57520-0372,215522724-8,Brazil,duis consequat dui nec,02628,25,02618
55289-144,431653613-3,Sweden,odio elementum eu interdum,02638,57,02617
54162-175,336647151-4,Ukraine,donec posuere metus,02635,7,02611
67386-421,701645329-4,Philippines,nam dui proin,02639,89,02620
63323-664,771248955-6,Philippines,turpis enim blandit,02634,76,02804
0555-0171,463083563-6,China,aliquet ultrices erat tortor,02628,94,13698
43419-306,497917018-8,Serbia,semper rutrum nulla nunc,02631,31,13699
51514-0333,734145797-X,Philippines,scelerisque mauris sit amet,02629,39,02619
56062-282,987086924-6,China,at velit vivamus,02773,54,13700
42884-352,500126734-X,Honduras,quis orci eget,02637,66,02612
50383-269,903226115-0,Poland,congue diam id ornare,02633,75,02616
49852-017,196556778-9,Kazakhstan,aliquam augue quam sollicitudin,02637,24,02805
53645-1020,841547324-9,Indonesia,pulvinar nulla pede ullamcorper,02788,70,13699
49702-223,549590571-7,China,nunc nisl duis bibendum,02631,56,02621
0527-1350,967369411-7,South Africa,at feugiat non pretium,02773,60,02615
63739-677,778657072-1,Democratic Republic of the Congo,quis turpis eget,03017,33,02617
64246-0001,746969509-5,Colombia,sagittis nam congue risus,02635,82,02610
48951-8150,717493203-7,Netherlands,amet sem fusce,02788,86,13700
52031-0875,950439636-4,Palestinian Territory,venenatis lacinia aenean sit,02634,33,03106
35356-955,781286795-1,Indonesia,lorem quisque ut,02631,74,09999
0363-0124,105153628-6,Indonesia,viverra eget congue eget,02636,10,03106
55154-8705,746967850-6,Philippines,accumsan felis ut,02630,21,02803
57627-109,743322125-5,Cuba,aliquet massa id lobortis,02788,17,13699
50436-3961,517189757-3,Serbia,dapibus nulla suscipit ligula,02638,76,03106
76045-007,468170509-8,China,suscipit ligula in,03017,86,09999
29300-129,695629099-5,Indonesia,sed tristique in tempus,03017,29,02620
36987-1788,253892077-9,Indonesia,ipsum praesent blandit lacinia,02639,68,02614
64159-6976,330172933-9,Indonesia,eu felis fusce posuere,03017,31,02619
42507-197,092224276-3,Thailand,amet consectetuer adipiscing elit,02629,95,02610
49349-194,301881072-4,Chile,faucibus orci luctus et,02636,85,02619
75854-312,993871088-3,Poland,consectetuer adipiscing elit,02788,50,02617
68026-543,726676963-9,Indonesia,erat vestibulum sed,02630,66,02615
62699-1112,875231376-X,Peru,justo lacinia eget tincidunt,02635,30,02611
58232-0018,381891110-X,Indonesia,nullam orci pede,02639,5,02615
49738-205,389867340-5,Brazil,et ultrices posuere,02773,26,02803
63941-019,210757625-4,United Kingdom,vel dapibus at diam,02628,5,02612
42669-998,324512274-8,Indonesia,aliquet maecenas leo odio,02773,97,02621
60681-2402,483183524-2,China,curabitur in libero ut,02630,18,13698
65044-1540,373099656-8,Indonesia,est congue elementum,02628,82,02802
52124-0115,791994114-8,Pakistan,elementum eu interdum eu,02634,29,02617
67510-0502,275954815-5,Benin,convallis tortor risus,02773,5,02805
55655-122,049804887-X,Czech Republic,nonummy maecenas tincidunt lacus,02639,65,02616
0006-0543,407707817-2,Afghanistan,placerat ante nulla,02636,21,13699
0228-2778,985109398-X,Sweden,non mauris morbi,02629,90,02617
61715-093,564134093-6,Ecuador,lobortis sapien sapien non,02639,65,02614
44183-180,426261500-6,Indonesia,sem mauris laoreet,02637,79,02615
0998-0204,007865907-8,Kosovo,ridiculus mus vivamus vestibulum,02631,45,02803
62250-103,972198623-2,Russia,eu magna vulputate luctus,02629,29,02612
55714-2272,326427950-9,Russia,rhoncus sed vestibulum sit,02633,50,02614
53462-705,329232416-5,Canada,enim blandit mi in,03017,83,02621
0781-5791,049013087-9,Greece,eros elementum pellentesque,02631,55,02616
36987-1406,486110119-0,China,quam suspendisse potenti nullam,02632,11,13699
43419-036,327660415-9,Iraq,in tempor turpis,02630,85,02613
59915-3001,101146773-9,Indonesia,cras mi pede,02632,95,02620
36987-2203,244262624-1,Paraguay,nisi venenatis tristique,02773,62,09999
0904-6296,676532512-3,Czech Republic,amet eleifend pede,02632,7,02618
49643-335,585345103-0,Iceland,ultrices posuere cubilia curae,02632,93,02805
68196-159,136454281-1,Philippines,magna bibendum imperdiet,02630,31,02611
41163-251,099444552-0,China,morbi porttitor lorem,03017,16,02619
55301-468,035871436-2,Nigeria,rutrum nulla nunc,09999,35,02804
49288-0368,837104671-5,Thailand,leo rhoncus sed vestibulum,09999,30,02802
66993-475,863360130-3,United States,accumsan felis ut at,02630,73,02621
65437-040,608119202-4,Serbia,phasellus in felis,02632,18,02804
53808-0632,575915912-7,Russia,quisque erat eros viverra,02636,96,02621
49738-822,742753447-6,Uruguay,urna pretium nisl,02633,91,02613
11822-5156,441074533-6,Russia,elit sodales scelerisque mauris,02628,77,02805
43598-206,135087658-5,China,pede justo eu massa,02788,9,02617
59779-966,811930863-8,Russia,pellentesque ultrices mattis,02788,77,02804
0268-0612,490534605-3,South Africa,ultricies eu nibh,02630,33,02620
42254-023,826255780-8,Nepal,scelerisque mauris sit amet,02628,98,02619
51991-836,312812855-3,Brazil,turpis sed ante,02638,19,13700
0641-6083,368804823-7,United States,eu est congue,02630,4,02612
0409-1463,945960544-3,Sweden,in faucibus orci,02637,86,02612
61010-1112,589587668-4,Syria,ipsum primis in faucibus,02628,19,02615
39822-0412,479281162-7,Indonesia,bibendum morbi non,03017,22,02619
42023-111,025890721-5,China,pellentesque quisque porta volutpat,02637,25,13699
59779-715,339031218-8,China,in quam fringilla rhoncus,02633,59,02805
0573-0151,184611946-4,Maldives,nulla ut erat,02636,76,02615
53462-922,454665779-X,Myanmar,nunc commodo placerat,02633,26,13699
16590-034,067826199-7,Russia,in felis donec,02788,72,02620
62175-136,018089065-4,Kuwait,lobortis convallis tortor,02630,78,02613
36000-030,505755607-X,Indonesia,adipiscing elit proin interdum,03017,57,02806
51393-6987,843161333-5,Brazil,sit amet turpis,02628,17,02619
16729-120,159729952-9,Indonesia,penatibus et magnis,02628,87,02805
10812-287,786638966-7,Indonesia,cras non velit,09999,97,09999
23155-500,807765764-8,Colombia,eleifend quam a odio,02639,53,03106
23155-220,975164381-3,South Africa,interdum venenatis turpis,02634,72,02621
47335-891,111269110-3,Morocco,molestie nibh in,03017,22,02618
36987-2219,924094046-4,Mexico,turpis adipiscing lorem,02630,56,02620
0591-3169,701042869-7,China,posuere cubilia curae,02629,18,02614
43269-833,924747753-0,China,tempor turpis nec euismod,02638,1,02615
36987-3363,469831913-7,China,in imperdiet et commodo,02630,40,02611
51079-952,244784398-4,Russia,congue vivamus metus,02628,3,02619
76378-014,824578218-1,Chile,id consequat in consequat,02638,11,02610
51393-5622,565463335-X,Russia,ac lobortis vel,02635,31,02615
76116-100,362291672-9,Colombia,cum sociis natoque,02628,6,13699
64141-019,993426319-X,China,magna bibendum imperdiet nullam,02631,1,09999
50436-3435,905808394-2,Russia,enim lorem ipsum dolor,02632,11,02612
52533-179,992701349-3,Philippines,nunc donec quis orci,02638,12,02612
63629-5034,626612247-2,Ukraine,a pede posuere,02638,52,02618
68788-9115,965003590-7,Sweden,ultrices libero non,02630,36,02616
41167-0105,787177453-0,Indonesia,pellentesque at nulla,02636,90,02621
59746-329,616255133-4,Iran,id massa id nisl,02636,69,13700
49035-351,878942243-0,Russia,lacus curabitur at,03017,34,02615
14783-103,141527471-1,China,lacinia nisi venenatis tristique,03017,88,02613
52731-7018,023893140-4,Canada,euismod scelerisque quam,02630,60,02621
52124-0009,360438164-9,France,eleifend donec ut dolor,02773,41,09999
52686-278,400360705-8,Indonesia,dis parturient montes nascetur,02632,23,13700
63304-261,751917725-4,Colombia,in eleifend quam,02633,83,02611
64159-6326,225381683-3,Indonesia,nulla ac enim in,03017,94,02803
0378-1666,859931259-6,China,venenatis non sodales sed,02632,26,02619
66689-711,015231630-2,Japan,vestibulum sed magna at,02638,28,09999
64024-489,710030657-4,China,ultrices posuere cubilia curae,02633,21,02617
36987-1549,972240956-5,China,feugiat non pretium quis,02632,98,02615
52959-053,798368319-7,Czech Republic,metus arcu adipiscing,02773,70,13699
49288-0277,191287395-8,Ukraine,sed justo pellentesque viverra,02639,53,02617
54879-004,870434442-1,Croatia,donec odio justo,02631,51,03106
36987-1095,257952191-7,Thailand,mauris lacinia sapien quis,02773,83,02805
64720-321,413892129-X,Indonesia,cursus id turpis,02633,52,13698
49035-000,235934395-5,Macedonia,aliquam augue quam sollicitudin,02632,88,02803
49035-872,837175596-1,Russia,quam a odio in,02628,2,02802
69191-500,960564357-X,China,nibh in hac,02636,97,02806
11822-0294,047996540-4,China,in tempus sit,02629,5,02615
51887-001,086889688-8,South Africa,ut suscipit a,02639,56,02617
43857-0236,172449035-4,Russia,morbi odio odio elementum,02633,77,02619
0409-1539,848600312-1,Philippines,volutpat quam pede,03017,1,02806
55154-2064,862632812-5,Netherlands,gravida sem praesent id,02628,26,13699
49349-636,544830236-X,Philippines,posuere metus vitae ipsum,02630,20,02619
0093-7350,603485233-1,Indonesia,quis lectus suspendisse,02638,17,02805
69139-001,394930416-9,Philippines,eget vulputate ut,02638,5,13700
55312-851,246271361-1,Indonesia,id ligula suspendisse ornare,02638,37,02618
50184-1037,672220139-2,Brazil,tincidunt nulla mollis,02631,8,02612
0378-6669,554006517-4,Bulgaria,dapibus duis at velit,02773,20,02806
68479-313,395910339-5,China,in sapien iaculis,02636,77,02621
0121-4655,771437006-8,Afghanistan,nunc rhoncus dui vel,02637,54,03106
55316-190,874259483-9,Mexico,interdum mauris ullamcorper,02633,64,02616
0093-3127,667407161-7,Russia,massa volutpat convallis,02639,68,02613
54868-0061,557867237-X,Russia,nullam molestie nibh in,09999,92,02617
49967-860,514522201-7,China,massa quis augue,02628,32,13700
0615-1324,724893738-X,Mexico,tempor turpis nec euismod,03017,37,02612
68814-145,655379079-5,Argentina,pretium quis lectus,02633,44,03106
0143-9864,070296633-9,China,metus arcu adipiscing,02628,8,13700
21695-900,009573413-9,France,ullamcorper purus sit amet,02630,87,02611
65044-2297,321317606-0,Sweden,nulla mollis molestie,02628,85,02618
49817-0062,279223998-0,China,tincidunt eu felis fusce,02635,10,13699
63629-2947,310273315-8,China,nec euismod scelerisque,03017,41,09999
48951-4076,374054097-4,United States,orci vehicula condimentum curabitur,02636,6,02614
0597-0013,896225826-9,Thailand,ligula vehicula consequat morbi,02639,62,02619
21695-050,061645864-9,Albania,vestibulum proin eu mi,02637,93,02613
61096-0005,833374202-5,China,vulputate vitae nisl aenean,02629,11,02616
62756-712,468913808-7,Mexico,augue vestibulum rutrum rutrum,03017,51,02618
64679-728,767119782-3,Indonesia,et ultrices posuere,02631,79,02615
59762-0059,906192270-4,Peru,sit amet consectetuer adipiscing,02634,64,02805
43479-109,974728424-3,Mauritius,in congue etiam,02639,100,02611
59667-0053,072013553-2,Pakistan,id turpis integer aliquet,02631,19,02612
50730-4301,279530195-4,France,consectetuer adipiscing elit,02638,96,02803
0363-0382,106040842-2,Brazil,eget nunc donec,02635,80,02805
76097-003,352127279-6,Indonesia,et magnis dis parturient,02632,49,02621
98132-123,496871905-1,Poland,phasellus in felis,02631,90,02610
68084-772,583745785-2,China,rutrum ac lobortis,02632,75,02805
57520-0070,644407237-9,China,non sodales sed,02637,94,13698
57955-5005,825682731-9,China,enim leo rhoncus,02638,75,02615
68196-300,699849222-7,Poland,integer pede justo lacinia,02630,75,02802
42411-011,077612052-2,Philippines,lorem quisque ut erat,09999,59,09999
13537-428,094618553-0,China,porttitor id consequat in,02635,89,02611
23155-115,027944326-9,Portugal,convallis morbi odio,02631,85,02619
0069-9142,967075139-X,Philippines,sagittis dui vel,02629,62,02620
41520-522,422928536-1,Philippines,consectetuer adipiscing elit,02634,54,13699
0268-0801,283344140-1,Russia,nonummy maecenas tincidunt,09999,27,09999
10356-352,627898832-1,China,nunc nisl duis,02630,41,03106
66472-041,432699149-6,Indonesia,lorem ipsum dolor sit,02638,46,02804
0179-0157,770400084-5,Iran,sem mauris laoreet ut,02773,91,02613
49999-575,709346575-7,Ireland,sit amet turpis,02631,42,02617
51141-0237,675823008-2,Philippines,vestibulum ante ipsum primis,02633,98,02619
24385-471,400117506-1,United States,proin leo odio,03017,12,02803
54575-294,804361187-4,Norway,quisque erat eros viverra,02632,10,02611
53401-004,377996729-4,Philippines,nam dui proin,02773,83,02806
66944-001,979683624-6,Chile,luctus et ultrices,02773,30,02806
49852-009,223137165-0,China,mus etiam vel,02629,54,02617
63868-255,921545424-1,Indonesia,venenatis lacinia aenean,02635,83,02621
21695-980,028469648-X,Brazil,nec dui luctus rutrum,02634,88,02616
62713-812,524284650-X,Russia,eget eleifend luctus,02629,100,02612
0615-6547,471874938-7,Brazil,nulla pede ullamcorper augue,02639,87,02610
59630-400,867467124-1,Nigeria,nibh in quis justo,02638,44,02803
60512-8035,461921990-8,Indonesia,in hac habitasse,03017,37,09999
53225-1022,511433824-2,Argentina,sed accumsan felis ut,02773,58,02803
49035-130,206856954-X,Indonesia,tempus semper est,02788,76,13698
60429-735,451299498-X,Brazil,erat vestibulum sed magna,02788,93,02802
68151-5003,836612905-5,Kenya,ut suscipit a,03017,29,02806
43742-0239,605906680-1,Ukraine,rhoncus mauris enim,02638,16,02618
68516-4604,837602478-7,Philippines,vestibulum sit amet,02637,21,02616
54868-0032,585745395-X,Peru,donec ut mauris,02788,8,02614
14362-0111,709875737-3,Uganda,quis augue luctus tincidunt,02639,82,02621
13811-662,438418332-1,Armenia,nunc vestibulum ante ipsum,02773,14,02613
34666-005,875047559-2,France,ut mauris eget,02633,61,02616
24488-006,126803847-4,United States,sed nisl nunc,02632,1,13699
49230-643,953543539-6,Indonesia,eros elementum pellentesque quisque,02638,11,02612
50332-0109,690519210-4,Indonesia,eget tincidunt eget,02635,71,02621
0273-7003,910167210-X,Argentina,mauris laoreet ut,02635,48,02805
49288-0831,164207741-0,United States,in congue etiam justo,02788,13,13699
54575-938,215498208-5,Russia,velit donec diam neque,02630,56,02620
10544-599,007909473-2,Japan,orci luctus et,02788,7,02613
60505-6110,530474801-8,Indonesia,nec euismod scelerisque,03017,65,13699
68745-2011,245852978-X,China,aenean lectus pellentesque,02631,6,02610
54569-6401,927606528-8,Russia,ipsum dolor sit,02773,84,02803
53808-0303,287163240-5,Philippines,at turpis a pede,02636,58,02612
48951-9021,076402911-8,Indonesia,donec posuere metus vitae,02637,1,09999
42192-707,043161512-8,Azerbaijan,consectetuer eget rutrum,02631,100,02610
57520-0427,462643157-7,Indonesia,aliquet ultrices erat tortor,02630,50,02620
36987-2854,893371809-5,Philippines,ornare imperdiet sapien,03017,49,13699
21695-762,673154771-9,Iran,morbi odio odio,02638,36,02803
34690-9001,583560560-9,Russia,dolor morbi vel,02636,37,02615
76088-100,858623362-5,Indonesia,blandit nam nulla integer,02629,75,02806
58414-8321,567734027-8,Ukraine,blandit ultrices enim lorem,02636,12,03106
50114-8510,889083763-2,Italy,cursus id turpis integer,03017,5,02612
11410-601,720141903-X,Brazil,aenean sit amet justo,02628,32,02802
49349-790,692563144-8,China,dictumst aliquam augue,02773,10,13698
59896-520,048986062-1,Thailand,sit amet eros suspendisse,02629,62,02803
0573-0556,684734222-6,Czech Republic,ac leo pellentesque,02634,73,02611
13537-157,146903419-0,China,phasellus id sapien in,02632,15,02802
61699-0201,978484288-2,Indonesia,id massa id,02634,3,02618
59779-161,904439085-6,Indonesia,mauris sit amet,02773,81,02612
61589-1816,262465224-8,Poland,nunc viverra dapibus,02633,94,02619
50114-6129,063377315-8,Colombia,dui vel sem,02773,81,02804
64092-150,449296555-6,Indonesia,quam turpis adipiscing lorem,02636,95,13698
52125-035,244064197-9,Brazil,vulputate elementum nullam varius,02635,50,02804
58668-6140,068365328-8,Brazil,cursus urna ut tellus,03017,63,02614
61957-1069,250155649-6,Guatemala,luctus et ultrices posuere,02628,11,13698
64720-141,229330394-2,China,velit nec nisi vulputate,02629,91,02616
0409-9366,435756092-6,Philippines,luctus et ultrices posuere,02637,66,02620
0363-5336,761876537-5,China,sem sed sagittis nam,02639,81,03106
55648-692,845739349-9,Tunisia,quam fringilla rhoncus,02631,91,02614
0268-0929,828422608-1,Argentina,est risus auctor,02633,92,09999
42602-007,810256269-2,Philippines,augue vestibulum rutrum,02636,17,02616
21695-565,870898255-4,Portugal,sapien varius ut,02635,25,02803
40002-003,605995935-0,Portugal,nec sem duis,02631,66,02617
0264-2203,520090091-3,Philippines,parturient montes nascetur,02633,10,09999
59779-809,582686939-9,Mongolia,in faucibus orci,09999,59,02620
55154-2030,255776473-6,South Africa,tristique fusce congue,09999,45,02610
0591-2789,545259596-1,China,morbi a ipsum,02631,62,02612
11084-129,794624066-X,Russia,varius ut blandit non,02634,81,13698
49738-426,409615524-1,Japan,leo rhoncus sed vestibulum,02632,58,03106
49765-310,534395227-5,Nigeria,ultrices enim lorem ipsum,02633,63,02617
42515-001,767424718-X,Mauritius,duis ac nibh fusce,02629,20,09999
57520-0309,270169362-4,Philippines,risus dapibus augue vel,09999,81,13700
53808-0784,087223642-0,Pakistan,at velit eu est,03017,4,02616
52125-874,477375274-2,Ukraine,nunc nisl duis,02637,77,13698
16864-201,403638493-7,France,massa donec dapibus duis,02634,78,02805
54868-4453,643898589-9,China,at diam nam tristique,02639,54,03106
76363-029,317666627-6,Philippines,pede malesuada in imperdiet,02632,10,13699
64117-595,716383984-7,Brazil,rutrum rutrum neque aenean,02788,30,09999
16590-936,560213505-7,Ecuador,sem fusce consequat,02630,35,02621
29500-0240,419692894-3,Sweden,ut massa volutpat convallis,02635,38,02613
23635-582,784182159-X,Chile,nam nulla integer,02633,5,02806
65133-110,590283545-3,China,vulputate ut ultrices,02634,81,02803
52125-952,279080636-5,Tanzania,vivamus vel nulla eget,02773,46,02621
30142-065,777597998-4,Argentina,at feugiat non pretium,02634,20,02618
55714-1512,625683257-4,Russia,placerat ante nulla,02634,97,13700
36987-2051,145914987-4,Japan,in hac habitasse platea,02788,85,03106
54868-4957,731232847-4,Indonesia,ultrices posuere cubilia curae,02788,24,13698
37000-052,567827695-6,China,suspendisse potenti nullam,09999,91,02617
52685-352,366420736-X,China,neque sapien placerat,02639,85,02621
50844-619,164350398-7,Philippines,augue quam sollicitudin,02636,80,02804
63395-201,750679059-9,Greece,habitasse platea dictumst aliquam,02636,4,02615
0143-1246,653031787-2,Costa Rica,nisi eu orci,02636,6,02615
63868-060,241025031-9,Paraguay,odio condimentum id,02636,86,02611
53329-139,118425239-4,Lesotho,at velit vivamus vel,03017,70,02614
0591-5319,304310990-2,El Salvador,eget orci vehicula condimentum,09999,46,02806
10482-001,575652219-0,France,erat volutpat in congue,02633,49,02616
44224-0699,854423515-8,Germany,aliquet pulvinar sed,03017,75,03106
0641-6085,578681179-4,China,pede morbi porttitor lorem,02639,21,13700
57955-1270,156337078-6,Ukraine,turpis nec euismod,02632,82,02615
36987-2158,681417009-4,Russia,at dolor quis,02629,15,13698
49999-854,202505354-1,Ireland,a suscipit nulla elit,02629,98,02614
75997-020,659880617-8,Ukraine,dapibus augue vel accumsan,02635,49,02610
0440-7655,176643154-2,Philippines,donec quis orci eget,02638,73,13699
55312-214,869094415-X,Indonesia,est risus auctor sed,02631,89,02620
63824-416,518074393-1,Indonesia,ac consequat metus sapien,02633,96,02610
