ExternalId,Name,ShortName,CarnegieBasicClassification,ControlOfInstitution,LevelOfInstitution,PredominantCalendarSystem,VirtualIndicator
f11e9ee8-e933-44a3-9f7e-73747b8075ef,inertia's School,etiam,Assoc/Pub-S-SC,,,,true
29d7c481-6d7d-4446-a6e7-2f289bf1fd53,tightened System,dui,Assoc/Pub-S-SC,PrivateFP,TwoToFour,4-1-4,false
b2fb2f2b-1de1-49e3-9081-41eab0a9d1a2,frontages School,,Masters/S,Public,TwoToFour,Quarter,
0dd2762f-b327-4318-9f2c-ec1eff5c9bac,beginners School,orci,Assoc/Pub4,Public,FourYear,4-1-4,true
83b9d552-3556-46d1-9076-efc7c402e363,carcasses School,,Assoc/Pub-R-S,PrivateFP,TwoToFour,Trimester,
1b9de9d6-d9bd-48ca-9c93-c19bbd1023bf,misdeed's System,in,Bac/Assoc,Public,FourYear,DiffersByProgram,false
f7c490c0-05a2-4e86-b0fb-27101fd67de6,reinstate School,curabitur,Bac/A&S,Public,LessThanTwo,Other,true
9db5eba4-6f6c-4743-848b-0c1d3b48b49e,minimized System,sed,Assoc/Pub4,Public,FourYear,4-1-4,true
f226769b-08a6-45c3-aff0-681e303f32b6,localized System,at,Assoc/Pub-R-S,Public,LessThanTwo,4-1-4,false
507db991-c2d3-44d8-8ae0-74ac320ead66,decidedly University,,Assoc/PrivFP4,Public,TwoToFour,Quarter,
a0acb068-d8fc-4190-8eab-b5162f0e0f40,bubbliest School,nonummy,Assoc/Pub-S-MC,PrivateFP,TwoToFour,4-1-4,false
43bfdc52-0751-473f-bdc2-a5859318cbcf,unethical School,,Assoc/Pub-R-S,PrivateNFP,TwoToFour,DiffersByProgram,
b783fc8d-96db-4458-9da0-c2f969e1e996,educating System,in,RU/H,Public,LessThanTwo,Semester,true
47300d21-a4fc-4a87-ad11-19b9ea10277d,blackouts System,,Spec/Engg,PrivateFP,TwoToFour,DiffersByProgram,
4e86f311-d4ed-4180-8f04-0d614d784368,biography District,,Spec/Tech,PrivateNFP,TwoToFour,DiffersByProgram,
709c270c-ade9-45ba-aed4-40484eb16c8f,interring District,,Assoc/Pub-Spec,PrivateFP,FourYear,DiffersByProgram,
f0eea76f-9918-42a5-82de-a136a8e3dbfb,milligram System,,Masters/M,PrivateFP,TwoToFour,Quarter,
ed8460f2-4d16-4c54-bed1-e74a5b556c5e,framework System,,Bac/Assoc,Public,FourYear,DiffersByProgram,
6c6386b7-afcc-464a-a2f2-17d860e23f54,creatives School,amet,Spec/Law,Public,LessThanTwo,Semester,false
48cb4a09-4eed-4f48-9159-1b6c25981e97,twister's School,in,Assoc/Pub-S-MC,,,,false
