CourseExternalId,ProgramExternalId
349996241-1,83D9Plj9
267262878-5,WXy4uS6HEH79
798012235-6,YEsDtJt
032908762-2,wDPqm6
345914516-1,tgr3f1hlH
608893965-6,EtozO7W
887540563-8,44Kh9WX
359615866-4,8V8FOG
025591495-4,K0rwhDK
525273758-4,BgaqDz4W
963781245-8,oQ0Cxs3DSN3N
710295234-1,AllvtBbEf
767449148-X,BxdKPse
043203739-X,FzUN5uVOYg
723011945-6,mHiDNjFRuzf
240538423-X,JvvMqTeuKpLX
893404945-6,SoNuXj
552675717-X,BpIGDaLJ
611167153-7,H7WBiYpj
049701998-1,T9S21M88
112976469-9,OhGbfDyR5
488383462-X,VKj19pwNsil
334888743-7,6w8y9W
558981322-0,CA91phKJ
248502112-0,qntYpImzXjH7
900720894-2,OLz4Lu2G
244484223-5,mavrPbI241UM
535754600-2,Zklqy3dWu
482217553-7,xpIn1A
780375727-8,o5X9dBh
512853120-1,v0PfkMiOYP
213771822-7,xAfOLe
918053862-2,Kvff6z5
571396111-7,SEHN2CG
294983056-0,8fVlwNZLX3
131252118-X,cpbxhKsyEz6l
363641725-8,jrf0Ir8LCD4W
707467402-8,oYhpzI9PdMgd
546901143-7,gMjAbBQaBQnC
455269717-X,PzDgOOPIl
852299638-5,OEKkFOunN
878382970-9,13nBE3TTgsO
077328461-3,1rMOWKWcVrB
912484561-2,kGrMDsqHSa
759828114-9,3qfJEe
914401719-7,TDyoKKpJWtGx
672922087-2,3cPGOzDW
806043916-2,A1VKdpCx
401787675-7,zk5uydTKHe
607974598-4,DU87iBv
330356352-7,tDOLxS
781198474-1,sDmwHP2DjILX
002174725-3,IO7GG0b
708979536-5,B81edwBxmCK3
737977386-0,Ky0BmQg
455524897-X,WywYChVH
362415758-2,EnoSwX
000345207-7,xFXAxBEjig
949021851-0,n0KnQoDL1tU
349763861-7,z9T976T
402013373-5,p2Go2OOqrMx
686257129-X,qWV86SB
737119240-0,NJ9dvWMO3thk
799040161-4,piKQu5c3
296180350-0,1e43IoHSQ
778803941-1,YIcxvdo3ivC
065854615-5,p1GGaovcSBk
088400802-9,dnmz4Li
057391664-0,lw6TYwc1gh
019948578-X,BgOql7GVr5ls
328861473-1,KScWnglqw
911398098-X,ZlsIRsiT
088201775-6,MmGI6VghuM
463489977-9,p1MyoAKeaP
959456251-X,FsY6oVFd
643695582-8,4WNFePdGurY
216521538-2,I4CD60
022191336-X,qeQQohm1
832486976-X,kLOmENbbCC
271928845-4,G3DoyrEk
024076051-4,Tpd8Ozt8Zlh
382887253-0,Zw5afJbggFb
754497731-5,1FNLsiRPzKU
533121631-5,Dm8eeSVt
487941765-3,fMSGCixMgG
083165003-6,mm3BEXM
480555909-8,zkOXwTi
103050247-1,OBMUrD
843921499-5,E6rgC58
274314959-0,i8K86g4ERX1f
551155595-9,asglOCUwWe
389225585-7,sPrpTqa
738134163-8,xugpFY
526161828-2,oZpIww42cjej
014083512-1,hO7IppdoY
840680653-2,ph0ubsaQmWu
041569515-5,xlf7DpHe
578408187-X,Pc9xFd
824655648-7,3HPOX2
716209254-3,SMmGdex4Gfn
699491304-X,83D9Plj9
630165359-9,WXy4uS6HEH79
860683181-6,YEsDtJt
517766962-9,wDPqm6
974754058-4,tgr3f1hlH
128074000-0,EtozO7W
881305856-X,44Kh9WX
546316303-0,8V8FOG
474688943-0,K0rwhDK
788104401-2,BgaqDz4W
956315260-3,oQ0Cxs3DSN3N
188435041-0,AllvtBbEf
013416948-4,BxdKPse
044763504-2,FzUN5uVOYg
590230279-X,mHiDNjFRuzf
153277669-1,JvvMqTeuKpLX
999420136-0,SoNuXj
115087263-2,BpIGDaLJ
842371983-9,H7WBiYpj
427857863-6,T9S21M88
158247403-6,OhGbfDyR5
620173158-X,VKj19pwNsil
482171136-2,6w8y9W
107202139-0,CA91phKJ
951799262-9,qntYpImzXjH7
530813001-9,OLz4Lu2G
637188061-6,mavrPbI241UM
904842088-1,Zklqy3dWu
498625574-6,xpIn1A
774928322-6,o5X9dBh
451817844-0,v0PfkMiOYP
769849397-0,xAfOLe
899068101-4,Kvff6z5
703710828-6,SEHN2CG
560376086-9,8fVlwNZLX3
282457313-9,cpbxhKsyEz6l
798987556-X,jrf0Ir8LCD4W
236747143-6,oYhpzI9PdMgd
122603804-2,gMjAbBQaBQnC
621212362-4,PzDgOOPIl
347908635-7,OEKkFOunN
324547262-5,13nBE3TTgsO
520862866-X,1rMOWKWcVrB
756203194-0,kGrMDsqHSa
389597149-9,3qfJEe
939061920-3,TDyoKKpJWtGx
583830224-0,3cPGOzDW
621350995-X,A1VKdpCx
322968227-0,zk5uydTKHe
117308996-9,DU87iBv
992646501-3,tDOLxS
741459658-3,sDmwHP2DjILX
464461611-7,IO7GG0b
288639531-5,B81edwBxmCK3
748199512-5,Ky0BmQg
083647830-4,WywYChVH
428225164-6,EnoSwX
798515039-0,xFXAxBEjig
239265090-X,n0KnQoDL1tU
698180779-3,z9T976T
173465261-6,p2Go2OOqrMx
065832567-1,qWV86SB
881434961-4,NJ9dvWMO3thk
071902623-7,piKQu5c3
843299521-5,1e43IoHSQ
636363474-1,YIcxvdo3ivC
426566526-8,p1GGaovcSBk
449552304-X,dnmz4Li
157173105-9,lw6TYwc1gh
272229699-3,BgOql7GVr5ls
648412817-0,KScWnglqw
069450839-X,ZlsIRsiT
209031966-6,MmGI6VghuM
990540316-7,p1MyoAKeaP
356735310-1,FsY6oVFd
825226289-9,4WNFePdGurY
605241995-4,I4CD60
614537668-6,qeQQohm1
646334352-8,kLOmENbbCC
279650607-X,G3DoyrEk
382599392-2,Tpd8Ozt8Zlh
619064914-9,Zw5afJbggFb
472016816-7,1FNLsiRPzKU
802720486-0,Dm8eeSVt
786927789-4,fMSGCixMgG
424270379-1,mm3BEXM
875626550-6,zkOXwTi
652010128-1,OBMUrD
895933605-X,E6rgC58
289332335-9,i8K86g4ERX1f
363137960-9,asglOCUwWe
248134830-3,sPrpTqa
751358972-0,xugpFY
875015371-4,oZpIww42cjej
892984532-0,hO7IppdoY
086115254-9,ph0ubsaQmWu
183476676-1,xlf7DpHe
331948522-9,Pc9xFd
185384634-1,3HPOX2
500745386-2,SMmGdex4Gfn
