externalId,lengthHours,classificationOfInstructionalProgramCode,classificationOfInstructionalProgramVersion,lengthHoursType,normalLengthOfTimeForCompletion,normalLengthOfTimeForCompletionUnits,postsecondaryProgramLevel,name
83D9Plj9,4,100303,CIP1980,,2 years,Years,Certificate,Computer Topics
WXy4uS6HEH79,26,140805,CIP1985,Contact,2 years,Quarters,Major,Computer Internship
YEsDtJt,29,90401,CIP1985,Credit,4 years,,,Architecture Internship
wDPqm6,32,,,,6 quarters,,Minor,Agriculture Internship
tgr3f1hlH,52,141801,CIP1990,Credit,4 years,Years,Major,Computer Topics
EtozO7W,22,300501,CIP2000,Contact,6 quarters,Weeks,Other,Architecture Internship
44Kh9WX,34,240101,CIP2010,Contact,2 years,Quarters,Minor,Computer Topics
8V8FOG,55,240199,CIP1980,Credit,6 quarters,Hours,Minor,Architecture Internship
K0rwhDK,77,,,Credit,2 years,Hours,Certificate,Computer Internship
BgaqDz4W,38,,,Credit,,,Minor,Computer Internship
oQ0Cxs3DSN3N,23,,,Credit,4 years,Years,Other,Agriculture Internship
AllvtBbEf,57,90101,CIP2010,Credit,2 years,,Major,Computer Engineering
BxdKPse,53,111001,CIP1990,Contact,2 years,Semesters,,Architecture Internship
FzUN5uVOYg,85,240101,CIP2000,,2 years,Weeks,,Architecture Internship
mHiDNjFRuzf,61,131001,CIP1980,,2 years,,Minor,Health Internship
JvvMqTeuKpLX,72,150507,CIP1985,Contact,,Weeks,Minor,Computer Topics
SoNuXj,23,309999,CIP2000,Contact,6 quarters,,Major,Science Internship
BpIGDaLJ,58,131312,CIP1985,,2 years,Quarters,Minor,Computer Topics
H7WBiYpj,100,,,Contact,6 quarters,Weeks,,Science Topics
T9S21M88,58,131314,CIP1990,Credit,,Semesters,Other,Computer Internship
OhGbfDyR5,95,131325,CIP1990,Credit,2 years,Years,Minor,Computer Introduction
VKj19pwNsil,9,190101,CIP1985,Contact,6 quarters,Quarters,Minor,Computer Statistics
6w8y9W,84,,,Credit,6 quarters,Quarters,Minor,Computer Statistics
CA91phKJ,85,130101,CIP1980,Credit,6 quarters,Semesters,Other,Computer Statistics
qntYpImzXjH7,29,20403,CIP1980,Contact,6 quarters,Semesters,Certificate,Computer Topics
OLz4Lu2G,19,,,Credit,4 years,,Minor,Architecture Internship
mavrPbI241UM,49,130404,CIP1985,Credit,6 quarters,Years,Major,Computer Introduction
Zklqy3dWu,13,260101,CIP2000,Contact,6 quarters,,Other,Architecture Internship
xpIn1A,37,131315,CIP1990,Contact,,,Minor,Health Statistics
o5X9dBh,59,141001,CIP1990,Credit,6 quarters,Hours,Minor,Agriculture Introduction
v0PfkMiOYP,39,10900,CIP1980,Contact,4 years,Semesters,,Architecture Introduction
xAfOLe,98,,,Credit,2 years,,Other,Computer Statistics
Kvff6z5,99,10199,CIP2000,Contact,2 years,Hours,Minor,Agriculture Statistics
SEHN2CG,47,309999,CIP2000,Credit,2 years,Years,Major,Computer Engineering
8fVlwNZLX3,33,,,Contact,2 years,,Certificate,Computer Topics
cpbxhKsyEz6l,62,131202,CIP2000,Credit,2 years,,Other,Agriculture Introduction
jrf0Ir8LCD4W,61,,,,,Years,,Computer Internship
oYhpzI9PdMgd,1,220202,CIP1980,,2 years,Quarters,Other,Computer Internship
gMjAbBQaBQnC,32,,,,6 quarters,Hours,Certificate,Health Internship
PzDgOOPIl,24,90903,CIP2010,Credit,6 quarters,,Minor,Computer Topics
OEKkFOunN,6,111003,CIP1980,Credit,4 years,Quarters,Minor,Computer Topics
13nBE3TTgsO,76,150201,CIP1985,Contact,4 years,Weeks,Other,Architecture Internship
1rMOWKWcVrB,14,131320,CIP1990,Contact,2 years,Weeks,Minor,Computer Internship
kGrMDsqHSa,89,59999,CIP1980,Credit,6 quarters,Hours,Major,Architecture Internship
3qfJEe,9,,,Credit,6 quarters,Years,Other,Agriculture Statistics
TDyoKKpJWtGx,7,260101,CIP2000,Contact,2 years,,Certificate,Science Internship
3cPGOzDW,29,150303,CIP2010,Contact,2 years,Years,,Computer Internship
A1VKdpCx,43,11001,CIP1985,Credit,6 quarters,,Other,Science Statistics
zk5uydTKHe,33,231304,CIP1980,Credit,,Quarters,,Computer Statistics
DU87iBv,89,50104,CIP1985,,6 quarters,,Major,Computer Internship
tDOLxS,18,,,Contact,4 years,Weeks,Minor,Architecture Internship
sDmwHP2DjILX,63,310301,CIP1980,Contact,4 years,Weeks,Minor,Computer Internship
IO7GG0b,79,,,Contact,6 quarters,Weeks,,Computer Internship
B81edwBxmCK3,94,240103,CIP1980,,4 years,Years,Minor,Computer Internship
Ky0BmQg,49,240102,CIP1985,Contact,4 years,Hours,Certificate,Computer Introduction
WywYChVH,98,143001,CIP1980,Credit,6 quarters,Weeks,Certificate,Agriculture Statistics
EnoSwX,87,150801,CIP1985,,,Hours,Certificate,Computer Introduction
xFXAxBEjig,20,140801,CIP2000,Credit,6 quarters,Semesters,Other,Science Statistics
n0KnQoDL1tU,39,150699,CIP2010,,2 years,,Minor,Computer Topics
z9T976T,18,90401,CIP1980,Credit,2 years,Hours,Other,Science Internship
p2Go2OOqrMx,63,,,,,,Other,Computer Internship
qWV86SB,84,142701,CIP1980,Contact,2 years,Quarters,Certificate,Architecture Internship
NJ9dvWMO3thk,92,260702,CIP1980,Credit,4 years,Semesters,,Health Topics
piKQu5c3,48,11103,CIP1980,Credit,4 years,Weeks,Certificate,Computer Topics
1e43IoHSQ,23,90101,CIP2000,Contact,,,Minor,Computer Internship
YIcxvdo3ivC,38,190708,CIP1980,Contact,4 years,Semesters,Other,Computer Internship
p1GGaovcSBk,77,260101,CIP2000,,,Years,Major,Science Internship
dnmz4Li,14,119999,CIP2010,,2 years,,,Computer Introduction
lw6TYwc1gh,65,131001,CIP1985,,4 years,Weeks,Certificate,Computer Topics
BgOql7GVr5ls,50,131299,CIP1990,Credit,6 quarters,Weeks,Certificate,Computer Internship
KScWnglqw,68,,,Contact,6 quarters,,Certificate,Health Internship
ZlsIRsiT,4,131305,CIP2010,,6 quarters,Hours,Certificate,Agriculture Topics
MmGI6VghuM,74,300101,CIP2000,Contact,2 years,,Other,Architecture Engineering
p1MyoAKeaP,24,,,Credit,4 years,Semesters,Minor,Architecture Topics
FsY6oVFd,64,140101,CIP1990,Credit,6 quarters,Semesters,,Agriculture Engineering
4WNFePdGurY,43,,,Contact,4 years,Hours,Certificate,Architecture Internship
I4CD60,60,220101,CIP1980,Credit,4 years,Quarters,,Computer Statistics
qeQQohm1,83,130100,CIP2010,Contact,,Quarters,Major,Architecture Topics
kLOmENbbCC,49,,,Credit,,Quarters,Major,Architecture Statistics
G3DoyrEk,37,110202,CIP1985,Credit,4 years,Quarters,Minor,Architecture Statistics
Tpd8Ozt8Zlh,70,110202,CIP2010,Contact,4 years,Weeks,Other,Architecture Topics
Zw5afJbggFb,21,142101,CIP2000,Contact,2 years,,,Health Internship
1FNLsiRPzKU,67,,,,2 years,Semesters,Certificate,Computer Internship
Dm8eeSVt,56,190706,CIP1980,Contact,2 years,Semesters,Minor,Architecture Statistics
fMSGCixMgG,3,131311,CIP1990,,6 quarters,Semesters,Major,Science Internship
mm3BEXM,60,110401,CIP2010,Credit,6 quarters,,Certificate,Architecture Internship
zkOXwTi,72,310504,CIP1980,Credit,,,Other,Science Topics
OBMUrD,88,,,Contact,2 years,,Minor,Computer Statistics
E6rgC58,14,150503,CIP2010,,4 years,,Major,Architecture Internship
i8K86g4ERX1f,51,131101,CIP1980,Credit,4 years,Hours,Other,Architecture Statistics
asglOCUwWe,42,110701,CIP2000,Credit,4 years,Weeks,Minor,Architecture Internship
sPrpTqa,68,110401,CIP1990,Credit,6 quarters,Weeks,Major,Health Introduction
xugpFY,37,151302,CIP1990,Credit,,Weeks,Minor,Agriculture Topics
oZpIww42cjej,35,110103,CIP1990,Contact,4 years,Hours,Major,Computer Statistics
hO7IppdoY,29,131312,CIP1985,Credit,6 quarters,Weeks,Minor,Computer Statistics
ph0ubsaQmWu,26,310501,CIP2010,Credit,4 years,Semesters,Other,Architecture Internship
xlf7DpHe,70,90999,CIP2010,,6 quarters,Years,Major,Health Topics
Pc9xFd,67,,,Credit,4 years,,Other,Computer Topics
3HPOX2,15,190709,CIP1980,Credit,,Semesters,Certificate,Computer Topics
SMmGdex4Gfn,32,60401,CIP2010,Contact,,,Major,Architecture Internship
