ExternalId,StaffExternalId,AddressType,IsPrimary,Line1,Line 2,City,State,PostalCode
e8ce0a08-a339-46a5-aa2f-d7d900ad177b,9d0f1999-c14f-466a-b078-eac5dceb8c1e,OffCampus,true,5 Schiller Hill,38,Lake Charles,LA,70607
d9d16a8e-edfe-4d5b-bbed-4e65d875cb2d,f7028165-19e7-4c64-8cf9-779abc35c378,FatherAddress,true,7956 Dovetail Parkway,,Corpus Christi,TX,78415
4797a658-ff84-4c9a-bbf9-c260040b5cff,44278bec-03df-4c85-a0cf-d531a81d0787,FatherAddress,false,9 Brown Center,,South Lake Tahoe,CA,96154
fa30001e-ecfc-4ad7-a599-457b2fe9a705,a36d21fd-5060-4eea-b3d0-85775ef521ae,FatherAddress,true,3327 Loeprich Terrace,,Evansville,IN,47719
da3c16a8-08f7-4418-ad89-84d7f4da6302,05339feb-c38b-4c27-914c-bae8192d2c68,MotherAddress,false,7 Menomonie Point,87486,Greenville,SC,29605
c471a2ab-6fd8-4ec9-9563-2be6b0405eed,42fdefff-7648-4145-b653-685d0c313124,Billing,,46756 Vernon Terrace,,Garland,TX,75049
65b7ac82-1c79-4ee2-a0d2-23c96688b520,37ecafa0-d392-4c66-ac4a-fd7593435a71,OnCampus,true,48 1st Hill,,Waterbury,CT,06726
24b75410-b640-4e8e-9f58-d7281c682232,5bf63d18-cf82-41a0-b39f-4d3b300e23fe,Shipping,false,9 Sutherland Way,,Tucson,AZ,85737
bf5f12c3-31a8-4e11-b0fa-9a008699fc5c,f27bac7c-b2b1-4060-a2c4-2eee95d01449,PermanentStudent,false,8023 Sage Point,,Buffalo,NY,14215
a20e97ff-431e-4d47-b655-c01697d8a827,7f8467a5-0511-4d99-97bf-56fc7e748279,Physical,true,69 Sheridan Hill,,Kansas City,MO,64142
eab33340-1363-4d95-9ba6-983f771ff47d,373e0e95-108b-46bd-b783-99a6774a4af2,Physical,,99 Lighthouse Bay Terrace,,Corpus Christi,TX,78465
ae69b842-3515-49a0-96bd-f4eb6fdf152f,c453600a-10b9-41f7-9a6f-f635389f8dcb,Physical,true,18 Fisk Court,,Houston,TX,77085
def9f3b6-bb8b-4a6c-aa82-712c6afef517,6230a556-77fa-45cc-9785-914093853f94,Billing,false,08901 Comanche Alley,,Washington,DC,20557
b0d9cc25-b166-40e9-869c-6404ca7867c7,b7b62f4f-b823-4658-8e13-c166ae404e1a,OnCampus,true,89887 Eliot Street,,Portland,OR,97221
f13d371c-c58e-4ea6-bce4-e7c91a45d007,65e4e18a-468a-4b78-bda2-d6db5f5bb00d,OnCampus,true,83 Montana Hill,,Toledo,OH,43605
3692cefe-5714-4cb7-bc3d-2f8b9cf350fe,022efc63-efb2-4630-8b6d-90dbc3970ac9,Shipping,true,571 Sugar Center,,Rochester,NY,14652
101ea581-b677-4006-b75b-691a01109e3d,a3a0790c-8ba6-45f1-9cb1-5e3a1791426a,PermanentStudent,false,0 1st Place,,Miami Beach,FL,33141
2c505b18-b3c0-483b-85cc-d75510a32159,80ecd37f-2d15-4016-8825-c07b4e1c4f3f,MotherAddress,true,50203 Ronald Regan Drive,2,Sacramento,CA,94273
dde2f8b2-9558-4cce-ba83-ecc7b8f32b39,343e92b8-4aaa-4f80-a987-d6c37e94c425,GuardianAddress,true,506 Cherokee Park,,Alexandria,VA,22301
decb321a-89cc-4655-ad11-56cd114d97ed,23c716fc-0d69-40c8-8bb3-2a2d1e5a6bb9,Mailing,false,22 Garrison Place,,Columbus,OH,43231
11803ff5-71f3-4a6c-820c-7c6fa2f7f9c3,4e806be2-c28c-4c86-8e76-58a0a32bc4c3,PermanentAdmission,false,357 Erie Point,,Orlando,FL,32819
349e9747-8a8e-4c13-9a93-0f6bd3496e9b,0e3639c8-62de-4774-b4f7-0a76ff94479a,Physical,true,8 Karstens Alley,,Montgomery,AL,36119
47dbc9d7-19b3-4717-afd3-3c06a162b0e1,0b568a1b-de9c-4e8e-b64a-291c0304a1b4,Billing,false,3 Meadow Ridge Trail,,York,PA,17405
4251bb18-063b-455c-a916-990601e8c628,c865caab-ab71-4368-9fb0-2663cda1e255,FatherAddress,false,1515 Lukken Avenue,,Tampa,FL,33610
b986ae72-fd88-4cfc-9295-334001e164e9,82a9bede-b256-4725-bc8c-6dd7c28baaeb,Mailing,true,17 Talisman Pass,,South Bend,IN,46634
a1629d6e-f517-43ae-a4e5-4da85cdf7d40,28d235b5-00d1-4630-8a92-ec9cedd4e409,,false,21 Lillian Hill,,Los Angeles,CA,90050
7bbf4bdc-bc8e-4671-b3de-cead2e5d7340,5fdf0f25-5396-443e-9947-022e14b61673,Mailing,true,3263 Kennedy Crossing,,New York City,NY,10004
4d989770-b745-4ae2-8011-0455048e0704,9e9512b9-2d3f-46bd-98b7-a5724f45549a,MotherAddress,,3 Becker Drive,,Fort Wayne,IN,46896
278d21f4-c289-441e-9d3e-330cd8f237bf,2550b6c0-f950-4ed8-b0b9-f2aae2afc427,MotherAddress,false,8455 Artisan Crossing,,Portland,OR,97286
32206cef-475e-4514-9319-99c8fc2787a7,4da479c7-9da2-41b2-9cb8-03ab01538242,FatherAddress,true,9 Mcbride Road,,Elizabeth,NJ,07208
4d4ebfa8-6f7c-482b-a257-1a9b101c9813,d31ad68c-199f-43a8-be24-af9786abd962,FatherAddress,true,5 Sullivan Junction,,Bellevue,WA,98008
037f177f-9088-4752-8ace-b5c03b9fe975,e0a98add-7048-4876-ad42-d268165429c9,Physical,false,4152 Bobwhite Circle,,Albany,NY,12227
cee3b0f9-f13d-4161-b658-ef7f1bb1ad76,6c7ded4d-ddb9-4991-b818-7d0adb3fb510,GuardianAddress,false,466 Corben Crossing,,Lubbock,TX,79491
335ebb63-592f-411d-9336-dfc00e44fbbf,eca5bbd8-2899-406e-892c-20ee9a774f91,Physical,true,437 Grasskamp Court,,Kansas City,MO,64190
4236cdf3-36b5-45c7-b87d-1b420cd5adb0,c22b48c4-d09d-4534-bd88-0cd2bcb418ab,Mailing,true,64 Nelson Street,,Mobile,AL,36689
0da5c2d3-83a6-4788-8756-f1f5e8f3e5bf,9edb4c5b-3336-49d2-8364-579c7d11f342,Shipping,true,2 Annamark Street,,Phoenix,AZ,85099
22a22a09-ec32-4832-8edb-4e06e6552331,e4d4b7d1-c500-4452-90e2-0d7dc627b3c2,OffCampus,true,936 Lighthouse Bay Street,,Indianapolis,IN,46254
82cb52f0-63fc-47ab-a6dd-c3a64dc690dd,3deacf9f-54ae-412b-8191-72f980e410ff,GuardianAddress,true,4262 Fieldstone Circle,,Topeka,KS,66611
8b0d5747-08d4-4d90-81bb-7b2eee228d71,6fdc6734-4aa6-498e-9544-2be083c31676,Billing,false,42 Leroy Park,,Green Bay,WI,54305
b8aac964-17a8-4fe9-9f6b-d8bf2bb130ab,4e76aa89-dcd2-4ba2-9dff-8fcc69b3997a,GuardianAddress,,45 Kingsford Junction,,New York City,NY,10150
5508c141-bbe8-4837-8681-4fa2229178b7,f8ec91ef-484a-42aa-b07a-2faf7189bed8,PermanentStudent,true,811 Scoville Street,,Young America,MN,55564
cf1e7b6c-5565-413f-9424-a88191a07fae,a5ca5d0f-c413-46a0-a464-12a6af07e409,Physical,false,5602 Logan Pass,,Jefferson City,MO,65105
753e35f9-ed59-464f-86a4-83e9483df0c2,236f647e-7244-46c8-8db2-ba5a9d9cda6f,OffCampus,false,14667 Pine View Park,,Charleston,WV,25356
f93321b0-67cc-4545-9e65-b99a5dd5ac2d,4be5c489-8f5e-4457-8337-b8d18ae2ce51,OffCampus,true,3578 Dahle Circle,8,El Paso,TX,88569
8e9adf99-bada-4770-9397-886dc3a00b2a,9c6858a9-f1fb-42d9-9b63-39ef07366b34,OnCampus,true,07 Pankratz Parkway,,Topeka,KS,66611
6ebe3bac-3ad7-48d6-84dc-55217bc02bd0,1b1cf8ee-aa5a-4005-8e24-2b39eca45a1e,Mailing,true,2 Porter Lane,,Salem,OR,97306
35724054-24a4-4446-b259-cb12f662df94,8bc4450c-8f71-45c0-80b5-97bb5295dcaf,FatherAddress,true,7 Mockingbird Place,,Memphis,TN,38126
429929aa-3ee1-41fb-a018-d2adf8a0d7b1,ec81ffc2-f37f-4abc-8666-7ed95d92bc1d,OffCampus,true,4 Porter Drive,52,Schenectady,NY,12305
5b1ae131-c202-4805-9cd8-6d1515149c05,57b42f47-1aa4-4df4-9377-4f349fe3b2bf,MotherAddress,false,9 Meadow Ridge Place,,Corpus Christi,TX,78426
defb67b6-10e6-4ba1-bb07-28d032f5e124,652f695d-818a-44a6-a80a-79ce34de5e65,OnCampus,,264 West Avenue,,Kansas City,MO,64142
34ff8136-64f8-4375-9f4f-95b5027f4ca6,3014af29-e385-4e52-b90d-3c6a11247da8,MotherAddress,false,10 Melody Place,,Seattle,WA,98121
c37b6647-4d8f-479e-9646-fca36cd21b56,3c83fafa-a5c2-46ae-8a5a-db1184931d0c,Billing,false,81281 3rd Parkway,,Oklahoma City,OK,73109
2136d28c-3904-4cfd-ac1e-78d430c79d5e,e6158040-1f14-4b06-8aee-4756c0aba59f,OffCampus,false,3 Pawling Way,,New York City,NY,10150
65b16f6e-db57-4c32-b386-b5bb1481f84f,e912bbcb-065f-4a01-9025-3bdfcab0ec8c,MotherAddress,false,807 Westport Center,,Pasadena,CA,91109
5f87f204-4e64-405c-a56b-6925f7637e41,c55e3595-7edf-41ce-8bf1-f06cc4a3af96,OffCampus,false,0163 Ramsey Junction,,Wichita,KS,67230
cafe4b4d-a4e8-4db4-aba8-689700d7ac6f,99489594-ba51-4eb1-af85-5ad969178300,GuardianAddress,true,14188 Jackson Pass,30,El Paso,TX,79977
c70e3c9d-4d58-44a5-9a32-cddb309dd0d0,413c1773-4f3a-436a-ad09-ea68f02139e5,Shipping,false,57 Comanche Point,,Lansing,MI,48930
aedc3bbf-7b86-4a9a-94e3-cb19a325f146,7c7c5e0e-65b4-4f36-a556-641eb12c87bb,PermanentStudent,false,82420 Mallory Circle,,Katy,TX,77493
1baa03c2-0b87-432c-b0b3-0d442342d021,6c6c085c-af83-47c6-b7dd-c5f58f384d55,Shipping,true,13616 Dayton Pass,7,Santa Ana,CA,92705
c6d69400-1bfe-441a-b3f4-7cacfba92a6e,02ac1318-3d28-439a-a55e-afc7d861bbb0,MotherAddress,false,25828 Nova Road,,San Jose,CA,95128
13e2f2d2-c1d0-4ea1-8b42-104cf735aff3,a8bfba0b-880e-4176-b457-1f8007c96b8b,GuardianAddress,true,3 Schmedeman Avenue,,Dallas,TX,75387
e0e02606-87e7-414f-9ace-59a6c3b0f707,4d1ce55b-ca0e-4ddb-8310-6a500a294f25,GuardianAddress,true,4616 Maple Wood Center,,Alexandria,VA,22301
87d701c3-c605-4643-9dad-cd6fc4372bb3,fd7eb22e-9bb6-4ae0-b00f-0c1f912997f9,Shipping,true,60 Anniversary Point,,Salt Lake City,UT,84105
cf0f08e9-6048-4ec8-939e-b4b79fb6a568,cffdbfdb-fb9b-4384-b901-cde37e81ee2b,Shipping,false,62 Autumn Leaf Plaza,,Billings,MT,59105
f24e8f48-8de5-4988-a879-abf29e7cf48f,e4c3edd7-c334-459e-849b-375b2f88f9da,GuardianAddress,true,195 Village Park,,Las Vegas,NV,89145
2589f691-ba40-420e-a63a-598ba5a5beeb,8ad021ac-4113-46d6-b0a0-ff61b26f9a30,Shipping,false,430 Hudson Pass,,Harrisburg,PA,17110
d55ce6ef-e8d0-41b1-9c27-c1c5fbd5ac48,ca60d4fc-0618-4581-84e8-88e603ccd0c4,GuardianAddress,false,01399 Hoffman Terrace,,Albuquerque,NM,87110
0bba7404-4255-42cb-b620-f4ba39fa1aee,47130e69-807d-4a3c-aacc-e41d1ac6dc17,MotherAddress,false,2 Packers Trail,,Richmond,VA,23272
d6a5d8c5-eea8-4504-82f3-3f3289e63142,5f208d55-d4f6-45bd-9cb1-26df0b27363e,PermanentStudent,true,70 Mosinee Center,,Woburn,MA,01813
ef705308-1d7a-419c-986b-3e2aaec532d6,57047968-7b03-4d4f-a767-9f052badc6a0,MotherAddress,false,0 Mallory Junction,,Anniston,AL,36205
2bf8a00e-2d00-4328-9703-860c0bc1342b,ea93b9b6-3881-4e3d-8fae-f9885db48b62,PermanentStudent,true,6589 Bunting Way,,Minneapolis,MN,55487
4c47a660-5af4-41d8-958d-663e7dfcd015,165ba19d-eaef-4d29-a03b-ac95f4a69727,Shipping,true,75 New Castle Terrace,,New York City,NY,10170
5fad1cdf-d99d-4de5-840f-dfd199e00a7f,9033a19f-f1c2-4f38-84e4-4658005c4a7a,PermanentAdmission,true,3567 Graceland Drive,,Jamaica,NY,11447
67b2bcec-ad41-4aa3-8b26-f1aea860db63,2e1615b6-3c74-41b4-aabc-7e408ecf7a83,FatherAddress,true,31668 Ronald Regan Crossing,,Baltimore,MD,21290
f69abea3-0d2b-4994-ac37-667d0c2424bd,2a4a02c3-219e-4066-ad15-981140616149,Shipping,false,272 High Crossing Court,,Boise,ID,83716
ce75129f-05fa-434f-9079-50b4344fdb97,a6ba9fe6-07f1-4e46-a002-ddc48f316fa1,GuardianAddress,true,9412 Merchant Hill,,Memphis,TN,38150
49f9614e-e9db-4af2-8c6a-9ddbb173c1ea,8fdceb09-06b1-4760-805d-a240417f8af9,MotherAddress,false,9286 Logan Junction,37598,Miami Beach,FL,33141
a565374d-2580-4735-a614-dbe370149e9a,1432b180-986a-4f31-b5f3-f10bac40a695,MotherAddress,true,91 Hanover Park,45,Plano,TX,75074
b0d80b82-1e3e-4705-a285-4e1cd39b6ef2,50410e56-7d28-489d-aa67-3e4982352ba8,Mailing,true,41 Butternut Avenue,,Johnstown,PA,15906
8e6d3993-15ee-4bc5-ad27-97c68aa1a496,4a283d0d-e329-42cd-96c1-1536c8daec35,OffCampus,true,21 Luster Trail,,Evansville,IN,47732
6c414417-fd6b-4f35-9a24-fa5a66ccb142,a092a21d-ba9c-4e02-966e-58410ccf17c0,Shipping,false,140 Claremont Terrace,,San Diego,CA,92105
cd6167ac-1fa6-4a82-a9d9-b60748728035,eacca052-711b-41c0-8992-e0d798fd0bdf,FatherAddress,false,46 Hagan Lane,,Silver Spring,MD,20904
b924d2e0-1d4e-4dbb-bf5f-9cf7e57a1d8d,5e49310f-e9a1-4d53-b2f5-6c9437ee1f63,PermanentStudent,false,88 Ruskin Court,,Memphis,TN,38143
7ee16fb7-37d4-499f-80dc-eb5ff2058198,ec881836-1077-4fa0-a7a5-ff2c55073126,PermanentAdmission,false,3896 Monterey Place,,Alpharetta,GA,30022
299e0781-203d-4294-92b3-53b0d62438e1,e0eb9abe-dc0b-410e-b7f7-0177974a2133,GuardianAddress,false,436 Warrior Plaza,,Tallahassee,FL,32304
85a98196-9061-4e55-b159-735ecbc85e6f,696ae297-d3ce-4ce1-8b51-77c1d6696e34,Physical,false,4 Clemons Circle,,Abilene,TX,79605
ba29a1a5-31d3-4923-8885-2f1ac7b35ff3,da34612f-3f05-42c1-a310-69f761c63f71,Physical,true,6 Lawn Hill,,Oklahoma City,OK,73142
23f55241-317b-4c23-9c44-1df98b823e55,fbee5722-7098-4872-8726-667ed4f8e682,Mailing,true,2 Derek Point,,Lubbock,TX,79452
6f7bf497-763c-4012-9758-016905d51775,49205c15-6ded-4214-b6e2-6727b259489e,FatherAddress,false,32580 Ryan Point,,Tampa,FL,33647
797737cb-f67f-4de8-929f-db2575cc7930,d030829e-9b71-495d-b681-5b840cdae308,GuardianAddress,true,93496 Prairie Rose Alley,,Grand Forks,ND,58207
243609a8-0977-4e66-b5aa-61a1fbedc6a3,265d319c-855b-43f7-9b94-54cc269618ad,OffCampus,false,1 Spaight Way,,Minneapolis,MN,55448
c3bfb0cf-4802-4ad2-8df0-5b74ad328a79,d8310c60-4130-4a90-9a27-bc61bfb03a59,FatherAddress,true,22338 Twin Pines Court,,Carson City,NV,89706
4fb226bf-3197-497c-bed8-b4af012dd57a,1b9c5898-8a69-4e5d-9da2-3c099046f5da,FatherAddress,true,59506 Burrows Street,,Boca Raton,FL,33499
9ed43fef-5278-4af4-9f62-4fbccad58a7e,d07c94f5-0b39-4b64-9728-2f189604f898,Billing,false,3 Tennessee Way,,Dallas,TX,75287
428af457-aa96-49df-9e90-fc7a4051d7d9,0d110ed1-84cc-4799-8127-5f6f9bc46269,PermanentStudent,true,93 Annamark Drive,,Washington,DC,20540
6042405b-47b7-4271-8d76-2b9e36b3655f,c1444966-11da-47f8-99fa-89c0b1148469,Mailing,false,957 Warrior Terrace,850,El Paso,TX,79989
a427a342-53ce-4bee-a64c-b5495b495ef6,586e010b-11bb-4e93-8418-e4b3969832d0,GuardianAddress,true,162 Ridge Oak Street,,Inglewood,CA,90398
0aa35e10-f126-4ad9-8e8e-3cacfe976d3f,1c9be99b-349d-4bbd-86e0-4fb67e5046e6,FatherAddress,false,484 Village Green Pass,,Jefferson City,MO,65110
be71a811-91ce-4f04-8088-a0d1bbd1a0ee,7ade9b82-dc4c-4155-a8fd-69e431b6abd9,PermanentStudent,false,6 Quincy Pass,,Philadelphia,PA,19136
30026344-1d63-429a-b3c8-bc7d49c54c7d,ff0bde02-f0f8-46a3-9fbf-df8cafdc47f6,FatherAddress,false,4486 Becker Drive,,Saint Paul,MN,55172
d8ed8d15-bbcc-494c-ad5d-c3100ab69a82,74e8a1a1-9e29-45aa-8ab7-0c0c2539e895,,false,43 Hazelcrest Circle,,Philadelphia,PA,19104
e3a7c47b-89e0-4a0d-ad97-0fe77d00d811,9e531364-2d0a-4867-a016-6774e8da6d17,OffCampus,false,06 Golf Alley,,Young America,MN,55573
46f05d6b-9fe0-47d2-9f07-54103364fc15,07fe3ac0-b28e-48ed-8abb-02a52bc66c35,GuardianAddress,false,729 Village Park,,Washington,DC,20566
ff206e37-870b-4279-9166-59ad6ca1fd97,ff5993c3-3445-4cb4-b239-86019ab07599,Billing,false,62 Esker Parkway,,Duluth,GA,30195
61d18dd4-2592-461f-8862-8f400f8d1803,d2e2c1c0-5c0d-4b57-8267-556eeb9f15aa,OffCampus,true,24 Mayfield Alley,,Kansas City,MO,64136
d3836080-7f70-4f97-82ce-00a9b91d6156,9270661c-2bf7-4acd-8ce4-5bd21eb23413,PermanentAdmission,true,47644 Canary Circle,,Midland,TX,79710
144805ec-4fbf-4337-a03b-66e1273bfa1d,b92d10df-e182-4c85-9d72-281546b13e8f,Billing,false,70052 Summit Road,,Oklahoma City,OK,73152
a4e29d0a-028c-4fce-93f5-76565978e7c2,e94481a3-5e3c-4e8f-97d2-4e7b2e94d9b6,PermanentAdmission,false,773 Brickson Park Terrace,,Lansing,MI,48930
347f2960-3d26-490d-80c4-55af2e91281d,1d49bdf1-fd9c-42e6-8533-68b8672da5d1,Mailing,false,46910 Forster Crossing,,New York City,NY,10039
42baf2bb-3096-4170-8a21-ecf1c4d0f582,3efff9d7-66dd-4dcf-a7d9-0f886e442de4,Mailing,true,273 Kensington Circle,,Jamaica,NY,11447
c3393b22-7237-4a40-a959-d307266ef747,2d9fde05-2f02-490d-9c8c-f946248ffbc8,Physical,true,015 Dunning Junction,,Knoxville,TN,37924
2761941c-2e0b-4a15-8dc0-b3b717d51aab,01336ee4-ff1d-428d-8ee1-b6883405083c,FatherAddress,,2 Hermina Point,,Brockton,MA,02305
4066dcfe-4e0a-4e25-b555-0442c6705cf0,7b96d825-e41b-4997-9620-bdb33c77dd8c,Billing,true,9 Annamark Pass,,Memphis,TN,38136
5dbd896e-f8e6-4bd2-a435-7f5aa9522cdd,b632b378-3fc7-46d2-971c-511384f9a756,OnCampus,false,1 Scoville Place,,Bakersfield,CA,93381
454bf57d-597f-43e3-a074-34ad29f6a831,82881e0a-d37c-4efd-8ef0-48969b9e9401,Mailing,false,3 Macpherson Road,,Charlottesville,VA,22908
c6505eaa-6936-4fd1-a702-1072fbdb7d1b,8986acf3-1940-4d97-ac0d-141b36a2033d,OnCampus,false,53003 Sugar Place,,Madison,WI,53716
03694550-e455-46cb-8653-45681649ff5a,983b0c57-a8b5-4cd8-929c-02143452af4c,Shipping,false,3 Forest Center,,Saint Paul,MN,55123
75058e8a-e7c8-4c10-8f33-9ba98cbde54a,e2b7b446-6b29-4352-bfff-b941a228d322,Billing,false,3669 Rigney Lane,,Johnstown,PA,15906
72c11b6b-69b9-42af-a6de-a6aa4fadde61,11131860-a79e-4fe1-abcb-8a58e0c31ff5,FatherAddress,false,5 6th Center,,Oklahoma City,OK,73114
c5ae45bb-09d6-4984-9159-a0be209edd59,2c5e439c-2b34-4d6b-9e46-b4c2629aa866,PermanentAdmission,false,511 Crest Line Road,,Bakersfield,CA,93311
0f199886-2a7b-43eb-8f41-b180f31662aa,27e686ee-290a-4663-bbfa-1f0cfda09e30,Shipping,true,1496 Basil Place,,Sioux City,IA,51110
40dbe57f-128b-4941-9fab-04bbe06da484,b048a15f-f77a-4d27-a827-73c42acacc36,,false,25996 Farmco Park,,Springfield,MO,65898
1a81b365-a125-4a05-ac6a-58d46c0ac23e,36989fc8-2d4f-40d6-893e-273e12d6c476,OnCampus,true,313 Crowley Street,,Seattle,WA,98185
353b78f1-f134-48e3-9766-e07061f8cd49,ba6dcf6b-61bf-4210-8476-a548984613f4,PermanentAdmission,false,36 Haas Crossing,,Hicksville,NY,11854
8aaadec0-9ca4-4665-af39-a4e413b7c6c0,fc331421-de1f-4426-859f-a8ee131e910f,Shipping,true,18 Forster Avenue,,Santa Fe,NM,87592
58b00c71-f819-4ccc-9d26-9c9333452105,27f3b5f6-4c57-4a92-8964-3d1b4ce79f42,GuardianAddress,false,872 Division Junction,,Honolulu,HI,96810
0d090be4-aed0-4717-a71e-16a6d28295f2,0fbbe558-7b85-40f0-b9e8-256615e74cbd,Physical,true,11 Maple Trail,,Trenton,NJ,08619
173c3672-9837-4aa4-8abe-8a7af9a44bbb,06c16861-5dda-4bcd-8436-ba7eac556e89,PermanentAdmission,true,441 Lotheville Way,,Littleton,CO,80126
5f722c4b-3e26-4502-bfe0-db6841803692,737f742f-761b-4377-be04-5dab8d6ac0cb,Physical,false,4812 Hoard Point,,Indianapolis,IN,46226
7bbc653f-eab4-4de3-b22a-b9a381ee2313,493a25ff-ff6b-4cbe-94db-23f3f5b8fe9f,GuardianAddress,false,4 Jana Street,,Roanoke,VA,24004
f11cf8fb-01f5-4fd1-afe0-c536866f93a8,70239167-42d5-4802-b2ef-bca2a3c7186a,GuardianAddress,false,81 Lake View Place,,El Paso,TX,88525
65c0f8b6-8cd6-4503-a3c0-a0127ae05b7a,5362ce6b-0cd5-423b-bbcb-18f577e82500,Physical,true,8498 Troy Terrace,,Pittsburgh,PA,15240
d2a5a3a4-10d9-4412-9519-01b3ac782421,2135b59f-c15e-4717-9b73-1f4fb4f8f333,GuardianAddress,false,18919 Spenser Pass,,Fort Wayne,IN,46814
60f8623d-329b-4ad7-9938-e3fc0435adf8,5408a774-2739-4015-848f-2a8190626d7f,PermanentAdmission,true,701 Cody Crossing,,Nashville,TN,37240
a9e23214-638f-45f9-9b78-054ae773ffc9,a5bee375-e582-4ee0-9f8b-228584a6e836,Physical,false,74339 Brickson Park Drive,,Fresno,CA,93726
9a4811f5-a121-489e-bbeb-2d6e568c5e9e,ff4d7ff5-8d0e-4f4e-b3f8-bf543278e273,Shipping,false,4 Sunfield Court,,Saint Petersburg,FL,33737
f1aed8c5-fc1e-4f59-8f68-e6b61516d726,9fba19c2-b80d-483a-a369-00c16b31b97c,Physical,false,23191 Coolidge Pass,,Los Angeles,CA,90045
cfd913cb-8174-4c2b-aba6-7dad2af8b4db,58370b48-a2df-4b96-958f-d2857450ce89,Shipping,false,5 Atwood Plaza,,Madison,WI,53716
03bc1bf3-0673-4f2c-bd83-c13feba4e5d7,6d2169df-de16-424e-93fa-0bdd8146ed9f,Billing,false,7180 Thackeray Plaza,,Washington,DC,20525
b2c7f34d-2fff-4c61-aebf-466da836a115,6dbd1ab6-8dac-45bf-ad60-003d9f70af3c,MotherAddress,false,27 Eliot Crossing,3253,Fresno,CA,93778
34d388ba-24c1-44ab-84fd-bf98d00d6ab4,e56b8d8c-a466-47fd-8f6d-83934927a555,OffCampus,false,7705 Charing Cross Way,,Columbus,OH,43284
69d884b9-eca3-4a5c-98ac-1c1b39e9de0a,dc5008bc-ae38-4da5-a3dd-82cd835e9296,PermanentAdmission,true,465 Ridge Oak Pass,,Birmingham,AL,35215
a937b4c3-6ead-4dd8-8aee-239b88906754,8c305e4a-23ca-4ea3-8157-78e49c3d29d4,GuardianAddress,true,1364 Scoville Lane,,Fairfax,VA,22036
3162b609-ff5a-4ee0-ab6d-fd91bc906644,a5042d7d-898d-41d9-9e24-32c1eb7253b3,Shipping,true,757 Reinke Street,,Louisville,KY,40220
3e1246c8-6158-4e9b-a258-4be6ea930e24,b0e0120c-d232-4404-b4e7-6cfd05737f9b,OnCampus,true,9485 Delaware Avenue,,Oklahoma City,OK,73124
370a74dd-c1b2-469b-9657-70dbac672a56,db134c8b-ec1e-4760-a4d9-107374ec7059,MotherAddress,true,93 Messerschmidt Junction,,Tampa,FL,33673
4c7ab040-029e-4dc1-9be9-13b10f945a9a,ac97d1bc-73b3-45b1-9e8f-831fc57f1fe1,PermanentStudent,true,83 Pepper Wood Lane,,Jacksonville,FL,32220
c1be83c8-d970-4f8e-a154-21e8ae058988,8f313280-13df-4ffe-87b4-46d0e17517aa,Physical,false,02 Michigan Place,,Santa Rosa,CA,95405
40583d45-a145-4832-b19f-df54ed2b1d4c,5c53ed8d-9ec0-469e-975d-324d82deb46f,Physical,false,5567 Harbort Drive,,Young America,MN,55564
4de31332-a77e-4910-88e4-a402b3737c93,29f07536-559e-4541-9b03-34c98f51ac98,OffCampus,true,9907 West Drive,,Racine,WI,53405
0e769832-a920-4991-909e-bfb4bc1a8ee8,acdfe123-7671-4b51-930a-7a61b25b4283,FatherAddress,true,02067 Goodland Parkway,,Johnson City,TN,37605
e2dd89c8-2edb-4631-b5ab-710d9545e9ef,76199612-998e-42a0-a2d5-a387d4a72813,OnCampus,true,9 Caliangt Avenue,,Winston Salem,NC,27150
364ff163-927e-4994-b027-14c17a7e4c26,6a574d06-2cb6-430d-a835-48555b3ae147,Mailing,true,11202 Pine View Drive,,Naperville,IL,60567
74d48c11-8562-4fe6-9ddb-854b20fef080,7ed442df-c8f9-46d1-8358-77bccd06b834,MotherAddress,true,7693 Armistice Drive,6391,Louisville,KY,40293
b88fc21d-f685-4853-9e6b-a53bfab05d50,43ca583b-bad6-431d-8ea1-6b9e95236912,OnCampus,false,125 Linden Center,,Washington,DC,20535
a5f6c699-e4f8-4711-95c1-9406398d2d33,e8031fd1-ca03-48fb-b2af-5eea161653a9,Mailing,false,7 Brickson Park Parkway,,Ogden,UT,84409
a270b1ee-5c55-4ec7-8897-f11e0900a1c3,3ed774d5-5b9c-4e3f-9487-87d8cfccf25f,Billing,false,588 Northfield Pass,,Des Moines,IA,50320
08953186-4382-45f5-bc9e-2c5f3f47484f,826525e4-e65a-4e7f-b265-fe4efcc39a89,Physical,true,7 Derek Circle,,Farmington,MI,48335
a30fad02-ba25-4acc-ade4-8270ca489155,08d473ce-e774-4ff1-8d7e-dfded80bcda6,MotherAddress,false,24177 Bunker Hill Terrace,,Columbus,GA,31914
0005f0b1-b157-4612-8ff5-e1982a90d37c,50835004-ebe7-4aa8-a21e-809f3252d2ff,PermanentAdmission,false,28486 Mesta Plaza,,Sunnyvale,CA,94089
5ff7b20d-5fc7-44d3-b280-373da5e0af95,84222deb-2169-48cc-a9e7-47c483e1a536,FatherAddress,false,2 Mcguire Court,,Frankfort,KY,40618
11b6ddd6-9f2b-4ca2-b508-e3fd41dc59f0,6dca1148-2be4-4e2e-9bbe-99182646ed9d,Physical,false,2596 Dwight Terrace,,Dayton,OH,45490
4a933a42-5df8-4515-9402-debb4eb8284f,bc0d6fd8-9ac1-4e29-816d-e368e585ac84,OnCampus,false,6284 Rutledge Point,,Bronx,NY,10454
ffd182ff-dbd7-4226-801a-27d7994d8ac0,d694a17a-5daf-428b-87ae-8c3f4cf31d2a,OffCampus,true,9940 Graedel Hill,,Richmond,VA,23289
f74d55c9-6a8a-494b-8122-cf89f7e76613,238fc6a8-1999-40ad-9c5e-6ff8b0e2e7b1,Billing,false,728 Buhler Road,,Trenton,NJ,08603
2782369e-079d-4e00-b7be-b9c4a506d639,271d6c20-3b6c-499b-8977-fd1a078e5f38,PermanentStudent,true,39080 Chinook Trail,,Dayton,OH,45440
10afd05d-26ee-49b3-92c0-5835c48e2e81,f2d8a86c-901e-49d9-8806-8d806f36aa64,OffCampus,true,62 Alpine Road,,Baton Rouge,LA,70836
ed293422-a25d-4020-a553-b4a3fffbab8f,c364e8f5-741d-4a54-8809-7aca68adb421,Billing,false,784 Macpherson Pass,,Scranton,PA,18514
26a09fac-4066-42dc-b0d6-4f4618eceab8,c59931c1-e887-4dab-8473-5c69250adab5,OffCampus,true,535 International Place,,Amarillo,TX,79176
3411989c-651f-4f41-b272-a78074945374,5e3aef68-c66f-41f2-a1a8-b55d589635fe,OffCampus,,7 Corscot Plaza,,Las Vegas,NV,89150
53afcb53-ca00-4a21-9a4f-c0f9279a7d72,c7df8cdd-bb81-4a84-8101-cda40588785b,PermanentStudent,true,0 Sachtjen Lane,,Albuquerque,NM,87105
b86ad9cd-7d5e-4315-bb60-dfd4dec73edd,e0a0a82e-1576-484b-b8e4-8d2394a861bb,PermanentAdmission,false,7845 Lake View Crossing,,Brooksville,FL,34605
1e03e7f4-eb82-4199-9b1b-44fde8deaa7f,b2909716-1625-4b51-b453-7c9f275a7d74,PermanentAdmission,true,501 Fieldstone Street,,Jacksonville,FL,32209
96c7cc7f-0cf7-4db6-bc5c-f4c8ce2fd59b,e4d5de09-86f7-4f43-b1f2-48ada838dc9d,PermanentStudent,true,5 Amoth Avenue,,Hartford,CT,06145
1b8a272d-8566-4564-95ce-8590baef3604,5c1cb2c2-74be-4012-b370-af547f71263d,GuardianAddress,false,70429 Tomscot Crossing,,Bakersfield,CA,93399
5e60cba9-3749-4cc0-86a0-1b7492f27acf,91839183-4aba-4344-9637-dd6f2b905ca2,PermanentStudent,true,46657 Homewood Pass,,Washington,DC,20551
926783b1-f5d1-4f20-9ff5-a02e7c12b562,dbfa8311-1712-426d-952f-5c878ede2366,Mailing,false,6 Carey Hill,,Dallas,TX,75241
bdc96887-7226-4836-9697-b61c546d9171,a0217c26-69fa-464f-9dfa-b9c70fb06416,PermanentAdmission,false,308 Drewry Way,,Dallas,TX,75260
31348619-acf4-4caf-bc21-7d5e150fbee8,e15e1b5a-4ae1-4aa2-9e2f-13901631158f,FatherAddress,true,84444 Bayside Pass,,Harrisburg,PA,17105
7f3ace25-731b-4a8b-80b1-85ae0d7cb1fb,b4588729-cf43-48f8-8838-e16047bbd48a,OffCampus,false,96 Sage Street,,Oakland,CA,94605
9f6c6453-fbed-4fcf-9c3a-7139b688e988,64545185-e225-4a42-9dfd-3184a50956db,OnCampus,false,11384 Westerfield Crossing,,New York City,NY,10105
fca1445d-1f3c-48de-b13a-bb8d0abf5501,c0856469-8bff-40b6-a690-5096836ce3f6,Mailing,false,4425 Nevada Circle,,El Paso,TX,79984
29d9094a-57d8-40bb-8938-98d0b3ded76b,c795fcd0-faa6-4db6-bc08-b5480fa38661,OffCampus,true,0689 Fisk Junction,,Jamaica,NY,11470
b8c6ff74-9763-4a9e-a454-81a2fafbcacc,6404424a-d353-4de1-bbb2-588391749e85,OffCampus,true,20 Bashford Parkway,,Great Neck,NY,11024
17b79595-3c1e-4e12-9cad-0e0e8aa84281,b109b86b-f96b-40ec-a453-8af901afb1d5,PermanentStudent,true,601 Daystar Court,,Erie,PA,16534
df55751d-f4e4-40d4-987a-3d3fe6a680a1,1ee9e609-f7e5-4380-b42e-cc16094e1fad,Shipping,false,67438 Lawn Drive,,Arlington,VA,22217
6d220582-8967-4f45-8921-f1f5c0760ef1,ff713571-28b5-45f6-b918-1c57a638c858,FatherAddress,true,18 Anderson Parkway,,Hayward,CA,94544
101f335d-39a0-4bc4-ad07-76a7c2c9097e,852a2330-23ab-4ddc-8804-4f30a8a48111,Mailing,false,42 Eastlawn Place,,Arvada,CO,80005
f0b77614-01ec-4a96-ad13-cb84bb75906c,fb5aabdc-b6a0-41d9-b317-89a549200d5a,OffCampus,false,42789 Fieldstone Court,,Davenport,IA,52804
75e9eb34-ce7c-4fe9-92d6-7711843634be,a4dc427c-e4ee-4cbb-8022-f948be6dbc50,PermanentStudent,false,6 Barnett Court,,Dayton,OH,45403
fd2d6669-a955-40e6-a1a3-c97ca3602b43,5fbe8ddc-4ebf-42c2-a83c-6f9b1071277d,Physical,true,577 Columbus Pass,,New York City,NY,10292
1582644c-2682-43a0-a19e-c3e5e23258db,f724e444-84bb-4b64-97ef-4cda7a90648c,PermanentAdmission,false,0616 Lakewood Gardens Center,,Pompano Beach,FL,33075
f3f12afc-733f-4ef7-8d00-b0386dca2664,ce7df8c1-1a61-4430-a0f6-9475c8d8a019,Mailing,false,8753 Rowland Crossing,,Largo,FL,33777
58e5545e-79d4-49f4-b151-f47ba8d9a3da,24ec905d-cef9-480f-9a3b-be92cee41979,GuardianAddress,true,0270 David Park,,North Little Rock,AR,72199
0b3d07ab-344c-4768-a79c-2b92abd235c3,8b7eec0f-810c-4c25-b8c0-a658c89a9939,Mailing,true,79 Vernon Pass,,Temple,TX,76505
bce68d83-4058-4df1-8eda-f89c59beedbb,5814d0a3-62c0-4ae0-9c75-d206ac29660e,PermanentStudent,true,56998 Fallview Point,,Greensboro,NC,27404
00fd697f-54e2-462b-af83-0078569bfd7b,8ded95a7-8e60-4fec-a65a-0dbcf956f53e,Shipping,true,87169 Brown Avenue,,Newton,MA,02162
972a9630-1037-46f0-a967-8e43c4ebd33e,f7a0ca50-cb83-4667-ad17-ee43fcbb9b7d,FatherAddress,true,70391 3rd Center,,Washington,DC,20525
90102fdc-012e-4aa9-ba84-acef944a07d8,14e5d17f-794c-4534-aa84-12ff2a0886d9,Mailing,true,5 Cambridge Junction,,Rochester,MN,55905
15c3aee6-41ac-456f-8adc-ff2f2d4d5ad0,20828fb7-1de0-4b27-ba32-222cf2c5cde5,GuardianAddress,true,427 Michigan Junction,,Saint Louis,MO,63167
