ExternalId,EmailAddressType,IsPrimary,EmailAddress
9d0f1999-c14f-466a-b078-eac5dceb8c1e,Home,,wgardner0@msn.com
f7028165-19e7-4c64-8cf9-779abc35c378,Organizational,true,
44278bec-03df-4c85-a0cf-d531a81d0787,Other,true,jscott2@reference.com
a36d21fd-5060-4eea-b3d0-85775ef521ae,Work,false,rwood3@csmonitor.com
05339feb-c38b-4c27-914c-bae8192d2c68,Work,false,pross4@wikispaces.com
42fdefff-7648-4145-b653-685d0c313124,Organizational,false,tnguyen5@ucoz.com
37ecafa0-d392-4c66-ac4a-fd7593435a71,Other,false,jlynch6@about.com
5bf63d18-cf82-41a0-b39f-4d3b300e23fe,Work,false,cfreeman7@usnews.com
f27bac7c-b2b1-4060-a2c4-2eee95d01449,Work,false,naustin8@reuters.com
7f8467a5-0511-4d99-97bf-56fc7e748279,Work,true,lcoleman9@netscape.com
373e0e95-108b-46bd-b783-99a6774a4af2,Other,false,pfullera@loc.gov
c453600a-10b9-41f7-9a6f-f635389f8dcb,Home,false,jgonzalezb@mlb.com
6230a556-77fa-45cc-9785-914093853f94,Home,false,dandersonc@fema.gov
b7b62f4f-b823-4658-8e13-c166ae404e1a,Home,true,atorresd@com.com
65e4e18a-468a-4b78-bda2-d6db5f5bb00d,Other,true,esimse@independent.co.uk
022efc63-efb2-4630-8b6d-90dbc3970ac9,Work,false,mshawf@telegraph.co.uk
a3a0790c-8ba6-45f1-9cb1-5e3a1791426a,Work,true,rgreeneg@miitbeian.gov.cn
80ecd37f-2d15-4016-8825-c07b4e1c4f3f,Other,false,tsnyderh@cnbc.com
343e92b8-4aaa-4f80-a987-d6c37e94c425,Home,true,jfisheri@chron.com
23c716fc-0d69-40c8-8bb3-2a2d1e5a6bb9,Home,true,jgardnerj@cbc.ca
4e806be2-c28c-4c86-8e76-58a0a32bc4c3,Work,false,ngreenk@spotify.com
0e3639c8-62de-4774-b4f7-0a76ff94479a,Work,false,dwilliamsonl@sbwire.com
0b568a1b-de9c-4e8e-b64a-291c0304a1b4,Organizational,true,aandrewsm@t-online.de
c865caab-ab71-4368-9fb0-2663cda1e255,Organizational,false,bburtonn@51.la
82a9bede-b256-4725-bc8c-6dd7c28baaeb,Other,false,phawkinso@angelfire.com
28d235b5-00d1-4630-8a92-ec9cedd4e409,Work,false,tmorenop@senate.gov
5fdf0f25-5396-443e-9947-022e14b61673,Other,true,epetersonq@yahoo.com
9e9512b9-2d3f-46bd-98b7-a5724f45549a,Other,false,tsimmonsr@de.vu
2550b6c0-f950-4ed8-b0b9-f2aae2afc427,Home,false,ataylors@walmart.com
4da479c7-9da2-41b2-9cb8-03ab01538242,Work,true,mcookt@deviantart.com
d31ad68c-199f-43a8-be24-af9786abd962,Home,false,bperkinsu@free.fr
e0a98add-7048-4876-ad42-d268165429c9,,true,jfullerv@stumbleupon.com
6c7ded4d-ddb9-4991-b818-7d0adb3fb510,Other,true,csullivanw@geocities.com
eca5bbd8-2899-406e-892c-20ee9a774f91,Other,true,dgarciax@phoca.cz
c22b48c4-d09d-4534-bd88-0cd2bcb418ab,Organizational,false,wandersony@nba.com
9edb4c5b-3336-49d2-8364-579c7d11f342,Home,true,tharveyz@icq.com
e4d4b7d1-c500-4452-90e2-0d7dc627b3c2,Home,true,snichols10@timesonline.co.uk
3deacf9f-54ae-412b-8191-72f980e410ff,Home,true,jpatterson11@state.tx.us
6fdc6734-4aa6-498e-9544-2be083c31676,Organizational,false,hshaw12@deviantart.com
4e76aa89-dcd2-4ba2-9dff-8fcc69b3997a,,false,bmccoy13@thetimes.co.uk
f8ec91ef-484a-42aa-b07a-2faf7189bed8,Home,true,rthompson14@de.vu
a5ca5d0f-c413-46a0-a464-12a6af07e409,Work,false,aandrews15@time.com
236f647e-7244-46c8-8db2-ba5a9d9cda6f,Work,true,jtaylor16@uol.com.br
4be5c489-8f5e-4457-8337-b8d18ae2ce51,Other,true,kburton17@who.int
9c6858a9-f1fb-42d9-9b63-39ef07366b34,,true,tbryant18@nyu.edu
1b1cf8ee-aa5a-4005-8e24-2b39eca45a1e,Work,true,aparker19@cdc.gov
8bc4450c-8f71-45c0-80b5-97bb5295dcaf,Home,false,jwallace1a@sfgate.com
ec81ffc2-f37f-4abc-8666-7ed95d92bc1d,Work,true,abaker1b@weibo.com
57b42f47-1aa4-4df4-9377-4f349fe3b2bf,Other,true,rstevens1c@domainmarket.com
652f695d-818a-44a6-a80a-79ce34de5e65,Home,false,
3014af29-e385-4e52-b90d-3c6a11247da8,Work,true,achavez1e@about.com
3c83fafa-a5c2-46ae-8a5a-db1184931d0c,Other,true,gdunn1f@myspace.com
e6158040-1f14-4b06-8aee-4756c0aba59f,Home,true,lcoleman1g@wired.com
e912bbcb-065f-4a01-9025-3bdfcab0ec8c,Organizational,false,brodriguez1h@stanford.edu
c55e3595-7edf-41ce-8bf1-f06cc4a3af96,Other,true,nhowell1i@yellowbook.com
99489594-ba51-4eb1-af85-5ad969178300,,true,smedina1j@aboutads.info
413c1773-4f3a-436a-ad09-ea68f02139e5,Home,true,drichardson1k@list-manage.com
7c7c5e0e-65b4-4f36-a556-641eb12c87bb,Home,true,emeyer1l@ibm.com
6c6c085c-af83-47c6-b7dd-c5f58f384d55,Work,false,mhanson1m@sbwire.com
02ac1318-3d28-439a-a55e-afc7d861bbb0,Work,true,
a8bfba0b-880e-4176-b457-1f8007c96b8b,,false,jcarter1o@blogs.com
4d1ce55b-ca0e-4ddb-8310-6a500a294f25,Work,true,ktaylor1p@ibm.com
fd7eb22e-9bb6-4ae0-b00f-0c1f912997f9,Work,true,drichards1q@senate.gov
cffdbfdb-fb9b-4384-b901-cde37e81ee2b,Other,true,tthompson1r@howstuffworks.com
e4c3edd7-c334-459e-849b-375b2f88f9da,Work,true,jholmes1s@whitehouse.gov
8ad021ac-4113-46d6-b0a0-ff61b26f9a30,Home,true,awarren1t@hubpages.com
ca60d4fc-0618-4581-84e8-88e603ccd0c4,Other,false,wburns1u@ycombinator.com
47130e69-807d-4a3c-aacc-e41d1ac6dc17,Home,true,jmurray1v@linkedin.com
5f208d55-d4f6-45bd-9cb1-26df0b27363e,Work,false,rford1w@vistaprint.com
57047968-7b03-4d4f-a767-9f052badc6a0,Organizational,false,
ea93b9b6-3881-4e3d-8fae-f9885db48b62,Home,true,jweaver1y@shop-pro.jp
165ba19d-eaef-4d29-a03b-ac95f4a69727,Home,false,lkim1z@slideshare.net
9033a19f-f1c2-4f38-84e4-4658005c4a7a,Home,false,rgarza20@blogspot.com
2e1615b6-3c74-41b4-aabc-7e408ecf7a83,Organizational,true,bdavis21@si.edu
2a4a02c3-219e-4066-ad15-981140616149,Home,true,jrose22@berkeley.edu
a6ba9fe6-07f1-4e46-a002-ddc48f316fa1,Work,true,bruiz23@github.io
8fdceb09-06b1-4760-805d-a240417f8af9,,false,egonzalez24@mtv.com
1432b180-986a-4f31-b5f3-f10bac40a695,Home,false,cwallace25@etsy.com
50410e56-7d28-489d-aa67-3e4982352ba8,Home,true,kholmes26@cafepress.com
4a283d0d-e329-42cd-96c1-1536c8daec35,Work,true,chenry27@behance.net
a092a21d-ba9c-4e02-966e-58410ccf17c0,Home,false,fstephens28@prlog.org
eacca052-711b-41c0-8992-e0d798fd0bdf,Other,true,bmorales29@webmd.com
5e49310f-e9a1-4d53-b2f5-6c9437ee1f63,Other,true,rwallace2a@flickr.com
ec881836-1077-4fa0-a7a5-ff2c55073126,Other,false,jfoster2b@deliciousdays.com
e0eb9abe-dc0b-410e-b7f7-0177974a2133,Other,true,barmstrong2c@google.com
696ae297-d3ce-4ce1-8b51-77c1d6696e34,Home,false,mporter2d@craigslist.org
da34612f-3f05-42c1-a310-69f761c63f71,Other,false,ddaniels2e@wikia.com
fbee5722-7098-4872-8726-667ed4f8e682,Other,false,rbailey2f@sciencedaily.com
49205c15-6ded-4214-b6e2-6727b259489e,Organizational,false,rhunt2g@cnn.com
d030829e-9b71-495d-b681-5b840cdae308,Home,false,jross2h@ehow.com
265d319c-855b-43f7-9b94-54cc269618ad,Work,false,jpayne2i@usda.gov
d8310c60-4130-4a90-9a27-bc61bfb03a59,Other,false,mdixon2j@ucoz.ru
1b9c5898-8a69-4e5d-9da2-3c099046f5da,,true,dwatson2k@tripod.com
d07c94f5-0b39-4b64-9728-2f189604f898,Work,true,bbaker2l@dmoz.org
0d110ed1-84cc-4799-8127-5f6f9bc46269,Organizational,true,redwards2m@smugmug.com
c1444966-11da-47f8-99fa-89c0b1148469,Other,false,lmartin2n@ucoz.com
586e010b-11bb-4e93-8418-e4b3969832d0,,false,mbryant2o@cdc.gov
1c9be99b-349d-4bbd-86e0-4fb67e5046e6,Work,true,
7ade9b82-dc4c-4155-a8fd-69e431b6abd9,Work,false,breed2q@icio.us
ff0bde02-f0f8-46a3-9fbf-df8cafdc47f6,Other,true,msullivan2r@soundcloud.com
74e8a1a1-9e29-45aa-8ab7-0c0c2539e895,Home,true,triley2s@usa.gov
9e531364-2d0a-4867-a016-6774e8da6d17,Work,false,pwarren2t@uiuc.edu
07fe3ac0-b28e-48ed-8abb-02a52bc66c35,Organizational,true,vking2u@creativecommons.org
ff5993c3-3445-4cb4-b239-86019ab07599,Other,true,areyes2v@goo.ne.jp
d2e2c1c0-5c0d-4b57-8267-556eeb9f15aa,Home,false,kberry2w@sbwire.com
9270661c-2bf7-4acd-8ce4-5bd21eb23413,Home,true,pbutler2x@redcross.org
b92d10df-e182-4c85-9d72-281546b13e8f,Other,false,cpayne2y@sciencedirect.com
e94481a3-5e3c-4e8f-97d2-4e7b2e94d9b6,Other,true,cray2z@marriott.com
1d49bdf1-fd9c-42e6-8533-68b8672da5d1,Organizational,false,sgardner30@reuters.com
3efff9d7-66dd-4dcf-a7d9-0f886e442de4,Home,true,emoreno31@tmall.com
2d9fde05-2f02-490d-9c8c-f946248ffbc8,Other,false,hpowell32@loc.gov
01336ee4-ff1d-428d-8ee1-b6883405083c,Home,false,rhunter33@networkadvertising.org
7b96d825-e41b-4997-9620-bdb33c77dd8c,Other,true,jfowler34@berkeley.edu
b632b378-3fc7-46d2-971c-511384f9a756,Home,false,swagner35@hhs.gov
82881e0a-d37c-4efd-8ef0-48969b9e9401,Organizational,false,jdunn36@ft.com
8986acf3-1940-4d97-ac0d-141b36a2033d,Home,false,jward37@chronoengine.com
983b0c57-a8b5-4cd8-929c-02143452af4c,Home,true,jlane38@sogou.com
e2b7b446-6b29-4352-bfff-b941a228d322,Organizational,true,jgibson39@smh.com.au
11131860-a79e-4fe1-abcb-8a58e0c31ff5,Other,false,acook3a@statcounter.com
2c5e439c-2b34-4d6b-9e46-b4c2629aa866,Organizational,false,pdean3b@bbc.co.uk
27e686ee-290a-4663-bbfa-1f0cfda09e30,Organizational,true,rlopez3c@jimdo.com
b048a15f-f77a-4d27-a827-73c42acacc36,Other,true,rgarrett3d@issuu.com
36989fc8-2d4f-40d6-893e-273e12d6c476,Home,false,jgreen3e@biblegateway.com
ba6dcf6b-61bf-4210-8476-a548984613f4,Home,false,asanders3f@amazon.co.uk
fc331421-de1f-4426-859f-a8ee131e910f,Work,false,asanchez3g@uiuc.edu
27f3b5f6-4c57-4a92-8964-3d1b4ce79f42,Organizational,true,lwoods3h@jugem.jp
0fbbe558-7b85-40f0-b9e8-256615e74cbd,Work,true,rjohnson3i@aboutads.info
06c16861-5dda-4bcd-8436-ba7eac556e89,Work,true,rsmith3j@nasa.gov
737f742f-761b-4377-be04-5dab8d6ac0cb,Organizational,true,plawrence3k@wikispaces.com
493a25ff-ff6b-4cbe-94db-23f3f5b8fe9f,Other,false,jgrant3l@posterous.com
70239167-42d5-4802-b2ef-bca2a3c7186a,Organizational,true,jsanchez3m@g.co
5362ce6b-0cd5-423b-bbcb-18f577e82500,Organizational,false,jbutler3n@reddit.com
2135b59f-c15e-4717-9b73-1f4fb4f8f333,Other,false,mharvey3o@uiuc.edu
5408a774-2739-4015-848f-2a8190626d7f,Other,true,dlewis3p@nytimes.com
a5bee375-e582-4ee0-9f8b-228584a6e836,Home,true,jperry3q@vkontakte.ru
ff4d7ff5-8d0e-4f4e-b3f8-bf543278e273,Organizational,false,sarmstrong3r@narod.ru
9fba19c2-b80d-483a-a369-00c16b31b97c,Other,true,akennedy3s@usnews.com
58370b48-a2df-4b96-958f-d2857450ce89,Home,false,ngrant3t@loc.gov
6d2169df-de16-424e-93fa-0bdd8146ed9f,Home,false,aduncan3u@sohu.com
6dbd1ab6-8dac-45bf-ad60-003d9f70af3c,Organizational,false,hdixon3v@si.edu
e56b8d8c-a466-47fd-8f6d-83934927a555,Work,false,rjenkins3w@shareasale.com
dc5008bc-ae38-4da5-a3dd-82cd835e9296,Work,true,jward3x@state.gov
8c305e4a-23ca-4ea3-8157-78e49c3d29d4,Home,false,eperry3y@symantec.com
a5042d7d-898d-41d9-9e24-32c1eb7253b3,Home,false,jstevens3z@phoca.cz
b0e0120c-d232-4404-b4e7-6cfd05737f9b,Organizational,true,achapman40@hao123.com
db134c8b-ec1e-4760-a4d9-107374ec7059,Home,false,pfox41@google.it
ac97d1bc-73b3-45b1-9e8f-831fc57f1fe1,Work,true,mgordon42@weather.com
8f313280-13df-4ffe-87b4-46d0e17517aa,Home,,jhart43@vkontakte.ru
5c53ed8d-9ec0-469e-975d-324d82deb46f,,true,ehamilton44@amazon.co.uk
29f07536-559e-4541-9b03-34c98f51ac98,Organizational,true,lthompson45@theatlantic.com
acdfe123-7671-4b51-930a-7a61b25b4283,Home,false,bcruz46@t.co
76199612-998e-42a0-a2d5-a387d4a72813,Work,false,awhite47@noaa.gov
6a574d06-2cb6-430d-a835-48555b3ae147,,true,dromero48@mozilla.com
7ed442df-c8f9-46d1-8358-77bccd06b834,Organizational,false,jsims49@who.int
43ca583b-bad6-431d-8ea1-6b9e95236912,Organizational,,bhawkins4a@sogou.com
e8031fd1-ca03-48fb-b2af-5eea161653a9,Organizational,true,eboyd4b@example.com
3ed774d5-5b9c-4e3f-9487-87d8cfccf25f,Organizational,false,egomez4c@over-blog.com
826525e4-e65a-4e7f-b265-fe4efcc39a89,Work,false,lpalmer4d@blogger.com
08d473ce-e774-4ff1-8d7e-dfded80bcda6,Home,false,jhunt4e@netscape.com
50835004-ebe7-4aa8-a21e-809f3252d2ff,Home,false,fowens4f@google.it
84222deb-2169-48cc-a9e7-47c483e1a536,Organizational,false,mrodriguez4g@bizjournals.com
6dca1148-2be4-4e2e-9bbe-99182646ed9d,Work,false,dmorris4h@digg.com
bc0d6fd8-9ac1-4e29-816d-e368e585ac84,Organizational,false,estone4i@163.com
d694a17a-5daf-428b-87ae-8c3f4cf31d2a,Other,false,acarter4j@hexun.com
238fc6a8-1999-40ad-9c5e-6ff8b0e2e7b1,Other,true,jrobertson4k@trellian.com
271d6c20-3b6c-499b-8977-fd1a078e5f38,Other,false,dcox4l@slate.com
f2d8a86c-901e-49d9-8806-8d806f36aa64,Organizational,false,smendoza4m@1und1.de
c364e8f5-741d-4a54-8809-7aca68adb421,Home,false,hgarcia4n@diigo.com
c59931c1-e887-4dab-8473-5c69250adab5,Home,true,
5e3aef68-c66f-41f2-a1a8-b55d589635fe,Organizational,true,jscott4p@linkedin.com
c7df8cdd-bb81-4a84-8101-cda40588785b,Work,true,pfowler4q@statcounter.com
e0a0a82e-1576-484b-b8e4-8d2394a861bb,Work,true,dpatterson4r@people.com.cn
b2909716-1625-4b51-b453-7c9f275a7d74,Organizational,,swilliamson4s@yellowpages.com
e4d5de09-86f7-4f43-b1f2-48ada838dc9d,Home,false,charrison4t@google.com
5c1cb2c2-74be-4012-b370-af547f71263d,Home,false,ewilson4u@disqus.com
91839183-4aba-4344-9637-dd6f2b905ca2,,true,ganderson4v@dailymail.co.uk
dbfa8311-1712-426d-952f-5c878ede2366,Home,true,wharrison4w@ehow.com
a0217c26-69fa-464f-9dfa-b9c70fb06416,Other,true,bharris4x@123-reg.co.uk
e15e1b5a-4ae1-4aa2-9e2f-13901631158f,Work,false,walvarez4y@un.org
b4588729-cf43-48f8-8838-e16047bbd48a,Home,false,jcarter4z@bing.com
64545185-e225-4a42-9dfd-3184a50956db,Other,false,ahill50@howstuffworks.com
c0856469-8bff-40b6-a690-5096836ce3f6,Home,true,rmorales51@tinypic.com
c795fcd0-faa6-4db6-bc08-b5480fa38661,Organizational,true,erice52@wikispaces.com
6404424a-d353-4de1-bbb2-588391749e85,Organizational,false,tharvey53@wufoo.com
b109b86b-f96b-40ec-a453-8af901afb1d5,Other,false,hramos54@goo.ne.jp
1ee9e609-f7e5-4380-b42e-cc16094e1fad,Work,true,nknight55@xrea.com
ff713571-28b5-45f6-b918-1c57a638c858,Home,false,lbutler56@scientificamerican.com
852a2330-23ab-4ddc-8804-4f30a8a48111,Home,false,kcampbell57@xrea.com
fb5aabdc-b6a0-41d9-b317-89a549200d5a,Other,true,djones58@com.com
a4dc427c-e4ee-4cbb-8022-f948be6dbc50,Other,false,mcarter59@com.com
5fbe8ddc-4ebf-42c2-a83c-6f9b1071277d,Work,false,mpowell5a@hatena.ne.jp
f724e444-84bb-4b64-97ef-4cda7a90648c,Organizational,true,mphillips5b@sina.com.cn
ce7df8c1-1a61-4430-a0f6-9475c8d8a019,Other,false,htorres5c@trellian.com
24ec905d-cef9-480f-9a3b-be92cee41979,Home,false,crice5d@nasa.gov
8b7eec0f-810c-4c25-b8c0-a658c89a9939,Organizational,,dstewart5e@geocities.jp
5814d0a3-62c0-4ae0-9c75-d206ac29660e,Work,false,lgordon5f@stumbleupon.com
8ded95a7-8e60-4fec-a65a-0dbcf956f53e,Home,false,lwoods5g@wikimedia.org
f7a0ca50-cb83-4667-ad17-ee43fcbb9b7d,Other,true,
14e5d17f-794c-4534-aa84-12ff2a0886d9,Other,true,mmorgan5i@ucla.edu
20828fb7-1de0-4b27-ba32-222cf2c5cde5,Other,false,jrobinson5j@cnbc.com
