ExternalId,TelephoneNumberType,IsPrimary,TelephoneNumber
9d0f1999-c14f-466a-b078-eac5dceb8c1e,Mobile,false,55-(164)628-0494
f7028165-19e7-4c64-8cf9-779abc35c378,Home,true,52-(297)981-9720
44278bec-03df-4c85-a0cf-d531a81d0787,Fax,false,1-(214)154-4456
a36d21fd-5060-4eea-b3d0-85775ef521ae,Mobile,true,62-(105)965-8873
05339feb-c38b-4c27-914c-bae8192d2c68,Fax,false,86-(903)896-2337
42fdefff-7648-4145-b653-685d0c313124,Other,true,63-(721)700-5125
37ecafa0-d392-4c66-ac4a-fd7593435a71,Home,false,86-(830)835-1438
5bf63d18-cf82-41a0-b39f-4d3b300e23fe,Work,false,62-(638)220-6053
f27bac7c-b2b1-4060-a2c4-2eee95d01449,,false,62-(442)855-7975
7f8467a5-0511-4d99-97bf-56fc7e748279,Other,true,33-(913)369-4021
373e0e95-108b-46bd-b783-99a6774a4af2,Fax,true,351-(927)659-3858
c453600a-10b9-41f7-9a6f-f635389f8dcb,Work,true,54-(627)895-5755
6230a556-77fa-45cc-9785-914093853f94,Mobile,false,62-(938)962-8406
b7b62f4f-b823-4658-8e13-c166ae404e1a,Mobile,,
65e4e18a-468a-4b78-bda2-d6db5f5bb00d,Home,true,55-(797)720-0768
022efc63-efb2-4630-8b6d-90dbc3970ac9,Mobile,true,33-(239)273-4000
a3a0790c-8ba6-45f1-9cb1-5e3a1791426a,Fax,true,51-(757)133-3409
80ecd37f-2d15-4016-8825-c07b4e1c4f3f,Work,false,62-(447)361-0616
343e92b8-4aaa-4f80-a987-d6c37e94c425,Work,true,51-(635)576-6221
23c716fc-0d69-40c8-8bb3-2a2d1e5a6bb9,Fax,false,380-(579)806-3696
4e806be2-c28c-4c86-8e76-58a0a32bc4c3,Fax,,
0e3639c8-62de-4774-b4f7-0a76ff94479a,Work,,
0b568a1b-de9c-4e8e-b64a-291c0304a1b4,Fax,false,7-(167)504-4597
c865caab-ab71-4368-9fb0-2663cda1e255,Work,true,86-(437)510-6000
82a9bede-b256-4725-bc8c-6dd7c28baaeb,Work,false,58-(252)704-6674
28d235b5-00d1-4630-8a92-ec9cedd4e409,Mobile,true,55-(223)786-6548
5fdf0f25-5396-443e-9947-022e14b61673,Mobile,false,48-(335)948-1567
9e9512b9-2d3f-46bd-98b7-a5724f45549a,Other,false,86-(126)686-8781
2550b6c0-f950-4ed8-b0b9-f2aae2afc427,Other,false,86-(340)321-9199
4da479c7-9da2-41b2-9cb8-03ab01538242,Fax,,
d31ad68c-199f-43a8-be24-af9786abd962,Home,false,1-(704)142-4961
e0a98add-7048-4876-ad42-d268165429c9,Mobile,true,86-(384)600-3514
6c7ded4d-ddb9-4991-b818-7d0adb3fb510,Home,true,963-(189)677-6124
eca5bbd8-2899-406e-892c-20ee9a774f91,Other,true,86-(253)802-2409
c22b48c4-d09d-4534-bd88-0cd2bcb418ab,Work,false,62-(417)431-8503
9edb4c5b-3336-49d2-8364-579c7d11f342,Home,true,33-(105)261-0241
e4d4b7d1-c500-4452-90e2-0d7dc627b3c2,Work,true,84-(142)530-0791
3deacf9f-54ae-412b-8191-72f980e410ff,Home,true,351-(688)842-6739
6fdc6734-4aa6-498e-9544-2be083c31676,Home,true,84-(383)122-3366
4e76aa89-dcd2-4ba2-9dff-8fcc69b3997a,Work,false,81-(956)737-6269
f8ec91ef-484a-42aa-b07a-2faf7189bed8,Mobile,false,54-(203)216-1571
a5ca5d0f-c413-46a0-a464-12a6af07e409,Fax,false,46-(407)742-6084
236f647e-7244-46c8-8db2-ba5a9d9cda6f,Home,true,387-(447)171-5456
4be5c489-8f5e-4457-8337-b8d18ae2ce51,Work,true,86-(627)629-0163
9c6858a9-f1fb-42d9-9b63-39ef07366b34,Fax,false,66-(246)938-4306
1b1cf8ee-aa5a-4005-8e24-2b39eca45a1e,Work,true,63-(292)507-9820
8bc4450c-8f71-45c0-80b5-97bb5295dcaf,Other,false,86-(661)840-4780
ec81ffc2-f37f-4abc-8666-7ed95d92bc1d,Mobile,false,86-(553)541-1588
57b42f47-1aa4-4df4-9377-4f349fe3b2bf,Work,true,351-(288)358-4811
652f695d-818a-44a6-a80a-79ce34de5e65,Mobile,true,7-(906)773-4160
3014af29-e385-4e52-b90d-3c6a11247da8,Work,true,7-(247)647-6904
3c83fafa-a5c2-46ae-8a5a-db1184931d0c,Fax,false,976-(700)486-2997
e6158040-1f14-4b06-8aee-4756c0aba59f,Mobile,true,351-(262)173-4630
e912bbcb-065f-4a01-9025-3bdfcab0ec8c,Work,true,62-(756)245-0580
c55e3595-7edf-41ce-8bf1-f06cc4a3af96,Fax,false,55-(577)382-2703
99489594-ba51-4eb1-af85-5ad969178300,Other,true,62-(981)962-4310
413c1773-4f3a-436a-ad09-ea68f02139e5,Fax,true,86-(468)444-9942
7c7c5e0e-65b4-4f36-a556-641eb12c87bb,Home,false,52-(427)798-1800
6c6c085c-af83-47c6-b7dd-c5f58f384d55,Home,,
02ac1318-3d28-439a-a55e-afc7d861bbb0,Work,false,970-(915)563-5086
a8bfba0b-880e-4176-b457-1f8007c96b8b,Mobile,false,967-(497)457-6372
4d1ce55b-ca0e-4ddb-8310-6a500a294f25,Fax,false,54-(803)620-5195
fd7eb22e-9bb6-4ae0-b00f-0c1f912997f9,Other,false,81-(359)908-9336
cffdbfdb-fb9b-4384-b901-cde37e81ee2b,Home,false,62-(870)661-9570
e4c3edd7-c334-459e-849b-375b2f88f9da,Mobile,false,351-(340)973-3648
8ad021ac-4113-46d6-b0a0-ff61b26f9a30,Home,false,1-(418)979-1257
ca60d4fc-0618-4581-84e8-88e603ccd0c4,Work,true,355-(991)550-1492
47130e69-807d-4a3c-aacc-e41d1ac6dc17,Home,false,967-(126)364-9545
5f208d55-d4f6-45bd-9cb1-26df0b27363e,Work,false,62-(427)168-5106
57047968-7b03-4d4f-a767-9f052badc6a0,Home,true,1-(791)630-3660
ea93b9b6-3881-4e3d-8fae-f9885db48b62,Work,true,86-(229)722-8617
165ba19d-eaef-4d29-a03b-ac95f4a69727,Fax,false,27-(988)623-2831
9033a19f-f1c2-4f38-84e4-4658005c4a7a,Other,true,591-(767)337-0794
2e1615b6-3c74-41b4-aabc-7e408ecf7a83,Mobile,false,965-(576)528-5880
2a4a02c3-219e-4066-ad15-981140616149,Mobile,true,30-(809)790-3464
a6ba9fe6-07f1-4e46-a002-ddc48f316fa1,Other,false,212-(970)338-7496
8fdceb09-06b1-4760-805d-a240417f8af9,Home,true,370-(399)932-6293
1432b180-986a-4f31-b5f3-f10bac40a695,Other,true,86-(238)191-2264
50410e56-7d28-489d-aa67-3e4982352ba8,Home,true,7-(764)242-8901
4a283d0d-e329-42cd-96c1-1536c8daec35,Other,true,351-(234)510-4088
a092a21d-ba9c-4e02-966e-58410ccf17c0,Mobile,false,269-(960)367-2819
eacca052-711b-41c0-8992-e0d798fd0bdf,,true,7-(429)416-6175
5e49310f-e9a1-4d53-b2f5-6c9437ee1f63,Mobile,true,93-(856)163-1325
ec881836-1077-4fa0-a7a5-ff2c55073126,Other,true,380-(873)169-4328
e0eb9abe-dc0b-410e-b7f7-0177974a2133,Mobile,true,86-(843)699-6091
696ae297-d3ce-4ce1-8b51-77c1d6696e34,Work,false,33-(929)911-7113
da34612f-3f05-42c1-a310-69f761c63f71,Mobile,true,48-(555)847-7703
fbee5722-7098-4872-8726-667ed4f8e682,Mobile,false,1-(212)736-4565
49205c15-6ded-4214-b6e2-6727b259489e,Mobile,false,86-(467)114-3145
d030829e-9b71-495d-b681-5b840cdae308,Other,true,48-(298)253-6569
265d319c-855b-43f7-9b94-54cc269618ad,Work,true,46-(835)437-4126
d8310c60-4130-4a90-9a27-bc61bfb03a59,Mobile,true,385-(939)703-2668
1b9c5898-8a69-4e5d-9da2-3c099046f5da,Work,false,51-(888)361-2417
d07c94f5-0b39-4b64-9728-2f189604f898,Work,true,359-(865)935-8559
0d110ed1-84cc-4799-8127-5f6f9bc46269,Mobile,false,86-(394)265-2017
c1444966-11da-47f8-99fa-89c0b1148469,,false,63-(844)486-7644
586e010b-11bb-4e93-8418-e4b3969832d0,Other,false,20-(439)883-5271
1c9be99b-349d-4bbd-86e0-4fb67e5046e6,Home,false,1-(215)496-3389
7ade9b82-dc4c-4155-a8fd-69e431b6abd9,Mobile,false,34-(144)133-1088
ff0bde02-f0f8-46a3-9fbf-df8cafdc47f6,Work,false,48-(226)839-5235
74e8a1a1-9e29-45aa-8ab7-0c0c2539e895,Fax,false,234-(675)762-8547
9e531364-2d0a-4867-a016-6774e8da6d17,Home,true,63-(333)517-8872
07fe3ac0-b28e-48ed-8abb-02a52bc66c35,Fax,true,353-(804)494-9563
ff5993c3-3445-4cb4-b239-86019ab07599,Mobile,true,370-(583)155-2822
d2e2c1c0-5c0d-4b57-8267-556eeb9f15aa,Work,false,86-(152)669-3550
9270661c-2bf7-4acd-8ce4-5bd21eb23413,Fax,false,63-(326)359-4374
b92d10df-e182-4c85-9d72-281546b13e8f,Fax,false,46-(325)590-8192
e94481a3-5e3c-4e8f-97d2-4e7b2e94d9b6,Mobile,true,86-(486)346-9610
1d49bdf1-fd9c-42e6-8533-68b8672da5d1,Fax,false,1-(865)672-3234
3efff9d7-66dd-4dcf-a7d9-0f886e442de4,Other,true,1-(571)157-0352
2d9fde05-2f02-490d-9c8c-f946248ffbc8,Mobile,true,351-(316)407-4262
01336ee4-ff1d-428d-8ee1-b6883405083c,Work,false,33-(305)856-7983
7b96d825-e41b-4997-9620-bdb33c77dd8c,Mobile,false,234-(220)559-8999
b632b378-3fc7-46d2-971c-511384f9a756,Home,false,998-(264)899-3040
82881e0a-d37c-4efd-8ef0-48969b9e9401,Mobile,true,54-(321)562-0936
8986acf3-1940-4d97-ac0d-141b36a2033d,Work,false,86-(155)780-0584
983b0c57-a8b5-4cd8-929c-02143452af4c,Fax,true,1-(496)547-7931
e2b7b446-6b29-4352-bfff-b941a228d322,Mobile,true,381-(160)371-2873
11131860-a79e-4fe1-abcb-8a58e0c31ff5,Other,false,86-(779)856-9738
2c5e439c-2b34-4d6b-9e46-b4c2629aa866,Work,true,86-(644)133-0299
27e686ee-290a-4663-bbfa-1f0cfda09e30,Home,false,46-(412)731-0707
b048a15f-f77a-4d27-a827-73c42acacc36,Fax,true,375-(922)837-4135
36989fc8-2d4f-40d6-893e-273e12d6c476,Fax,,
ba6dcf6b-61bf-4210-8476-a548984613f4,Work,true,253-(797)664-4180
fc331421-de1f-4426-859f-a8ee131e910f,Mobile,false,63-(555)464-4289
27f3b5f6-4c57-4a92-8964-3d1b4ce79f42,Other,false,994-(489)900-4280
0fbbe558-7b85-40f0-b9e8-256615e74cbd,Work,true,373-(129)454-6655
06c16861-5dda-4bcd-8436-ba7eac556e89,Other,false,56-(829)141-1296
737f742f-761b-4377-be04-5dab8d6ac0cb,Mobile,false,420-(463)383-9737
493a25ff-ff6b-4cbe-94db-23f3f5b8fe9f,Home,false,7-(652)525-8040
70239167-42d5-4802-b2ef-bca2a3c7186a,Home,true,33-(255)854-9951
5362ce6b-0cd5-423b-bbcb-18f577e82500,Mobile,false,62-(522)916-5832
2135b59f-c15e-4717-9b73-1f4fb4f8f333,Work,true,420-(422)811-0114
5408a774-2739-4015-848f-2a8190626d7f,Fax,true,54-(318)384-2626
a5bee375-e582-4ee0-9f8b-228584a6e836,Home,false,98-(441)639-1784
ff4d7ff5-8d0e-4f4e-b3f8-bf543278e273,Home,false,58-(947)191-3803
9fba19c2-b80d-483a-a369-00c16b31b97c,Work,false,7-(150)994-1523
58370b48-a2df-4b96-958f-d2857450ce89,Work,false,372-(805)391-7006
6d2169df-de16-424e-93fa-0bdd8146ed9f,Fax,false,62-(914)932-3848
6dbd1ab6-8dac-45bf-ad60-003d9f70af3c,Home,true,86-(924)209-2855
e56b8d8c-a466-47fd-8f6d-83934927a555,Work,true,55-(314)490-8088
dc5008bc-ae38-4da5-a3dd-82cd835e9296,Fax,true,62-(626)584-3996
8c305e4a-23ca-4ea3-8157-78e49c3d29d4,Fax,false,1-(606)392-5255
a5042d7d-898d-41d9-9e24-32c1eb7253b3,Fax,true,57-(546)816-4468
b0e0120c-d232-4404-b4e7-6cfd05737f9b,Other,true,46-(828)524-4417
db134c8b-ec1e-4760-a4d9-107374ec7059,Fax,true,380-(353)323-9233
ac97d1bc-73b3-45b1-9e8f-831fc57f1fe1,Mobile,false,81-(843)461-3231
8f313280-13df-4ffe-87b4-46d0e17517aa,Other,false,30-(105)467-6513
5c53ed8d-9ec0-469e-975d-324d82deb46f,Mobile,true,63-(106)909-3865
29f07536-559e-4541-9b03-34c98f51ac98,Mobile,true,52-(132)960-0438
acdfe123-7671-4b51-930a-7a61b25b4283,Fax,false,86-(710)410-5331
76199612-998e-42a0-a2d5-a387d4a72813,Fax,false,62-(634)342-2261
6a574d06-2cb6-430d-a835-48555b3ae147,Home,true,86-(672)515-0883
7ed442df-c8f9-46d1-8358-77bccd06b834,Mobile,true,218-(856)895-4197
43ca583b-bad6-431d-8ea1-6b9e95236912,Work,true,48-(560)446-3723
e8031fd1-ca03-48fb-b2af-5eea161653a9,Fax,true,420-(406)608-3931
3ed774d5-5b9c-4e3f-9487-87d8cfccf25f,Fax,true,60-(754)421-4684
826525e4-e65a-4e7f-b265-fe4efcc39a89,Mobile,true,62-(716)821-9995
08d473ce-e774-4ff1-8d7e-dfded80bcda6,Home,,
50835004-ebe7-4aa8-a21e-809f3252d2ff,Other,false,54-(999)537-7777
84222deb-2169-48cc-a9e7-47c483e1a536,Other,false,86-(982)865-5732
6dca1148-2be4-4e2e-9bbe-99182646ed9d,Mobile,false,86-(575)302-7254
bc0d6fd8-9ac1-4e29-816d-e368e585ac84,Mobile,false,55-(548)111-9195
d694a17a-5daf-428b-87ae-8c3f4cf31d2a,Other,false,1-(745)493-4786
238fc6a8-1999-40ad-9c5e-6ff8b0e2e7b1,Fax,true,7-(394)779-8933
271d6c20-3b6c-499b-8977-fd1a078e5f38,Home,false,62-(537)791-9131
f2d8a86c-901e-49d9-8806-8d806f36aa64,Home,false,7-(615)270-1347
c364e8f5-741d-4a54-8809-7aca68adb421,Fax,true,86-(792)713-8896
c59931c1-e887-4dab-8473-5c69250adab5,Other,,
5e3aef68-c66f-41f2-a1a8-b55d589635fe,Home,true,254-(160)574-3934
c7df8cdd-bb81-4a84-8101-cda40588785b,Home,true,86-(891)619-7089
e0a0a82e-1576-484b-b8e4-8d2394a861bb,Other,false,93-(192)211-3427
b2909716-1625-4b51-b453-7c9f275a7d74,Work,false,62-(128)115-1630
e4d5de09-86f7-4f43-b1f2-48ada838dc9d,Work,false,86-(873)227-5221
5c1cb2c2-74be-4012-b370-af547f71263d,Fax,true,86-(689)407-3913
91839183-4aba-4344-9637-dd6f2b905ca2,Other,true,505-(442)390-6827
dbfa8311-1712-426d-952f-5c878ede2366,Mobile,true,351-(238)308-0759
a0217c26-69fa-464f-9dfa-b9c70fb06416,Mobile,true,351-(484)879-2908
e15e1b5a-4ae1-4aa2-9e2f-13901631158f,Other,true,62-(824)512-1950
b4588729-cf43-48f8-8838-e16047bbd48a,Fax,false,994-(386)664-0184
64545185-e225-4a42-9dfd-3184a50956db,Fax,true,31-(849)103-7584
c0856469-8bff-40b6-a690-5096836ce3f6,Work,true,62-(891)644-1057
c795fcd0-faa6-4db6-bc08-b5480fa38661,Fax,false,1-(213)172-7023
6404424a-d353-4de1-bbb2-588391749e85,Fax,true,242-(890)373-9044
b109b86b-f96b-40ec-a453-8af901afb1d5,Mobile,false,506-(584)485-0909
1ee9e609-f7e5-4380-b42e-cc16094e1fad,Work,false,48-(956)311-7660
ff713571-28b5-45f6-b918-1c57a638c858,Work,true,48-(415)913-9926
852a2330-23ab-4ddc-8804-4f30a8a48111,Work,false,1-(713)668-0321
fb5aabdc-b6a0-41d9-b317-89a549200d5a,Other,true,7-(964)169-0851
a4dc427c-e4ee-4cbb-8022-f948be6dbc50,Work,,
5fbe8ddc-4ebf-42c2-a83c-6f9b1071277d,Home,false,86-(221)511-7990
f724e444-84bb-4b64-97ef-4cda7a90648c,Home,true,81-(999)273-4117
ce7df8c1-1a61-4430-a0f6-9475c8d8a019,Other,true,420-(772)264-1661
24ec905d-cef9-480f-9a3b-be92cee41979,Work,true,55-(693)327-0971
8b7eec0f-810c-4c25-b8c0-a658c89a9939,Other,true,1-(210)953-3627
5814d0a3-62c0-4ae0-9c75-d206ac29660e,Fax,true,58-(442)144-6686
8ded95a7-8e60-4fec-a65a-0dbcf956f53e,Other,false,351-(527)833-4962
f7a0ca50-cb83-4667-ad17-ee43fcbb9b7d,Other,false,84-(956)167-1173
14e5d17f-794c-4534-aa84-12ff2a0886d9,Mobile,false,86-(747)954-4783
20828fb7-1de0-4b27-ba32-222cf2c5cde5,Home,false,992-(860)785-6966
