ExternalId,EmailAddressType,IsPrimary,EmailAddress
ee106749-8b53-445e-8bc9-1babc72372ff,Home,false,spatterson0@tripod.com
ee106749-8b53-445e-8bc9-1babc72372ff,Work,true,rwilliams1@pbs.org
ee106749-8b53-445e-8bc9-1babc72372ff,Organizational,false,vclark2@live.com
ee106749-8b53-445e-8bc9-1babc72372ff,Other,false,jmills3@w3.org
0fdf4a69-1c16-47c6-9689-1429ee2c8a7e,Home,false,mwatson4@omniture.com
0fdf4a69-1c16-47c6-9689-1429ee2c8a7e,Work,false,bhowell5@sun.com
0fdf4a69-1c16-47c6-9689-1429ee2c8a7e,Organizational,false,lhughes6@ted.com
0fdf4a69-1c16-47c6-9689-1429ee2c8a7e,Other,false,sgomez7@google.com
f5e9ec66-130e-4a75-b61b-af0f021d427d,Home,false,mhill8@t-online.de
f5e9ec66-130e-4a75-b61b-af0f021d427d,Work,true,lrivera9@nhs.uk
f5e9ec66-130e-4a75-b61b-af0f021d427d,Organizational,true,lharta@whitehouse.gov
f5e9ec66-130e-4a75-b61b-af0f021d427d,Other,true,abishopb@army.mil
95528926-7526-4f90-8c31-ac184d463d3c,Home,false,acoxc@vimeo.com
95528926-7526-4f90-8c31-ac184d463d3c,Work,true,klarsond@va.gov
95528926-7526-4f90-8c31-ac184d463d3c,,false,rharveye@harvard.edu
95528926-7526-4f90-8c31-ac184d463d3c,Other,true,mhunterf@about.com
174f8670-e1a3-46d4-877a-760e2a1245fe,Home,true,cspencerg@dmoz.org
174f8670-e1a3-46d4-877a-760e2a1245fe,Work,true,ljamesh@360.cn
174f8670-e1a3-46d4-877a-760e2a1245fe,Organizational,true,smurphyi@booking.com
174f8670-e1a3-46d4-877a-760e2a1245fe,Other,false,
2f8e0fca-8d79-4ba8-9f38-1020da8fe244,Home,true,pmoralesk@cnbc.com
2f8e0fca-8d79-4ba8-9f38-1020da8fe244,Work,true,gwilliamsonl@dell.com
2f8e0fca-8d79-4ba8-9f38-1020da8fe244,Organizational,false,rmurraym@oakley.com
2f8e0fca-8d79-4ba8-9f38-1020da8fe244,Other,false,mmoralesn@dedecms.com
11d31ffd-ab83-4f56-91e6-c62213350951,Home,true,swoodo@reuters.com
11d31ffd-ab83-4f56-91e6-c62213350951,Work,true,aparkerp@omniture.com
11d31ffd-ab83-4f56-91e6-c62213350951,Organizational,true,sduncanq@networksolutions.com
11d31ffd-ab83-4f56-91e6-c62213350951,Other,true,sbutlerr@pinterest.com
588c4e4e-cd8d-4596-9d7b-462d3b8b6281,Home,,sreyess@about.me
588c4e4e-cd8d-4596-9d7b-462d3b8b6281,Work,false,isanderst@biglobe.ne.jp
588c4e4e-cd8d-4596-9d7b-462d3b8b6281,Organizational,true,njacksonu@phoca.cz
588c4e4e-cd8d-4596-9d7b-462d3b8b6281,Other,false,rwheelerv@utexas.edu
e53ccd20-535d-47a0-b8cf-ef08e248ff7c,Home,,
e53ccd20-535d-47a0-b8cf-ef08e248ff7c,Work,false,rmoralesx@who.int
e53ccd20-535d-47a0-b8cf-ef08e248ff7c,Organizational,false,harnoldy@blinklist.com
e53ccd20-535d-47a0-b8cf-ef08e248ff7c,Other,false,tedwardsz@bbc.co.uk
1d782210-5cd8-4ef8-8241-18a4f191f1ed,Home,false,jflores10@slate.com
1d782210-5cd8-4ef8-8241-18a4f191f1ed,Work,false,fcunningham11@umich.edu
1d782210-5cd8-4ef8-8241-18a4f191f1ed,Organizational,false,jwright12@vkontakte.ru
1d782210-5cd8-4ef8-8241-18a4f191f1ed,Other,false,eblack13@whitehouse.gov
ecbfe298-8f55-4969-83ba-d946ac01b798,Home,false,fgonzales14@github.io
ecbfe298-8f55-4969-83ba-d946ac01b798,Work,true,rcrawford15@discovery.com
ecbfe298-8f55-4969-83ba-d946ac01b798,Organizational,true,dlopez16@admin.ch
ecbfe298-8f55-4969-83ba-d946ac01b798,,true,friley17@indiatimes.com
e5a44abc-8d02-4b7b-a047-1b8a767b49a9,Home,true,kwood18@domainmarket.com
e5a44abc-8d02-4b7b-a047-1b8a767b49a9,Work,false,kjohnston19@utexas.edu
e5a44abc-8d02-4b7b-a047-1b8a767b49a9,Organizational,false,aryan1a@topsy.com
e5a44abc-8d02-4b7b-a047-1b8a767b49a9,Other,true,lpalmer1b@ehow.com
9a4ac4c7-ddb5-4e74-9ee9-a36fe20f87c0,Home,false,rfranklin1c@mac.com
9a4ac4c7-ddb5-4e74-9ee9-a36fe20f87c0,Work,true,hlee1d@nydailynews.com
9a4ac4c7-ddb5-4e74-9ee9-a36fe20f87c0,Organizational,false,pduncan1e@illinois.edu
9a4ac4c7-ddb5-4e74-9ee9-a36fe20f87c0,Other,true,rmorrison1f@sfgate.com
02d2a6ed-ebf0-4b7b-b73b-4b9e2d862574,,true,wbarnes1g@mlb.com
02d2a6ed-ebf0-4b7b-b73b-4b9e2d862574,Work,false,wgriffin1h@bizjournals.com
02d2a6ed-ebf0-4b7b-b73b-4b9e2d862574,Organizational,false,ewallace1i@bluehost.com
02d2a6ed-ebf0-4b7b-b73b-4b9e2d862574,Other,true,dphillips1j@quantcast.com
82a597be-9380-4b28-aaab-00ba876b5fd6,Home,false,akim1k@youku.com
82a597be-9380-4b28-aaab-00ba876b5fd6,Work,false,ehart1l@mayoclinic.com
82a597be-9380-4b28-aaab-00ba876b5fd6,Organizational,true,smarshall1m@vkontakte.ru
82a597be-9380-4b28-aaab-00ba876b5fd6,Other,true,mcook1n@cdc.gov
cf733350-d28b-4752-9e13-e372e1615ef0,Home,false,rfox1o@shinystat.com
cf733350-d28b-4752-9e13-e372e1615ef0,Work,true,amedina1p@sciencedirect.com
cf733350-d28b-4752-9e13-e372e1615ef0,Organizational,false,dpalmer1q@cafepress.com
cf733350-d28b-4752-9e13-e372e1615ef0,Other,true,cmorrison1r@live.com
2eb33283-b5e0-4b83-9ac8-3d92debdb0db,Home,false,lturner1s@surveymonkey.com
2eb33283-b5e0-4b83-9ac8-3d92debdb0db,Work,true,aharper1t@mayoclinic.com
2eb33283-b5e0-4b83-9ac8-3d92debdb0db,Organizational,false,cpierce1u@vk.com
2eb33283-b5e0-4b83-9ac8-3d92debdb0db,Other,true,msims1v@sina.com.cn
9e57b4a0-03b3-422a-b460-e21552b6cd34,Home,false,awatson1w@flickr.com
9e57b4a0-03b3-422a-b460-e21552b6cd34,Work,false,chamilton1x@pinterest.com
9e57b4a0-03b3-422a-b460-e21552b6cd34,Organizational,false,rhoward1y@businessinsider.com
9e57b4a0-03b3-422a-b460-e21552b6cd34,Other,true,aadams1z@businessinsider.com
1ffe3ae0-4aff-4613-90ac-f2724ae77bd0,Home,false,jsmith20@pcworld.com
1ffe3ae0-4aff-4613-90ac-f2724ae77bd0,Work,true,arobertson21@delicious.com
1ffe3ae0-4aff-4613-90ac-f2724ae77bd0,Organizational,false,cporter22@ted.com
1ffe3ae0-4aff-4613-90ac-f2724ae77bd0,Other,false,tbutler23@squidoo.com
980a3021-cb9b-499d-a804-d4bbaef9c472,Home,true,mbarnes24@gov.uk
980a3021-cb9b-499d-a804-d4bbaef9c472,Work,true,dhunt25@wordpress.org
980a3021-cb9b-499d-a804-d4bbaef9c472,Organizational,true,lalvarez26@mlb.com
980a3021-cb9b-499d-a804-d4bbaef9c472,Other,true,mrodriguez27@xrea.com
0dd444b2-1a61-4f8a-aa9e-1e7b544b9880,Home,false,dmorris28@virginia.edu
0dd444b2-1a61-4f8a-aa9e-1e7b544b9880,Work,false,jgreen29@java.com
0dd444b2-1a61-4f8a-aa9e-1e7b544b9880,Organizational,true,afuller2a@cpanel.net
0dd444b2-1a61-4f8a-aa9e-1e7b544b9880,Other,false,jharrison2b@altervista.org
08d0ed97-2908-4f17-989f-36c8192b02b7,Home,false,hsullivan2c@ucoz.ru
08d0ed97-2908-4f17-989f-36c8192b02b7,Work,false,pbutler2d@hostgator.com
08d0ed97-2908-4f17-989f-36c8192b02b7,Organizational,false,emurphy2e@blog.com
08d0ed97-2908-4f17-989f-36c8192b02b7,Other,true,lreed2f@yelp.com
d61fc78f-be19-4b33-b2c8-1efdc72ae093,Home,true,bhart2g@sina.com.cn
d61fc78f-be19-4b33-b2c8-1efdc72ae093,Work,false,rbailey2h@paginegialle.it
d61fc78f-be19-4b33-b2c8-1efdc72ae093,Organizational,true,hnelson2i@sogou.com
d61fc78f-be19-4b33-b2c8-1efdc72ae093,Other,true,lmyers2j@state.tx.us
5fd363cc-0ee4-43ae-acfd-e2b68befbb36,Home,true,dedwards2k@mit.edu
5fd363cc-0ee4-43ae-acfd-e2b68befbb36,,false,ahawkins2l@army.mil
5fd363cc-0ee4-43ae-acfd-e2b68befbb36,Organizational,false,aday2m@netvibes.com
5fd363cc-0ee4-43ae-acfd-e2b68befbb36,Other,true,rwalker2n@prnewswire.com
f5e18f4e-2cf5-4bf0-9e3c-c0436057501d,,false,ggreen2o@noaa.gov
f5e18f4e-2cf5-4bf0-9e3c-c0436057501d,Work,false,emorrison2p@ucoz.ru
f5e18f4e-2cf5-4bf0-9e3c-c0436057501d,Organizational,true,jharris2q@narod.ru
f5e18f4e-2cf5-4bf0-9e3c-c0436057501d,Other,true,scampbell2r@seesaa.net
bde0cacf-c326-4e4b-91d9-dfa53b66c4f2,Home,true,gfowler2s@indiegogo.com
bde0cacf-c326-4e4b-91d9-dfa53b66c4f2,Work,true,wjohnson2t@oracle.com
bde0cacf-c326-4e4b-91d9-dfa53b66c4f2,Organizational,true,fjames2u@timesonline.co.uk
bde0cacf-c326-4e4b-91d9-dfa53b66c4f2,,,awright2v@toplist.cz
e617cd34-2cbc-4774-8b3d-0aace0050f3a,Home,true,ebarnes2w@pinterest.com
e617cd34-2cbc-4774-8b3d-0aace0050f3a,Work,false,nsanchez2x@sourceforge.net
e617cd34-2cbc-4774-8b3d-0aace0050f3a,Organizational,false,mwilson2y@opensource.org
e617cd34-2cbc-4774-8b3d-0aace0050f3a,Other,false,kboyd2z@xrea.com
e62caee3-24fe-4a0e-ae21-2df02ec34520,Home,true,dhowell30@sphinn.com
e62caee3-24fe-4a0e-ae21-2df02ec34520,Work,false,dhart31@washington.edu
e62caee3-24fe-4a0e-ae21-2df02ec34520,Organizational,true,jalexander32@gizmodo.com
e62caee3-24fe-4a0e-ae21-2df02ec34520,Other,true,aperkins33@edublogs.org
e6da1fed-7914-4c2f-954c-a88073f1d0f0,Home,true,cmiller34@businesswire.com
e6da1fed-7914-4c2f-954c-a88073f1d0f0,Work,false,ereyes35@paypal.com
e6da1fed-7914-4c2f-954c-a88073f1d0f0,,false,ablack36@smugmug.com
e6da1fed-7914-4c2f-954c-a88073f1d0f0,Other,false,agarza37@si.edu
d51ff0d7-8d51-4dea-be66-0a691245076c,Home,true,hburke38@blogspot.com
d51ff0d7-8d51-4dea-be66-0a691245076c,Work,false,rbowman39@ifeng.com
d51ff0d7-8d51-4dea-be66-0a691245076c,Organizational,true,
d51ff0d7-8d51-4dea-be66-0a691245076c,Other,false,kclark3b@kickstarter.com
010f86d2-6b3f-4da5-a406-e89826ff3a89,Home,true,jduncan3c@cmu.edu
010f86d2-6b3f-4da5-a406-e89826ff3a89,Work,false,llopez3d@npr.org
010f86d2-6b3f-4da5-a406-e89826ff3a89,Organizational,true,jgarrett3e@addtoany.com
010f86d2-6b3f-4da5-a406-e89826ff3a89,Other,false,swallace3f@usnews.com
6e1952d4-5e18-49e5-830c-65bfc459c332,Home,false,lwilliams3g@reference.com
6e1952d4-5e18-49e5-830c-65bfc459c332,Work,false,jwilliams3h@mlb.com
6e1952d4-5e18-49e5-830c-65bfc459c332,Organizational,true,jchavez3i@about.me
6e1952d4-5e18-49e5-830c-65bfc459c332,Other,true,cwalker3j@amazonaws.com
6ae26051-e742-4848-b3ab-c5b43c5617da,Home,false,whicks3k@rakuten.co.jp
6ae26051-e742-4848-b3ab-c5b43c5617da,Work,true,jrichards3l@rambler.ru
6ae26051-e742-4848-b3ab-c5b43c5617da,Organizational,false,pgreen3m@dailymail.co.uk
6ae26051-e742-4848-b3ab-c5b43c5617da,,false,
b5a18002-0483-4d36-bf6c-1b8404b25f90,Home,false,staylor3o@wiley.com
b5a18002-0483-4d36-bf6c-1b8404b25f90,Work,true,jlawson3p@sourceforge.net
b5a18002-0483-4d36-bf6c-1b8404b25f90,Organizational,false,rortiz3q@slashdot.org
b5a18002-0483-4d36-bf6c-1b8404b25f90,Other,true,sgreene3r@salon.com
628f0035-07ac-4c95-a9e7-5bb4b4e2711e,Home,false,nfreeman3s@so-net.ne.jp
628f0035-07ac-4c95-a9e7-5bb4b4e2711e,,true,fhughes3t@eepurl.com
628f0035-07ac-4c95-a9e7-5bb4b4e2711e,Organizational,true,klopez3u@timesonline.co.uk
628f0035-07ac-4c95-a9e7-5bb4b4e2711e,Other,true,lblack3v@chronoengine.com
aff19cd4-2f1b-4393-aa10-2b6318105c9d,Home,true,balvarez3w@tinyurl.com
aff19cd4-2f1b-4393-aa10-2b6318105c9d,Work,false,mwright3x@behance.net
aff19cd4-2f1b-4393-aa10-2b6318105c9d,Organizational,true,jfowler3y@mapquest.com
aff19cd4-2f1b-4393-aa10-2b6318105c9d,Other,true,tbarnes3z@privacy.gov.au
325b673f-2cfa-46a6-add1-de95aa02aada,Home,false,lday40@ox.ac.uk
325b673f-2cfa-46a6-add1-de95aa02aada,,false,flawrence41@wikipedia.org
325b673f-2cfa-46a6-add1-de95aa02aada,Organizational,true,cprice42@dailymotion.com
325b673f-2cfa-46a6-add1-de95aa02aada,Other,false,
b83593e3-1cd7-40b6-bd23-e2b50f26fc94,Home,true,calexander44@umich.edu
b83593e3-1cd7-40b6-bd23-e2b50f26fc94,Work,true,kcooper45@paypal.com
b83593e3-1cd7-40b6-bd23-e2b50f26fc94,Organizational,true,mcoleman46@163.com
b83593e3-1cd7-40b6-bd23-e2b50f26fc94,Other,true,swright47@wired.com
ea7c432b-ae55-4c23-8a7f-2856630ac59a,Home,false,bwood48@gmpg.org
ea7c432b-ae55-4c23-8a7f-2856630ac59a,,true,kcarpenter49@webs.com
ea7c432b-ae55-4c23-8a7f-2856630ac59a,Organizational,false,jfranklin4a@cnet.com
ea7c432b-ae55-4c23-8a7f-2856630ac59a,Other,false,jwallace4b@scientificamerican.com
25f09c63-e04a-4831-a7eb-6fc5af86113e,Home,false,ajohnson4c@tuttocitta.it
25f09c63-e04a-4831-a7eb-6fc5af86113e,Work,false,pwood4d@delicious.com
25f09c63-e04a-4831-a7eb-6fc5af86113e,Organizational,true,jwells4e@gmpg.org
25f09c63-e04a-4831-a7eb-6fc5af86113e,Other,true,acarroll4f@springer.com
e7530d57-6e40-4dbf-8d16-5b579831d714,Home,true,ewells4g@webeden.co.uk
e7530d57-6e40-4dbf-8d16-5b579831d714,Work,true,dalexander4h@e-recht24.de
e7530d57-6e40-4dbf-8d16-5b579831d714,Organizational,true,
e7530d57-6e40-4dbf-8d16-5b579831d714,,true,rrobinson4j@naver.com
e67d8def-8500-488c-bed7-cfae2d404813,Home,false,lrivera4k@blogs.com
e67d8def-8500-488c-bed7-cfae2d404813,Work,false,wcook4l@washingtonpost.com
e67d8def-8500-488c-bed7-cfae2d404813,Organizational,false,gknight4m@hibu.com
e67d8def-8500-488c-bed7-cfae2d404813,Other,false,jlane4n@mit.edu
621053b8-cbbc-4702-9f2d-f787dabc1b90,Home,false,cramirez4o@fotki.com
621053b8-cbbc-4702-9f2d-f787dabc1b90,Work,false,athompson4p@gmpg.org
621053b8-cbbc-4702-9f2d-f787dabc1b90,Organizational,true,rjacobs4q@cdbaby.com
621053b8-cbbc-4702-9f2d-f787dabc1b90,Other,true,jstevens4r@scientificamerican.com
a3a1390d-2845-4255-aaa9-c14cbabbf83b,Home,false,cdunn4s@mtv.com
a3a1390d-2845-4255-aaa9-c14cbabbf83b,Work,false,swebb4t@php.net
a3a1390d-2845-4255-aaa9-c14cbabbf83b,Organizational,false,hnguyen4u@ezinearticles.com
a3a1390d-2845-4255-aaa9-c14cbabbf83b,Other,false,lyoung4v@go.com
73ca8bb6-1bf1-40db-807d-7c7d3b79be48,Home,false,jhughes4w@imageshack.us
73ca8bb6-1bf1-40db-807d-7c7d3b79be48,Work,true,hbarnes4x@ask.com
73ca8bb6-1bf1-40db-807d-7c7d3b79be48,Organizational,false,lholmes4y@blinklist.com
73ca8bb6-1bf1-40db-807d-7c7d3b79be48,Other,true,mhughes4z@friendfeed.com
1655f3a6-346c-4ece-9f36-75ba66666628,Home,false,kgonzales50@moonfruit.com
1655f3a6-346c-4ece-9f36-75ba66666628,Work,false,aparker51@ebay.co.uk
1655f3a6-346c-4ece-9f36-75ba66666628,Organizational,false,gfoster52@state.gov
1655f3a6-346c-4ece-9f36-75ba66666628,Other,true,rjames53@domainmarket.com
e2de87f7-3179-4462-a791-d895db15f23a,Home,true,tjohnson54@godaddy.com
e2de87f7-3179-4462-a791-d895db15f23a,Work,true,lwatkins55@deliciousdays.com
e2de87f7-3179-4462-a791-d895db15f23a,,false,dmurray56@lulu.com
e2de87f7-3179-4462-a791-d895db15f23a,,true,dcarr57@csmonitor.com
900748e6-14b7-4646-a43f-5c98c940e81f,Home,true,acarter58@vimeo.com
900748e6-14b7-4646-a43f-5c98c940e81f,Work,true,lpeters59@wsj.com
900748e6-14b7-4646-a43f-5c98c940e81f,Organizational,true,pcampbell5a@blogspot.com
900748e6-14b7-4646-a43f-5c98c940e81f,Other,false,jgilbert5b@google.com.au
fd8e79eb-6dbf-487f-ab15-9d0f5f4ddfe6,Home,true,rharrison5c@dagondesign.com
fd8e79eb-6dbf-487f-ab15-9d0f5f4ddfe6,Work,true,
fd8e79eb-6dbf-487f-ab15-9d0f5f4ddfe6,Organizational,true,mwallace5e@google.cn
fd8e79eb-6dbf-487f-ab15-9d0f5f4ddfe6,Other,true,smoore5f@pbs.org
b7408d00-476a-40bf-bcf5-c0c36445ad8f,Home,true,jthomas5g@rambler.ru
b7408d00-476a-40bf-bcf5-c0c36445ad8f,Work,false,cmorrison5h@list-manage.com
b7408d00-476a-40bf-bcf5-c0c36445ad8f,Organizational,true,ghughes5i@home.pl
b7408d00-476a-40bf-bcf5-c0c36445ad8f,Other,false,jhoward5j@dot.gov
4be8ccb2-432b-47c4-b1d5-f8ca468363fc,Home,true,jmeyer5k@chron.com
4be8ccb2-432b-47c4-b1d5-f8ca468363fc,Work,false,mlewis5l@oakley.com
4be8ccb2-432b-47c4-b1d5-f8ca468363fc,Organizational,true,jfranklin5m@irs.gov
4be8ccb2-432b-47c4-b1d5-f8ca468363fc,Other,false,amorales5n@liveinternet.ru
556f72ea-4b84-4259-b5ef-3335f5ec1fd8,Home,true,eperry5o@google.de
556f72ea-4b84-4259-b5ef-3335f5ec1fd8,,true,jcarpenter5p@seattletimes.com
556f72ea-4b84-4259-b5ef-3335f5ec1fd8,Organizational,true,jromero5q@webs.com
556f72ea-4b84-4259-b5ef-3335f5ec1fd8,Other,true,ipatterson5r@chron.com
a928ec76-6936-4502-90e0-610cd2088fa8,Home,false,jhunt5s@gmpg.org
a928ec76-6936-4502-90e0-610cd2088fa8,Work,true,bwheeler5t@reference.com
a928ec76-6936-4502-90e0-610cd2088fa8,Organizational,false,tmorgan5u@myspace.com
a928ec76-6936-4502-90e0-610cd2088fa8,Other,true,dwatkins5v@pinterest.com
dfa0c743-ccdc-440d-b0d9-2d40a3e1e44c,Home,,ehowell5w@gnu.org
dfa0c743-ccdc-440d-b0d9-2d40a3e1e44c,Work,true,nford5x@uol.com.br
dfa0c743-ccdc-440d-b0d9-2d40a3e1e44c,Organizational,true,agordon5y@xing.com
dfa0c743-ccdc-440d-b0d9-2d40a3e1e44c,Other,false,nhanson5z@wikimedia.org
4e2c2387-5e44-4ed9-99a1-77a52a96c630,Home,true,rhenderson60@slate.com
4e2c2387-5e44-4ed9-99a1-77a52a96c630,,false,dperkins61@whitehouse.gov
4e2c2387-5e44-4ed9-99a1-77a52a96c630,Organizational,false,twatson62@va.gov
4e2c2387-5e44-4ed9-99a1-77a52a96c630,Other,false,rhenry63@google.ca
fdda3016-6ee2-444a-8658-d2b72eacce63,Home,true,rsnyder64@who.int
fdda3016-6ee2-444a-8658-d2b72eacce63,Work,false,rellis65@gmpg.org
fdda3016-6ee2-444a-8658-d2b72eacce63,Organizational,false,aboyd66@alexa.com
fdda3016-6ee2-444a-8658-d2b72eacce63,Other,true,pstone67@nyu.edu
40afa08a-7ed7-48e2-90ef-52de56042126,Home,false,djones68@ed.gov
40afa08a-7ed7-48e2-90ef-52de56042126,Work,false,
40afa08a-7ed7-48e2-90ef-52de56042126,Organizational,false,crogers6a@tmall.com
40afa08a-7ed7-48e2-90ef-52de56042126,Other,false,edavis6b@wikimedia.org
cf696b00-9967-4a2d-b8a1-f9eed6ae5d85,Home,true,
cf696b00-9967-4a2d-b8a1-f9eed6ae5d85,Work,false,tschmidt6d@ted.com
cf696b00-9967-4a2d-b8a1-f9eed6ae5d85,Organizational,false,jlarson6e@bluehost.com
cf696b00-9967-4a2d-b8a1-f9eed6ae5d85,Other,false,jallen6f@va.gov
938e64d8-b339-4291-8c51-37063d177cbf,Home,false,jkelley6g@army.mil
938e64d8-b339-4291-8c51-37063d177cbf,Work,true,aharrison6h@apache.org
938e64d8-b339-4291-8c51-37063d177cbf,Organizational,false,bross6i@free.fr
938e64d8-b339-4291-8c51-37063d177cbf,Other,false,ksims6j@php.net
6b4c3f9b-15cb-4bdb-b4fc-6b087ade4957,Home,false,jmason6k@china.com.cn
6b4c3f9b-15cb-4bdb-b4fc-6b087ade4957,,true,fmeyer6l@4shared.com
6b4c3f9b-15cb-4bdb-b4fc-6b087ade4957,Organizational,true,mgarrett6m@symantec.com
6b4c3f9b-15cb-4bdb-b4fc-6b087ade4957,Other,false,privera6n@friendfeed.com
1b20a8dc-f1b6-401e-b5ff-d0b9bd238785,Home,true,aberry6o@goodreads.com
1b20a8dc-f1b6-401e-b5ff-d0b9bd238785,Work,true,shunt6p@blinklist.com
1b20a8dc-f1b6-401e-b5ff-d0b9bd238785,Organizational,false,ssimpson6q@yahoo.com
1b20a8dc-f1b6-401e-b5ff-d0b9bd238785,Other,false,ccarpenter6r@admin.ch
b6a227d5-9fdd-46db-baea-d5ec227ab787,Home,true,rrussell6s@163.com
b6a227d5-9fdd-46db-baea-d5ec227ab787,Work,true,gclark6t@clickbank.net
b6a227d5-9fdd-46db-baea-d5ec227ab787,Organizational,true,rhall6u@disqus.com
b6a227d5-9fdd-46db-baea-d5ec227ab787,Other,true,phowell6v@taobao.com
690aacfb-50d0-4803-8da1-937cdff90d31,Home,true,bmorris6w@vinaora.com
690aacfb-50d0-4803-8da1-937cdff90d31,Work,true,crodriguez6x@gov.uk
690aacfb-50d0-4803-8da1-937cdff90d31,Organizational,false,fdavis6y@boston.com
690aacfb-50d0-4803-8da1-937cdff90d31,Other,true,kboyd6z@vk.com
dabceffc-d97d-48ae-9583-91968c9008d2,Home,true,vpowell70@canalblog.com
dabceffc-d97d-48ae-9583-91968c9008d2,Work,false,skelly71@usnews.com
dabceffc-d97d-48ae-9583-91968c9008d2,Organizational,false,aprice72@narod.ru
dabceffc-d97d-48ae-9583-91968c9008d2,Other,true,
be575a51-f61b-4fa9-bc3f-5ccefb252490,Home,false,jcarroll74@vistaprint.com
be575a51-f61b-4fa9-bc3f-5ccefb252490,Work,,rhawkins75@cafepress.com
be575a51-f61b-4fa9-bc3f-5ccefb252490,Organizational,false,cmccoy76@fema.gov
be575a51-f61b-4fa9-bc3f-5ccefb252490,Other,true,jcarr77@hibu.com
010f88a4-5472-4fb6-8b14-eccfb121e5f4,Home,,ccampbell78@amazon.de
010f88a4-5472-4fb6-8b14-eccfb121e5f4,Work,false,jriley79@mysql.com
010f88a4-5472-4fb6-8b14-eccfb121e5f4,Organizational,false,nwilliamson7a@harvard.edu
010f88a4-5472-4fb6-8b14-eccfb121e5f4,Other,false,sflores7b@princeton.edu
8bed4f04-b076-4d86-ba2e-4eda63425f2c,Home,false,epowell7c@ted.com
8bed4f04-b076-4d86-ba2e-4eda63425f2c,Work,false,
8bed4f04-b076-4d86-ba2e-4eda63425f2c,Organizational,false,aross7e@tripod.com
8bed4f04-b076-4d86-ba2e-4eda63425f2c,Other,true,sthomas7f@myspace.com
7e1ec3d3-8fed-412a-9594-fb0beda6fc81,Home,true,chenderson7g@mtv.com
7e1ec3d3-8fed-412a-9594-fb0beda6fc81,Work,true,jgriffin7h@newsvine.com
7e1ec3d3-8fed-412a-9594-fb0beda6fc81,Organizational,false,rstephens7i@eepurl.com
7e1ec3d3-8fed-412a-9594-fb0beda6fc81,Other,false,rgraham7j@ft.com
389ae06f-73a8-45f3-b58d-1a2a205f585b,Home,true,egarrett7k@squidoo.com
389ae06f-73a8-45f3-b58d-1a2a205f585b,Work,false,cjackson7l@nifty.com
389ae06f-73a8-45f3-b58d-1a2a205f585b,Organizational,false,jhicks7m@chicagotribune.com
389ae06f-73a8-45f3-b58d-1a2a205f585b,Other,false,dgutierrez7n@github.com
b67a529e-18fa-4a45-aab1-8aa7c9db0426,Home,false,eroberts7o@va.gov
b67a529e-18fa-4a45-aab1-8aa7c9db0426,Work,false,aclark7p@privacy.gov.au
b67a529e-18fa-4a45-aab1-8aa7c9db0426,Organizational,true,jnelson7q@archive.org
b67a529e-18fa-4a45-aab1-8aa7c9db0426,Other,,jowens7r@opensource.org
63d3ddff-9065-44e7-a1bb-3e533afe822a,Home,true,tpowell7s@php.net
63d3ddff-9065-44e7-a1bb-3e533afe822a,Work,false,vnichols7t@ftc.gov
63d3ddff-9065-44e7-a1bb-3e533afe822a,Organizational,false,
63d3ddff-9065-44e7-a1bb-3e533afe822a,Other,true,jgonzalez7v@woothemes.com
ccc5122e-31a0-404a-a642-4374102ba252,Home,false,pthompson7w@eventbrite.com
ccc5122e-31a0-404a-a642-4374102ba252,Work,true,sferguson7x@odnoklassniki.ru
ccc5122e-31a0-404a-a642-4374102ba252,Organizational,true,cpowell7y@pen.io
ccc5122e-31a0-404a-a642-4374102ba252,Other,false,jday7z@sphinn.com
eb13c012-bfad-4aba-ab1a-ade6f83cee11,Home,true,bkelly80@bbc.co.uk
eb13c012-bfad-4aba-ab1a-ade6f83cee11,Work,true,dsanchez81@virginia.edu
eb13c012-bfad-4aba-ab1a-ade6f83cee11,Organizational,false,ahamilton82@squarespace.com
eb13c012-bfad-4aba-ab1a-ade6f83cee11,Other,false,jcox83@facebook.com
093cbb93-86cd-40da-ae2a-35efde783231,,true,pcox84@stumbleupon.com
093cbb93-86cd-40da-ae2a-35efde783231,Work,true,ahunter85@deviantart.com
093cbb93-86cd-40da-ae2a-35efde783231,Organizational,,ajohnson86@state.gov
093cbb93-86cd-40da-ae2a-35efde783231,Other,false,wlane87@disqus.com
0f8432e4-01c3-4670-a708-1a5baac23e00,Home,true,wferguson88@disqus.com
0f8432e4-01c3-4670-a708-1a5baac23e00,Work,true,bmcdonald89@ehow.com
0f8432e4-01c3-4670-a708-1a5baac23e00,Organizational,,kryan8a@lulu.com
0f8432e4-01c3-4670-a708-1a5baac23e00,Other,true,aryan8b@columbia.edu
a480e245-3598-4b46-8087-739415a2e6c8,Home,false,lshaw8c@cdbaby.com
a480e245-3598-4b46-8087-739415a2e6c8,Work,true,mjohnston8d@seesaa.net
a480e245-3598-4b46-8087-739415a2e6c8,Organizational,true,psanders8e@netscape.com
a480e245-3598-4b46-8087-739415a2e6c8,Other,true,kmurphy8f@51.la
b08eaee1-f505-4cd7-9cf8-a2513ee50a80,Home,false,rcox8g@va.gov
b08eaee1-f505-4cd7-9cf8-a2513ee50a80,Work,false,gsanders8h@oaic.gov.au
b08eaee1-f505-4cd7-9cf8-a2513ee50a80,Organizational,true,rwright8i@google.com.hk
b08eaee1-f505-4cd7-9cf8-a2513ee50a80,Other,true,shughes8j@samsung.com
97ceafa5-d02b-471f-a9d2-9921c16538b0,Home,false,devans8k@youtube.com
97ceafa5-d02b-471f-a9d2-9921c16538b0,Work,true,ecrawford8l@domainmarket.com
97ceafa5-d02b-471f-a9d2-9921c16538b0,Organizational,true,njacobs8m@weather.com
97ceafa5-d02b-471f-a9d2-9921c16538b0,Other,false,rmcdonald8n@nhs.uk
aac19fa2-3722-4242-a466-4dbd32c02419,Home,true,ldixon8o@indiatimes.com
aac19fa2-3722-4242-a466-4dbd32c02419,Work,true,dlarson8p@sfgate.com
aac19fa2-3722-4242-a466-4dbd32c02419,Organizational,true,aaustin8q@usnews.com
aac19fa2-3722-4242-a466-4dbd32c02419,Other,false,dgomez8r@psu.edu
76ded56f-2995-4a70-ba2e-64b2863b2155,Home,false,mgordon8s@google.cn
76ded56f-2995-4a70-ba2e-64b2863b2155,Work,true,aolson8t@boston.com
76ded56f-2995-4a70-ba2e-64b2863b2155,Organizational,false,astevens8u@hud.gov
76ded56f-2995-4a70-ba2e-64b2863b2155,Other,false,
038a4788-f98d-4b0a-9c81-6ac5cb017f47,Home,false,jking8w@pen.io
038a4788-f98d-4b0a-9c81-6ac5cb017f47,,false,lmorris8x@liveinternet.ru
038a4788-f98d-4b0a-9c81-6ac5cb017f47,Organizational,true,pgonzalez8y@sbwire.com
038a4788-f98d-4b0a-9c81-6ac5cb017f47,Other,false,knelson8z@yelp.com
5486c1fa-0360-4ab2-956b-a185d81c3259,Home,true,jknight90@psu.edu
5486c1fa-0360-4ab2-956b-a185d81c3259,Work,true,kmorrison91@mit.edu
5486c1fa-0360-4ab2-956b-a185d81c3259,Organizational,false,cwilliams92@tinyurl.com
5486c1fa-0360-4ab2-956b-a185d81c3259,,false,estone93@histats.com
13c22e3f-7e51-468a-9696-20296ee86abb,Home,false,hclark94@rakuten.co.jp
13c22e3f-7e51-468a-9696-20296ee86abb,Work,false,mgonzalez95@blogtalkradio.com
13c22e3f-7e51-468a-9696-20296ee86abb,Organizational,true,creyes96@addtoany.com
13c22e3f-7e51-468a-9696-20296ee86abb,Other,true,djordan97@virginia.edu
f725163d-f2dc-46ea-a8fd-eeaacad77cde,Home,false,jfox98@nhs.uk
f725163d-f2dc-46ea-a8fd-eeaacad77cde,Work,true,pmyers99@goo.ne.jp
f725163d-f2dc-46ea-a8fd-eeaacad77cde,Organizational,true,bburns9a@yellowbook.com
f725163d-f2dc-46ea-a8fd-eeaacad77cde,Other,false,sandrews9b@si.edu
7ee68e7c-a35b-4f33-b53b-2b7003545201,Home,true,vdixon9c@rediff.com
7ee68e7c-a35b-4f33-b53b-2b7003545201,Work,true,kferguson9d@jimdo.com
7ee68e7c-a35b-4f33-b53b-2b7003545201,Organizational,true,medwards9e@tumblr.com
7ee68e7c-a35b-4f33-b53b-2b7003545201,Other,true,jhawkins9f@stanford.edu
26eaf5c1-deaf-41de-914e-65095c9fd22d,Home,false,mhamilton9g@soundcloud.com
26eaf5c1-deaf-41de-914e-65095c9fd22d,Work,false,rgonzalez9h@nature.com
26eaf5c1-deaf-41de-914e-65095c9fd22d,Organizational,true,nelliott9i@histats.com
26eaf5c1-deaf-41de-914e-65095c9fd22d,Other,false,smoreno9j@mozilla.org
315b9176-9763-434b-ada0-7960f0aa98cc,Home,false,mhowell9k@tinypic.com
315b9176-9763-434b-ada0-7960f0aa98cc,Work,false,dstephens9l@vk.com
315b9176-9763-434b-ada0-7960f0aa98cc,Organizational,true,swatson9m@globo.com
315b9176-9763-434b-ada0-7960f0aa98cc,Other,false,acruz9n@symantec.com
6e0bbb87-3c51-4fea-8cb4-1ff9cde435a1,Home,true,krussell9o@canalblog.com
6e0bbb87-3c51-4fea-8cb4-1ff9cde435a1,Work,false,jwilliams9p@about.com
6e0bbb87-3c51-4fea-8cb4-1ff9cde435a1,Organizational,true,mlong9q@ucoz.ru
6e0bbb87-3c51-4fea-8cb4-1ff9cde435a1,,true,
95f11356-464b-4b5b-a811-0d968c697e83,Home,true,jshaw9s@china.com.cn
95f11356-464b-4b5b-a811-0d968c697e83,Work,false,ggordon9t@nydailynews.com
95f11356-464b-4b5b-a811-0d968c697e83,Organizational,false,rgibson9u@vimeo.com
95f11356-464b-4b5b-a811-0d968c697e83,Other,false,jsimmons9v@123-reg.co.uk
e9de6622-58da-45b9-a345-c7cf905d7a6a,Home,false,mshaw9w@eventbrite.com
e9de6622-58da-45b9-a345-c7cf905d7a6a,Work,false,mdixon9x@last.fm
e9de6622-58da-45b9-a345-c7cf905d7a6a,Organizational,true,ematthews9y@weather.com
e9de6622-58da-45b9-a345-c7cf905d7a6a,Other,true,lbennett9z@admin.ch
2844b5b4-8f99-4aed-99bd-73758dd10b61,Home,true,kfullera0@ibm.com
2844b5b4-8f99-4aed-99bd-73758dd10b61,Work,true,golivera1@ted.com
2844b5b4-8f99-4aed-99bd-73758dd10b61,Organizational,true,rmoorea2@xing.com
2844b5b4-8f99-4aed-99bd-73758dd10b61,Other,false,cwallacea3@123-reg.co.uk
5eac1b20-2055-4306-bce8-ad84b117f44d,Home,false,bnelsona4@webs.com
5eac1b20-2055-4306-bce8-ad84b117f44d,Work,true,shansena5@printfriendly.com
5eac1b20-2055-4306-bce8-ad84b117f44d,Organizational,,ralvareza6@freewebs.com
5eac1b20-2055-4306-bce8-ad84b117f44d,Other,false,
208f6867-e0bb-43fc-9152-0eec812253e7,,false,amoralesa8@answers.com
208f6867-e0bb-43fc-9152-0eec812253e7,Work,true,fstevensa9@craigslist.org
208f6867-e0bb-43fc-9152-0eec812253e7,Organizational,false,dfrazieraa@scientificamerican.com
208f6867-e0bb-43fc-9152-0eec812253e7,Other,false,
0bb1c60c-1ee1-4a0a-88f6-b265f02bbf64,Home,false,jcunninghamac@discovery.com
0bb1c60c-1ee1-4a0a-88f6-b265f02bbf64,Work,false,dpattersonad@baidu.com
0bb1c60c-1ee1-4a0a-88f6-b265f02bbf64,Organizational,false,chudsonae@bbc.co.uk
0bb1c60c-1ee1-4a0a-88f6-b265f02bbf64,Other,false,dharperaf@tripod.com
2489b649-aadb-48a7-a2e8-e50e772cb5a0,Home,false,hwagnerag@slideshare.net
2489b649-aadb-48a7-a2e8-e50e772cb5a0,Work,false,jstewartah@unc.edu
2489b649-aadb-48a7-a2e8-e50e772cb5a0,Organizational,false,smartinai@dot.gov
2489b649-aadb-48a7-a2e8-e50e772cb5a0,Other,true,jtorresaj@mlb.com
a24d7459-c3c3-4787-b6c1-fe806f625361,Home,true,thudsonak@aboutads.info
a24d7459-c3c3-4787-b6c1-fe806f625361,Work,true,rromeroal@netlog.com
a24d7459-c3c3-4787-b6c1-fe806f625361,Organizational,false,cmurrayam@domainmarket.com
a24d7459-c3c3-4787-b6c1-fe806f625361,Other,true,lcolemanan@cornell.edu
5aa10f39-0d1f-4d1f-a3f7-d4c66cb07bdb,Home,true,nleeao@drupal.org
5aa10f39-0d1f-4d1f-a3f7-d4c66cb07bdb,Work,true,aburtonap@mail.ru
5aa10f39-0d1f-4d1f-a3f7-d4c66cb07bdb,Organizational,false,
5aa10f39-0d1f-4d1f-a3f7-d4c66cb07bdb,Other,true,jjonesar@bbc.co.uk
b6fba5c6-9570-4032-9fcb-75ed24875503,Home,true,mwardas@devhub.com
b6fba5c6-9570-4032-9fcb-75ed24875503,Work,false,jgarrettat@shop-pro.jp
b6fba5c6-9570-4032-9fcb-75ed24875503,Organizational,false,sharrisonau@fema.gov
b6fba5c6-9570-4032-9fcb-75ed24875503,Other,false,pwalkerav@devhub.com
c8a9e584-dc4b-4518-8940-fecf431590b8,Home,false,lgilbertaw@discuz.net
c8a9e584-dc4b-4518-8940-fecf431590b8,Work,false,khawkinsax@sourceforge.net
c8a9e584-dc4b-4518-8940-fecf431590b8,Organizational,,dbanksay@comsenz.com
c8a9e584-dc4b-4518-8940-fecf431590b8,Other,true,amartinaz@xrea.com
9225d704-fb74-4bed-94d3-6665c49864f6,Home,false,lweaverb0@oaic.gov.au
9225d704-fb74-4bed-94d3-6665c49864f6,Work,true,dryanb1@cnn.com
9225d704-fb74-4bed-94d3-6665c49864f6,Organizational,true,whuntb2@chronoengine.com
9225d704-fb74-4bed-94d3-6665c49864f6,Other,true,srichardsonb3@wunderground.com
3de5a9a8-9668-4865-8c76-4b9c43d58e11,Home,false,sfloresb4@pagesperso-orange.fr
3de5a9a8-9668-4865-8c76-4b9c43d58e11,Work,true,awelchb5@webs.com
3de5a9a8-9668-4865-8c76-4b9c43d58e11,Organizational,true,jrobertsonb6@howstuffworks.com
3de5a9a8-9668-4865-8c76-4b9c43d58e11,Other,true,mwoodsb7@chronoengine.com
d0c3ae1a-0b24-48b9-94b7-2d50138c5d82,Home,true,jmedinab8@rambler.ru
d0c3ae1a-0b24-48b9-94b7-2d50138c5d82,Work,true,cfieldsb9@ustream.tv
d0c3ae1a-0b24-48b9-94b7-2d50138c5d82,Organizational,true,rcarpenterba@constantcontact.com
d0c3ae1a-0b24-48b9-94b7-2d50138c5d82,Other,true,wgarzabb@cocolog-nifty.com
81856336-179d-4925-ab8f-0f0d72bce9ef,Home,true,abakerbc@eepurl.com
81856336-179d-4925-ab8f-0f0d72bce9ef,Work,true,rcookbd@123-reg.co.uk
81856336-179d-4925-ab8f-0f0d72bce9ef,Organizational,,mmartinezbe@1688.com
81856336-179d-4925-ab8f-0f0d72bce9ef,Other,false,gwilliamsbf@google.nl
323a9f18-82eb-4833-8733-3a21cd4f862c,Home,false,rcarpenterbg@npr.org
323a9f18-82eb-4833-8733-3a21cd4f862c,Work,true,
323a9f18-82eb-4833-8733-3a21cd4f862c,Organizational,false,aalexanderbi@jigsy.com
323a9f18-82eb-4833-8733-3a21cd4f862c,Other,false,dkelleybj@foxnews.com
a22d6f3b-804d-4dbe-8cb4-894b57dc32d1,,false,bfoxbk@google.fr
a22d6f3b-804d-4dbe-8cb4-894b57dc32d1,Work,true,gcookbl@reddit.com
a22d6f3b-804d-4dbe-8cb4-894b57dc32d1,Organizational,true,tryanbm@youku.com
a22d6f3b-804d-4dbe-8cb4-894b57dc32d1,Other,true,hsmithbn@cargocollective.com
87f53400-b1ad-4174-afdd-3783ce195c54,Home,false,jwagnerbo@so-net.ne.jp
87f53400-b1ad-4174-afdd-3783ce195c54,Work,true,tperkinsbp@berkeley.edu
87f53400-b1ad-4174-afdd-3783ce195c54,Organizational,false,jarmstrongbq@jalbum.net
87f53400-b1ad-4174-afdd-3783ce195c54,Other,true,alawsonbr@bravesites.com
c6810190-680f-44eb-9392-e06d51b265b8,Home,false,ssimmonsbs@blogspot.com
c6810190-680f-44eb-9392-e06d51b265b8,Work,false,dpowellbt@sciencedaily.com
c6810190-680f-44eb-9392-e06d51b265b8,Organizational,true,hwillisbu@friendfeed.com
c6810190-680f-44eb-9392-e06d51b265b8,Other,false,preedbv@nasa.gov
c8f052e8-69ec-4274-b509-4f2f15595567,Home,false,fhughesbw@1688.com
c8f052e8-69ec-4274-b509-4f2f15595567,Work,false,hspencerbx@hhs.gov
c8f052e8-69ec-4274-b509-4f2f15595567,Organizational,false,cryanby@joomla.org
c8f052e8-69ec-4274-b509-4f2f15595567,Other,true,dgilbertbz@dagondesign.com
1af5295a-f77d-49ea-9db0-73468f781ea3,Home,,bbryantc0@themeforest.net
1af5295a-f77d-49ea-9db0-73468f781ea3,Work,true,hhowellc1@wufoo.com
1af5295a-f77d-49ea-9db0-73468f781ea3,Organizational,true,sporterc2@vinaora.com
1af5295a-f77d-49ea-9db0-73468f781ea3,Other,false,sdunnc3@cafepress.com
16f515c4-470b-4b6e-8c5f-30778b273a05,Home,true,jyoungc4@webnode.com
16f515c4-470b-4b6e-8c5f-30778b273a05,Work,true,gfosterc5@phpbb.com
16f515c4-470b-4b6e-8c5f-30778b273a05,Organizational,false,klarsonc6@csmonitor.com
16f515c4-470b-4b6e-8c5f-30778b273a05,Other,true,gbanksc7@feedburner.com
19d55c7b-46ae-48dc-b2d8-448708675dd2,Home,true,ndixonc8@slideshare.net
19d55c7b-46ae-48dc-b2d8-448708675dd2,Work,false,jwillisc9@woothemes.com
19d55c7b-46ae-48dc-b2d8-448708675dd2,Organizational,false,jvasquezca@csmonitor.com
19d55c7b-46ae-48dc-b2d8-448708675dd2,,true,ngriffincb@hexun.com
b1cf7b93-ec0a-4dd8-95bb-674f6fa361ec,Home,true,mharriscc@wix.com
b1cf7b93-ec0a-4dd8-95bb-674f6fa361ec,Work,false,agordoncd@altervista.org
b1cf7b93-ec0a-4dd8-95bb-674f6fa361ec,Organizational,true,wrobinsonce@abc.net.au
b1cf7b93-ec0a-4dd8-95bb-674f6fa361ec,Other,true,jcolecf@newsvine.com
941d0020-3501-42ce-b439-e4a886bda6f0,Home,true,jbennettcg@slideshare.net
941d0020-3501-42ce-b439-e4a886bda6f0,Work,false,ssimmonsch@tmall.com
941d0020-3501-42ce-b439-e4a886bda6f0,Organizational,true,jfisherci@newsvine.com
941d0020-3501-42ce-b439-e4a886bda6f0,Other,true,lwashingtoncj@dmoz.org
27314552-60bc-4c78-9a98-9584dbbac3f6,Home,true,thicksck@liveinternet.ru
27314552-60bc-4c78-9a98-9584dbbac3f6,Work,true,rbaileycl@mtv.com
27314552-60bc-4c78-9a98-9584dbbac3f6,Organizational,false,sdanielscm@businessinsider.com
27314552-60bc-4c78-9a98-9584dbbac3f6,Other,true,
01f7d441-37a0-4160-8bf1-4d0d6eb95e9a,Home,true,elawrenceco@virginia.edu
01f7d441-37a0-4160-8bf1-4d0d6eb95e9a,Work,true,kchapmancp@networkadvertising.org
01f7d441-37a0-4160-8bf1-4d0d6eb95e9a,Organizational,false,dgibsoncq@berkeley.edu
01f7d441-37a0-4160-8bf1-4d0d6eb95e9a,,true,esimmonscr@ocn.ne.jp
7d134d6b-66f9-43a7-aeb8-39c8a430ec77,Home,false,lbaileycs@flavors.me
7d134d6b-66f9-43a7-aeb8-39c8a430ec77,Work,true,jparkerct@amazon.co.uk
7d134d6b-66f9-43a7-aeb8-39c8a430ec77,Organizational,true,kthomascu@artisteer.com
7d134d6b-66f9-43a7-aeb8-39c8a430ec77,Other,false,gfoxcv@hugedomains.com
946333cf-c1fc-4ff5-9b81-4ca5bc7ff214,Home,true,sfullercw@arstechnica.com
946333cf-c1fc-4ff5-9b81-4ca5bc7ff214,Work,true,tlawrencecx@netlog.com
946333cf-c1fc-4ff5-9b81-4ca5bc7ff214,Organizational,true,cgomezcy@twitpic.com
946333cf-c1fc-4ff5-9b81-4ca5bc7ff214,Other,false,ralvarezcz@discovery.com
ff396af1-c1da-4678-aebc-eb1d03fdf867,Home,false,tweaverd0@gizmodo.com
ff396af1-c1da-4678-aebc-eb1d03fdf867,Work,false,sevansd1@umn.edu
ff396af1-c1da-4678-aebc-eb1d03fdf867,Organizational,false,rblackd2@canalblog.com
ff396af1-c1da-4678-aebc-eb1d03fdf867,Other,false,iwrightd3@stumbleupon.com
572a346d-52c0-48f6-939f-11205be77c0b,Home,false,rcarpenterd4@bandcamp.com
572a346d-52c0-48f6-939f-11205be77c0b,Work,false,skennedyd5@qq.com
572a346d-52c0-48f6-939f-11205be77c0b,Organizational,true,ssimpsond6@google.pl
572a346d-52c0-48f6-939f-11205be77c0b,Other,true,rrileyd7@springer.com
72af6e5b-e044-49bb-bf09-012dfa5406ff,Home,false,bduncand8@i2i.jp
72af6e5b-e044-49bb-bf09-012dfa5406ff,Work,true,pcarrd9@printfriendly.com
72af6e5b-e044-49bb-bf09-012dfa5406ff,Organizational,true,dgilbertda@xrea.com
72af6e5b-e044-49bb-bf09-012dfa5406ff,Other,false,astonedb@blogs.com
ddbe9c67-175b-4d3a-9aba-0b19c616a0ed,Home,false,jleedc@prnewswire.com
ddbe9c67-175b-4d3a-9aba-0b19c616a0ed,Work,true,sgarzadd@barnesandnoble.com
ddbe9c67-175b-4d3a-9aba-0b19c616a0ed,Organizational,true,tdayde@smh.com.au
ddbe9c67-175b-4d3a-9aba-0b19c616a0ed,Other,true,dshawdf@symantec.com
6fb0960f-52eb-439e-a8e2-89725cefc95e,Home,false,sramirezdg@meetup.com
6fb0960f-52eb-439e-a8e2-89725cefc95e,Work,true,jadamsdh@sogou.com
6fb0960f-52eb-439e-a8e2-89725cefc95e,Organizational,false,estephensdi@guardian.co.uk
6fb0960f-52eb-439e-a8e2-89725cefc95e,Other,false,
fdce4668-1c42-45df-9819-e506c9e3c179,Home,false,rcookdk@sitemeter.com
fdce4668-1c42-45df-9819-e506c9e3c179,Work,true,treeddl@unc.edu
fdce4668-1c42-45df-9819-e506c9e3c179,Organizational,false,
fdce4668-1c42-45df-9819-e506c9e3c179,Other,false,bruizdn@goo.ne.jp
7cf55105-5df1-42ee-8af3-02ca9ee1a0a1,Home,true,pcookdo@cnn.com
7cf55105-5df1-42ee-8af3-02ca9ee1a0a1,Work,true,eallendp@aboutads.info
7cf55105-5df1-42ee-8af3-02ca9ee1a0a1,Organizational,false,mshawdq@cargocollective.com
7cf55105-5df1-42ee-8af3-02ca9ee1a0a1,Other,false,eaustindr@topsy.com
104be538-f403-402c-a063-5422daa8b770,Home,true,mwallaceds@liveinternet.ru
104be538-f403-402c-a063-5422daa8b770,Work,false,jcruzdt@businessinsider.com
104be538-f403-402c-a063-5422daa8b770,,true,jmorrisondu@friendfeed.com
104be538-f403-402c-a063-5422daa8b770,Other,false,mparkerdv@ezinearticles.com
d1e29a4d-56d4-4bc2-b3d5-fae2a2012b47,Home,true,pgarciadw@dedecms.com
d1e29a4d-56d4-4bc2-b3d5-fae2a2012b47,Work,false,jruizdx@reddit.com
d1e29a4d-56d4-4bc2-b3d5-fae2a2012b47,Organizational,false,bmorrisdy@ow.ly
d1e29a4d-56d4-4bc2-b3d5-fae2a2012b47,Other,false,jpetersondz@statcounter.com
f362e5e0-48e4-4a00-aedf-fdebc344d334,Home,false,sstevense0@barnesandnoble.com
f362e5e0-48e4-4a00-aedf-fdebc344d334,Work,true,jjohnstone1@live.com
f362e5e0-48e4-4a00-aedf-fdebc344d334,Organizational,true,hscotte2@shutterfly.com
f362e5e0-48e4-4a00-aedf-fdebc344d334,Other,true,srobinsone3@paginegialle.it
a44c905b-0017-4e18-943c-29500eb019c0,Home,true,scruze4@google.co.uk
a44c905b-0017-4e18-943c-29500eb019c0,Work,true,amurphye5@fda.gov
a44c905b-0017-4e18-943c-29500eb019c0,Organizational,true,jwebbe6@usgs.gov
a44c905b-0017-4e18-943c-29500eb019c0,Other,true,kvasqueze7@miitbeian.gov.cn
e5adad20-1b0a-42ac-828d-7ca98e9f7949,Home,true,jreyese8@toplist.cz
e5adad20-1b0a-42ac-828d-7ca98e9f7949,Work,false,lstephense9@hostgator.com
e5adad20-1b0a-42ac-828d-7ca98e9f7949,Organizational,false,jfordea@sphinn.com
e5adad20-1b0a-42ac-828d-7ca98e9f7949,Other,false,fwesteb@state.tx.us
9a1782fa-b507-4a2f-ae5d-8ef1d8e58807,Home,false,mclarkec@histats.com
9a1782fa-b507-4a2f-ae5d-8ef1d8e58807,Work,false,rmillsed@soundcloud.com
9a1782fa-b507-4a2f-ae5d-8ef1d8e58807,Organizational,false,jpriceee@sitemeter.com
9a1782fa-b507-4a2f-ae5d-8ef1d8e58807,Other,false,atorresef@lycos.com
9f9355ae-1434-4e89-977c-f6f96fd70c34,Home,false,rroseeg@skyrock.com
9f9355ae-1434-4e89-977c-f6f96fd70c34,Work,false,awrighteh@sbwire.com
9f9355ae-1434-4e89-977c-f6f96fd70c34,Organizational,false,sleeei@i2i.jp
9f9355ae-1434-4e89-977c-f6f96fd70c34,Other,true,breynoldsej@dion.ne.jp
a7713db4-62bd-4cd3-a15f-45c975b5c9f4,Home,false,mwallaceek@google.co.jp
a7713db4-62bd-4cd3-a15f-45c975b5c9f4,Work,false,ccolemanel@guardian.co.uk
a7713db4-62bd-4cd3-a15f-45c975b5c9f4,Organizational,true,prichardsonem@reddit.com
a7713db4-62bd-4cd3-a15f-45c975b5c9f4,Other,true,jfieldsen@ow.ly
699edb0e-a591-458c-9077-a0a172beb18f,Home,false,jfieldseo@ihg.com
699edb0e-a591-458c-9077-a0a172beb18f,Work,false,
699edb0e-a591-458c-9077-a0a172beb18f,Organizational,true,jfordeq@ca.gov
699edb0e-a591-458c-9077-a0a172beb18f,Other,false,jdaviser@godaddy.com
10f27a0e-72ad-4672-afb5-f93aaa4cabec,,true,aduncanes@barnesandnoble.com
10f27a0e-72ad-4672-afb5-f93aaa4cabec,Work,false,jreyeset@marriott.com
10f27a0e-72ad-4672-afb5-f93aaa4cabec,Organizational,true,rfowlereu@mayoclinic.com
10f27a0e-72ad-4672-afb5-f93aaa4cabec,Other,false,ppetersev@trellian.com
fa3c066f-a667-4c44-930b-5ecdb0b5d029,Home,false,nmeyerew@youku.com
fa3c066f-a667-4c44-930b-5ecdb0b5d029,Work,,epetersex@mac.com
fa3c066f-a667-4c44-930b-5ecdb0b5d029,Organizational,false,tperkinsey@clickbank.net
fa3c066f-a667-4c44-930b-5ecdb0b5d029,Other,true,jburkeez@google.ca
88673b1b-c739-4dbf-8fe1-16d2975bd851,Home,false,kbarnesf0@fc2.com
88673b1b-c739-4dbf-8fe1-16d2975bd851,Work,false,jbakerf1@jimdo.com
88673b1b-c739-4dbf-8fe1-16d2975bd851,Organizational,true,swrightf2@geocities.com
88673b1b-c739-4dbf-8fe1-16d2975bd851,Other,true,jmooref3@vkontakte.ru
6c35ca27-2c58-4ead-be91-62f143bcad71,Home,false,pbrooksf4@wordpress.com
6c35ca27-2c58-4ead-be91-62f143bcad71,Work,false,kmooref5@gov.uk
6c35ca27-2c58-4ead-be91-62f143bcad71,Organizational,false,dgutierrezf6@skyrock.com
6c35ca27-2c58-4ead-be91-62f143bcad71,Other,true,lbennettf7@yandex.ru
f28f513b-a556-437b-995c-49daa60d347b,Home,true,
f28f513b-a556-437b-995c-49daa60d347b,Work,true,htaylorf9@amazon.co.jp
f28f513b-a556-437b-995c-49daa60d347b,Organizational,false,kwelchfa@accuweather.com
f28f513b-a556-437b-995c-49daa60d347b,Other,false,lnicholsfb@php.net
0097e8d5-84ed-43e0-a28d-78a1a20ae7c8,Home,false,jjonesfc@myspace.com
0097e8d5-84ed-43e0-a28d-78a1a20ae7c8,Work,false,nbutlerfd@biblegateway.com
0097e8d5-84ed-43e0-a28d-78a1a20ae7c8,Organizational,false,srussellfe@tumblr.com
0097e8d5-84ed-43e0-a28d-78a1a20ae7c8,Other,true,wcooperff@npr.org
1267e9f3-0472-4def-89fd-df829dc6bd43,Home,true,pedwardsfg@fastcompany.com
1267e9f3-0472-4def-89fd-df829dc6bd43,Work,false,agonzalezfh@squidoo.com
1267e9f3-0472-4def-89fd-df829dc6bd43,Organizational,false,sriverafi@w3.org
1267e9f3-0472-4def-89fd-df829dc6bd43,Other,false,swalkerfj@ucoz.ru
86082845-80a1-4035-9b94-8ac490998f7d,Home,false,breedfk@canalblog.com
86082845-80a1-4035-9b94-8ac490998f7d,Work,true,aharperfl@tmall.com
86082845-80a1-4035-9b94-8ac490998f7d,Organizational,false,
86082845-80a1-4035-9b94-8ac490998f7d,Other,false,jjamesfn@mlb.com
4830e91c-82ad-48b9-9294-c757646a98a4,Home,false,gwashingtonfo@homestead.com
4830e91c-82ad-48b9-9294-c757646a98a4,Work,false,
4830e91c-82ad-48b9-9294-c757646a98a4,Organizational,false,cramosfq@ustream.tv
4830e91c-82ad-48b9-9294-c757646a98a4,Other,true,cmartinezfr@mashable.com
37169126-fd50-43c9-a41a-0db5280a1ddf,Home,true,jturnerfs@yellowpages.com
37169126-fd50-43c9-a41a-0db5280a1ddf,Work,false,jfergusonft@boston.com
37169126-fd50-43c9-a41a-0db5280a1ddf,Organizational,true,thartfu@alibaba.com
37169126-fd50-43c9-a41a-0db5280a1ddf,Other,true,
d1cc87ff-0669-45bb-ae42-b488bbcf6c1e,Home,true,hwrightfw@census.gov
d1cc87ff-0669-45bb-ae42-b488bbcf6c1e,Work,false,ascottfx@unesco.org
d1cc87ff-0669-45bb-ae42-b488bbcf6c1e,,true,eortizfy@blogtalkradio.com
d1cc87ff-0669-45bb-ae42-b488bbcf6c1e,Other,true,ghawkinsfz@vkontakte.ru
23f9f474-77d0-4000-906e-94ccc491f616,Home,false,wgibsong0@dailymail.co.uk
23f9f474-77d0-4000-906e-94ccc491f616,Work,true,jwestg1@cyberchimps.com
23f9f474-77d0-4000-906e-94ccc491f616,Organizational,false,rdanielsg2@google.fr
23f9f474-77d0-4000-906e-94ccc491f616,Other,true,rreyesg3@dyndns.org
0214d9c5-9b41-4e55-b6d4-7247a66185b9,Home,true,psnyderg4@un.org
0214d9c5-9b41-4e55-b6d4-7247a66185b9,Work,false,chansong5@jigsy.com
0214d9c5-9b41-4e55-b6d4-7247a66185b9,Organizational,false,ahicksg6@skype.com
0214d9c5-9b41-4e55-b6d4-7247a66185b9,Other,false,sdavisg7@twitpic.com
acdebf15-7885-49f5-9035-e4c4f556e9e7,,true,wstevensg8@qq.com
acdebf15-7885-49f5-9035-e4c4f556e9e7,Work,true,mellisg9@tripadvisor.com
acdebf15-7885-49f5-9035-e4c4f556e9e7,Organizational,true,blongga@cisco.com
acdebf15-7885-49f5-9035-e4c4f556e9e7,Other,false,dhicksgb@washingtonpost.com
65cc0978-9f12-471d-9aa5-528ee05c3523,Home,false,
65cc0978-9f12-471d-9aa5-528ee05c3523,Work,false,jmillsgd@infoseek.co.jp
65cc0978-9f12-471d-9aa5-528ee05c3523,Organizational,false,dmorrisonge@joomla.org
65cc0978-9f12-471d-9aa5-528ee05c3523,Other,true,hreyesgf@is.gd
1cc1f351-8042-4d47-9708-ec13114e068b,Home,false,dalexandergg@unc.edu
1cc1f351-8042-4d47-9708-ec13114e068b,Work,true,csimmonsgh@walmart.com
1cc1f351-8042-4d47-9708-ec13114e068b,Organizational,true,ewarrengi@t.co
1cc1f351-8042-4d47-9708-ec13114e068b,Other,true,pkimgj@squidoo.com
8c6ced7c-0235-43c0-9808-b7cc657eccd7,Home,false,pjordangk@ucoz.com
8c6ced7c-0235-43c0-9808-b7cc657eccd7,Work,true,tlawrencegl@shinystat.com
8c6ced7c-0235-43c0-9808-b7cc657eccd7,Organizational,false,wpattersongm@wikia.com
8c6ced7c-0235-43c0-9808-b7cc657eccd7,Other,true,
4004a2d3-cd25-435f-947e-34c92f7b7b85,Home,false,tkelleygo@addtoany.com
4004a2d3-cd25-435f-947e-34c92f7b7b85,Work,false,mmorrisongp@loc.gov
4004a2d3-cd25-435f-947e-34c92f7b7b85,Organizational,true,arodriguezgq@github.io
4004a2d3-cd25-435f-947e-34c92f7b7b85,Other,false,rlynchgr@mapy.cz
d7ebf363-7b1e-416e-ab0a-8f14f43daed0,Home,true,kmasongs@skyrock.com
d7ebf363-7b1e-416e-ab0a-8f14f43daed0,Work,true,jbishopgt@csmonitor.com
d7ebf363-7b1e-416e-ab0a-8f14f43daed0,Organizational,false,jhuntgu@umich.edu
d7ebf363-7b1e-416e-ab0a-8f14f43daed0,Other,true,pandrewsgv@1und1.de
fd901a5d-53a5-4551-90de-caa8f6130918,Home,false,cyounggw@rakuten.co.jp
fd901a5d-53a5-4551-90de-caa8f6130918,Work,false,cperrygx@bloglovin.com
fd901a5d-53a5-4551-90de-caa8f6130918,Organizational,false,jhenrygy@businessweek.com
fd901a5d-53a5-4551-90de-caa8f6130918,Other,true,
b0fea222-2367-48c6-a187-719184ba9d5b,Home,true,jruizh0@redcross.org
b0fea222-2367-48c6-a187-719184ba9d5b,Work,false,jmorenoh1@networkadvertising.org
b0fea222-2367-48c6-a187-719184ba9d5b,Organizational,false,jholmesh2@nationalgeographic.com
b0fea222-2367-48c6-a187-719184ba9d5b,Other,true,lramirezh3@g.co
44c87c50-82ea-4016-838e-ed0584b781b8,Home,true,fjacobsh4@theglobeandmail.com
44c87c50-82ea-4016-838e-ed0584b781b8,Work,true,ajonesh5@thetimes.co.uk
44c87c50-82ea-4016-838e-ed0584b781b8,Organizational,false,ghenryh6@newyorker.com
44c87c50-82ea-4016-838e-ed0584b781b8,Other,false,eadamsh7@networksolutions.com
7da4132b-cd6a-4936-a1ee-950226d5af09,Home,false,jhughesh8@wp.com
7da4132b-cd6a-4936-a1ee-950226d5af09,Work,false,mgriffinh9@xrea.com
7da4132b-cd6a-4936-a1ee-950226d5af09,Organizational,false,cmorganha@deviantart.com
7da4132b-cd6a-4936-a1ee-950226d5af09,Other,true,cnicholshb@usa.gov
ddb1f396-0f1a-418e-89e1-fb8dbe4e6ddf,Home,true,jhallhc@ebay.co.uk
ddb1f396-0f1a-418e-89e1-fb8dbe4e6ddf,Work,true,krobertsonhd@google.co.uk
ddb1f396-0f1a-418e-89e1-fb8dbe4e6ddf,Organizational,true,jcastillohe@networksolutions.com
ddb1f396-0f1a-418e-89e1-fb8dbe4e6ddf,Other,true,dmyershf@dedecms.com
e7fc2cc3-4e2b-46bd-a0cc-17c374090883,Home,false,wjenkinshg@homestead.com
e7fc2cc3-4e2b-46bd-a0cc-17c374090883,Work,true,hdixonhh@mozilla.com
e7fc2cc3-4e2b-46bd-a0cc-17c374090883,Organizational,false,jmoraleshi@shareasale.com
e7fc2cc3-4e2b-46bd-a0cc-17c374090883,Other,true,tgreenehj@tripod.com
fe302e0e-c141-4f7a-97c6-c932fd231f7c,Home,false,lreyeshk@123-reg.co.uk
fe302e0e-c141-4f7a-97c6-c932fd231f7c,Work,false,mellishl@accuweather.com
fe302e0e-c141-4f7a-97c6-c932fd231f7c,Organizational,false,mwardhm@fda.gov
fe302e0e-c141-4f7a-97c6-c932fd231f7c,Other,false,nfergusonhn@youku.com
72e54595-2847-48a4-93a6-2d780e16a792,Home,false,rthompsonho@ustream.tv
72e54595-2847-48a4-93a6-2d780e16a792,Work,true,kmeyerhp@reference.com
72e54595-2847-48a4-93a6-2d780e16a792,Organizational,true,larmstronghq@mlb.com
72e54595-2847-48a4-93a6-2d780e16a792,Other,false,rknighthr@cargocollective.com
91996ec0-ad22-4803-9511-241d7db7e5d5,Home,false,
91996ec0-ad22-4803-9511-241d7db7e5d5,,false,dperkinsht@wiley.com
91996ec0-ad22-4803-9511-241d7db7e5d5,Organizational,false,cbishophu@marketwatch.com
91996ec0-ad22-4803-9511-241d7db7e5d5,Other,false,ccolehv@sbwire.com
e1d17d49-7caf-4933-b0fa-af82d22b477b,Home,true,jsimpsonhw@blinklist.com
e1d17d49-7caf-4933-b0fa-af82d22b477b,Work,true,mmarshallhx@acquirethisname.com
e1d17d49-7caf-4933-b0fa-af82d22b477b,Organizational,true,hfowlerhy@desdev.cn
e1d17d49-7caf-4933-b0fa-af82d22b477b,Other,false,ehamiltonhz@wunderground.com
bf0c2ce9-42e1-40d7-9120-ef06b226eb79,Home,true,ssmithi0@addthis.com
bf0c2ce9-42e1-40d7-9120-ef06b226eb79,Work,true,harmstrongi1@answers.com
bf0c2ce9-42e1-40d7-9120-ef06b226eb79,Organizational,false,jshawi2@addthis.com
bf0c2ce9-42e1-40d7-9120-ef06b226eb79,Other,true,dbaileyi3@admin.ch
61d557fe-dd7a-4a88-b46f-b1c90df4366b,Home,true,cmoralesi4@google.co.uk
61d557fe-dd7a-4a88-b46f-b1c90df4366b,,false,ahansoni5@wired.com
61d557fe-dd7a-4a88-b46f-b1c90df4366b,Organizational,true,tpricei6@squidoo.com
61d557fe-dd7a-4a88-b46f-b1c90df4366b,Other,true,treyesi7@studiopress.com
83bd9784-e586-402e-b807-390755d1ac18,Home,false,tmoorei8@unblog.fr
83bd9784-e586-402e-b807-390755d1ac18,Work,true,bowensi9@hubpages.com
83bd9784-e586-402e-b807-390755d1ac18,Organizational,true,agonzalesia@wikimedia.org
83bd9784-e586-402e-b807-390755d1ac18,Other,false,rdeanib@nasa.gov
a8293fc4-059b-4991-bdf9-94f3c14f88c6,Home,true,asmithic@tinyurl.com
a8293fc4-059b-4991-bdf9-94f3c14f88c6,Work,true,sstephensid@engadget.com
a8293fc4-059b-4991-bdf9-94f3c14f88c6,Organizational,true,
a8293fc4-059b-4991-bdf9-94f3c14f88c6,Other,true,rwilsonif@gov.uk
b091e471-34ce-4c77-81d3-8263c47e83d8,Home,false,joliverig@nytimes.com
b091e471-34ce-4c77-81d3-8263c47e83d8,Work,false,wroseih@skype.com
b091e471-34ce-4c77-81d3-8263c47e83d8,Organizational,false,
b091e471-34ce-4c77-81d3-8263c47e83d8,Other,true,mwilliamsonij@blogs.com
d4ed0513-dbb6-4111-9349-d35ea50f2806,Home,true,rgonzalezik@psu.edu
d4ed0513-dbb6-4111-9349-d35ea50f2806,Work,true,pcollinsil@vk.com
d4ed0513-dbb6-4111-9349-d35ea50f2806,Organizational,false,jdunnim@usgs.gov
d4ed0513-dbb6-4111-9349-d35ea50f2806,Other,true,bburtonin@slashdot.org
ff8e3044-bb66-4f4d-9d11-ba97e2b7d751,Home,false,amurphyio@apple.com
ff8e3044-bb66-4f4d-9d11-ba97e2b7d751,Work,true,bruizip@businesswire.com
ff8e3044-bb66-4f4d-9d11-ba97e2b7d751,Organizational,true,wmorrisoniq@answers.com
ff8e3044-bb66-4f4d-9d11-ba97e2b7d751,Other,false,mhenryir@webnode.com
3799e7dc-903c-4b76-b232-5ad3078858a4,,false,pyoungis@chron.com
3799e7dc-903c-4b76-b232-5ad3078858a4,Work,true,nrobertsonit@seesaa.net
3799e7dc-903c-4b76-b232-5ad3078858a4,Organizational,true,jjacobsiu@walmart.com
3799e7dc-903c-4b76-b232-5ad3078858a4,Other,false,dhendersoniv@example.com
ce3dc76a-32d3-4922-8599-9846e6eb505d,Home,true,phernandeziw@noaa.gov
ce3dc76a-32d3-4922-8599-9846e6eb505d,Work,false,egardnerix@fda.gov
ce3dc76a-32d3-4922-8599-9846e6eb505d,,false,rbradleyiy@cpanel.net
ce3dc76a-32d3-4922-8599-9846e6eb505d,Other,false,jdeaniz@1und1.de
733987b7-3472-45fb-ab07-0234f45a610a,Home,true,ktuckerj0@bbc.co.uk
733987b7-3472-45fb-ab07-0234f45a610a,Work,true,bmitchellj1@uiuc.edu
733987b7-3472-45fb-ab07-0234f45a610a,Organizational,true,rmillsj2@slashdot.org
733987b7-3472-45fb-ab07-0234f45a610a,Other,true,rbarnesj3@youtu.be
08cda209-ae43-4939-96ca-30bb7d689dea,Home,false,ealvarezj4@so-net.ne.jp
08cda209-ae43-4939-96ca-30bb7d689dea,Work,true,jweaverj5@ucoz.com
08cda209-ae43-4939-96ca-30bb7d689dea,Organizational,true,rbrownj6@trellian.com
08cda209-ae43-4939-96ca-30bb7d689dea,Other,true,jmurphyj7@51.la
6219a8ab-bedf-4724-9ce4-6171c00a7437,Home,true,jnicholsj8@eepurl.com
6219a8ab-bedf-4724-9ce4-6171c00a7437,Work,true,ekellyj9@zimbio.com
6219a8ab-bedf-4724-9ce4-6171c00a7437,Organizational,true,chughesja@bbc.co.uk
6219a8ab-bedf-4724-9ce4-6171c00a7437,Other,false,wkingjb@dion.ne.jp
f9f1901b-e0bd-48c5-ba47-de214730a607,Home,false,cdayjc@java.com
f9f1901b-e0bd-48c5-ba47-de214730a607,Work,true,trobertsjd@hao123.com
f9f1901b-e0bd-48c5-ba47-de214730a607,Organizational,true,mporterje@skype.com
f9f1901b-e0bd-48c5-ba47-de214730a607,Other,true,jharrisonjf@163.com
f52c92c1-00ef-4667-9cfc-12e26a0d877a,Home,false,lmeyerjg@netlog.com
f52c92c1-00ef-4667-9cfc-12e26a0d877a,Work,true,ccarterjh@blogs.com
f52c92c1-00ef-4667-9cfc-12e26a0d877a,Organizational,false,kadamsji@ustream.tv
f52c92c1-00ef-4667-9cfc-12e26a0d877a,Other,false,mdanielsjj@redcross.org
c0b96404-5723-4401-8e1d-3e458ca32812,Home,false,mmccoyjk@shutterfly.com
c0b96404-5723-4401-8e1d-3e458ca32812,Work,false,agibsonjl@usda.gov
c0b96404-5723-4401-8e1d-3e458ca32812,Organizational,true,bwillisjm@shinystat.com
c0b96404-5723-4401-8e1d-3e458ca32812,Other,true,sstanleyjn@kickstarter.com
7b9a65f7-0974-4cf6-a7ed-71b651931245,Home,true,jharrisonjo@dedecms.com
7b9a65f7-0974-4cf6-a7ed-71b651931245,Work,true,hpetersonjp@google.pl
7b9a65f7-0974-4cf6-a7ed-71b651931245,Organizational,true,lkennedyjq@cam.ac.uk
7b9a65f7-0974-4cf6-a7ed-71b651931245,Other,true,lwatkinsjr@rediff.com
696e37ca-4d4c-4982-9688-1b2b2b9a3113,Home,false,bgonzalesjs@ovh.net
696e37ca-4d4c-4982-9688-1b2b2b9a3113,Work,false,ssmithjt@google.cn
696e37ca-4d4c-4982-9688-1b2b2b9a3113,,true,dsimpsonju@dailymotion.com
696e37ca-4d4c-4982-9688-1b2b2b9a3113,Other,true,gthompsonjv@ucla.edu
bf321e49-0947-47c0-9031-1c18364a82c5,,false,jbarnesjw@wordpress.com
bf321e49-0947-47c0-9031-1c18364a82c5,Work,false,dknightjx@discovery.com
bf321e49-0947-47c0-9031-1c18364a82c5,Organizational,false,smillsjy@adobe.com
bf321e49-0947-47c0-9031-1c18364a82c5,,true,mfosterjz@behance.net
298ebfa9-44bd-404c-837a-bce8ae86ea82,Home,false,jolsonk0@usnews.com
298ebfa9-44bd-404c-837a-bce8ae86ea82,Work,false,
298ebfa9-44bd-404c-837a-bce8ae86ea82,Organizational,true,nleek2@altervista.org
298ebfa9-44bd-404c-837a-bce8ae86ea82,Other,false,schavezk3@adobe.com
77557a8f-e438-44a7-9053-99fb2c9f6cc7,Home,true,jmoorek4@toplist.cz
77557a8f-e438-44a7-9053-99fb2c9f6cc7,Work,false,bcookk5@vistaprint.com
77557a8f-e438-44a7-9053-99fb2c9f6cc7,Organizational,true,
77557a8f-e438-44a7-9053-99fb2c9f6cc7,Other,false,bduncank7@geocities.jp
8ec285b8-b3db-4a1f-ada7-104738081edf,,true,jbowmank8@epa.gov
8ec285b8-b3db-4a1f-ada7-104738081edf,Work,false,hmccoyk9@nydailynews.com
8ec285b8-b3db-4a1f-ada7-104738081edf,Organizational,true,lwilliamska@stanford.edu
8ec285b8-b3db-4a1f-ada7-104738081edf,Other,false,rfloreskb@newyorker.com
d9ad1601-fc8d-4faf-823e-bf2ac4cb436d,Home,true,dalvarezkc@wufoo.com
d9ad1601-fc8d-4faf-823e-bf2ac4cb436d,Work,false,lgardnerkd@sbwire.com
d9ad1601-fc8d-4faf-823e-bf2ac4cb436d,Organizational,true,mmatthewske@usa.gov
d9ad1601-fc8d-4faf-823e-bf2ac4cb436d,Other,false,jelliottkf@github.io
79212893-ddf0-487f-9242-298dedd7018a,Home,false,dpetersonkg@1und1.de
79212893-ddf0-487f-9242-298dedd7018a,Work,false,astonekh@thetimes.co.uk
79212893-ddf0-487f-9242-298dedd7018a,Organizational,false,rgibsonki@paginegialle.it
79212893-ddf0-487f-9242-298dedd7018a,Other,false,ssimskj@t-online.de
ea52b743-dd86-4de2-8965-c7a4bd322860,Home,true,eraykk@blog.com
ea52b743-dd86-4de2-8965-c7a4bd322860,Work,false,cbradleykl@hibu.com
ea52b743-dd86-4de2-8965-c7a4bd322860,Organizational,false,jstephenskm@senate.gov
ea52b743-dd86-4de2-8965-c7a4bd322860,Other,false,dcrawfordkn@vimeo.com
ff3515f1-7a38-4001-bb2b-0980f08ea6ba,Home,false,earmstrongko@pagesperso-orange.fr
ff3515f1-7a38-4001-bb2b-0980f08ea6ba,Work,true,pcunninghamkp@usnews.com
ff3515f1-7a38-4001-bb2b-0980f08ea6ba,Organizational,true,abankskq@amazon.co.jp
ff3515f1-7a38-4001-bb2b-0980f08ea6ba,Other,false,dharveykr@forbes.com
16bc2663-f478-4a0a-9ecb-45df9992239d,Home,true,chayesks@wikispaces.com
16bc2663-f478-4a0a-9ecb-45df9992239d,Work,true,mreyeskt@wp.com
16bc2663-f478-4a0a-9ecb-45df9992239d,Organizational,true,nbradleyku@nba.com
16bc2663-f478-4a0a-9ecb-45df9992239d,Other,true,jcruzkv@jiathis.com
9e07cace-ab65-48f9-8d34-00260ab9066f,,false,lcunninghamkw@artisteer.com
9e07cace-ab65-48f9-8d34-00260ab9066f,Work,true,dcarrkx@meetup.com
9e07cace-ab65-48f9-8d34-00260ab9066f,Organizational,true,mmitchellky@usda.gov
9e07cace-ab65-48f9-8d34-00260ab9066f,Other,false,
1833c937-453b-4296-95fc-930e8c15ab5f,Home,false,jblackl0@simplemachines.org
1833c937-453b-4296-95fc-930e8c15ab5f,Work,false,ilongl1@etsy.com
1833c937-453b-4296-95fc-930e8c15ab5f,Organizational,true,crobertsonl2@t.co
1833c937-453b-4296-95fc-930e8c15ab5f,Other,false,jandersonl3@goo.ne.jp
89aea1b9-b77a-44a6-9e7c-90f790996f33,Home,false,pfordl4@nationalgeographic.com
89aea1b9-b77a-44a6-9e7c-90f790996f33,Work,false,dhowardl5@posterous.com
89aea1b9-b77a-44a6-9e7c-90f790996f33,Organizational,false,dmeyerl6@sina.com.cn
89aea1b9-b77a-44a6-9e7c-90f790996f33,Other,true,dscottl7@msu.edu
3a754efe-435a-4d49-9fe1-4a6a8d9d0160,Home,false,carmstrongl8@wp.com
3a754efe-435a-4d49-9fe1-4a6a8d9d0160,Work,true,jrileyl9@sitemeter.com
3a754efe-435a-4d49-9fe1-4a6a8d9d0160,Organizational,true,ncrawfordla@cbsnews.com
3a754efe-435a-4d49-9fe1-4a6a8d9d0160,Other,true,scollinslb@seattletimes.com
b4681f48-bc35-4400-9982-e8e726c5e6a0,Home,false,mkimlc@cbsnews.com
b4681f48-bc35-4400-9982-e8e726c5e6a0,Work,false,
b4681f48-bc35-4400-9982-e8e726c5e6a0,Organizational,false,jwalkerle@123-reg.co.uk
b4681f48-bc35-4400-9982-e8e726c5e6a0,Other,true,agardnerlf@sun.com
a41bfce0-b163-4f46-ba10-b22a357188be,Home,true,srogerslg@privacy.gov.au
a41bfce0-b163-4f46-ba10-b22a357188be,Work,true,bmendozalh@bigcartel.com
a41bfce0-b163-4f46-ba10-b22a357188be,Organizational,false,jsullivanli@ucoz.ru
a41bfce0-b163-4f46-ba10-b22a357188be,Other,false,wjenkinslj@friendfeed.com
0fb2eb74-78c2-4ad7-9ef4-2aacd665a070,Home,false,kgraylk@nytimes.com
0fb2eb74-78c2-4ad7-9ef4-2aacd665a070,,false,jphillipsll@smugmug.com
0fb2eb74-78c2-4ad7-9ef4-2aacd665a070,Organizational,false,dperezlm@reference.com
0fb2eb74-78c2-4ad7-9ef4-2aacd665a070,,false,npayneln@spotify.com
348792ef-abec-4e9a-96a3-f347e71fe071,Home,true,bhowardlo@apache.org
348792ef-abec-4e9a-96a3-f347e71fe071,Work,false,ckinglp@alibaba.com
348792ef-abec-4e9a-96a3-f347e71fe071,Organizational,true,bruizlq@cnn.com
348792ef-abec-4e9a-96a3-f347e71fe071,Other,false,cberrylr@mit.edu
cc570590-9261-4317-8a40-3c0004b5c816,Home,false,icookls@multiply.com
cc570590-9261-4317-8a40-3c0004b5c816,Work,false,sgonzaleslt@t-online.de
cc570590-9261-4317-8a40-3c0004b5c816,Organizational,true,jedwardslu@privacy.gov.au
cc570590-9261-4317-8a40-3c0004b5c816,Other,false,hreedlv@bloglines.com
bd7e33e8-d79a-4fb6-a3ce-d2101df2d6fe,Home,false,jpetersonlw@cnet.com
bd7e33e8-d79a-4fb6-a3ce-d2101df2d6fe,Work,true,smyerslx@nhs.uk
bd7e33e8-d79a-4fb6-a3ce-d2101df2d6fe,Organizational,false,fricely@constantcontact.com
bd7e33e8-d79a-4fb6-a3ce-d2101df2d6fe,Other,true,briveralz@issuu.com
c36bac32-cccd-4f60-b42d-5e86f8a5ffe5,Home,true,awheelerm0@tamu.edu
c36bac32-cccd-4f60-b42d-5e86f8a5ffe5,Work,true,jwestm1@technorati.com
c36bac32-cccd-4f60-b42d-5e86f8a5ffe5,Organizational,false,lsimpsonm2@stumbleupon.com
c36bac32-cccd-4f60-b42d-5e86f8a5ffe5,Other,true,jparkerm3@fc2.com
7a6a5c25-c6a9-4115-9cae-53dee4ace4d6,Home,false,tkellym4@opera.com
7a6a5c25-c6a9-4115-9cae-53dee4ace4d6,Work,false,bmendozam5@usgs.gov
7a6a5c25-c6a9-4115-9cae-53dee4ace4d6,Organizational,false,rhenrym6@nydailynews.com
7a6a5c25-c6a9-4115-9cae-53dee4ace4d6,Other,false,jcollinsm7@bluehost.com
fd244c13-4bda-45ef-907c-00b37b8252de,Home,true,elopezm8@telegraph.co.uk
fd244c13-4bda-45ef-907c-00b37b8252de,Work,false,twillism9@nydailynews.com
fd244c13-4bda-45ef-907c-00b37b8252de,Organizational,true,llittlema@so-net.ne.jp
fd244c13-4bda-45ef-907c-00b37b8252de,Other,true,dbanksmb@craigslist.org
4150c944-44be-48c9-a5c6-500399ae84f6,Home,false,jstevensmc@hibu.com
4150c944-44be-48c9-a5c6-500399ae84f6,Work,false,dbrooksmd@telegraph.co.uk
4150c944-44be-48c9-a5c6-500399ae84f6,,true,brichardsme@epa.gov
4150c944-44be-48c9-a5c6-500399ae84f6,Other,false,sjohnsonmf@is.gd
94e3e9b4-1526-4aef-af4b-8ca4b7625617,Home,true,kalexandermg@bloglines.com
94e3e9b4-1526-4aef-af4b-8ca4b7625617,Work,false,twheelermh@zimbio.com
94e3e9b4-1526-4aef-af4b-8ca4b7625617,Organizational,false,mlawrencemi@bluehost.com
94e3e9b4-1526-4aef-af4b-8ca4b7625617,Other,true,apattersonmj@twitter.com
c32a76cc-b488-4055-b405-4761a47cb179,Home,false,ncolemk@cbc.ca
c32a76cc-b488-4055-b405-4761a47cb179,Work,false,etuckerml@weather.com
c32a76cc-b488-4055-b405-4761a47cb179,Organizational,false,rmontgomerymm@yahoo.com
c32a76cc-b488-4055-b405-4761a47cb179,Other,false,jlynchmn@hhs.gov
64bbf33d-2ded-4419-99bf-08344e4d34b2,Home,false,mhendersonmo@icio.us
64bbf33d-2ded-4419-99bf-08344e4d34b2,Work,true,vpaynemp@wisc.edu
64bbf33d-2ded-4419-99bf-08344e4d34b2,Organizational,true,trogersmq@xrea.com
64bbf33d-2ded-4419-99bf-08344e4d34b2,Other,false,tcookmr@accuweather.com
45c6e9cf-1e17-47c4-ab6f-ddec826a8d8d,Home,false,ewallacems@woothemes.com
45c6e9cf-1e17-47c4-ab6f-ddec826a8d8d,Work,true,scampbellmt@wisc.edu
45c6e9cf-1e17-47c4-ab6f-ddec826a8d8d,Organizational,true,
45c6e9cf-1e17-47c4-ab6f-ddec826a8d8d,Other,true,kstewartmv@ycombinator.com
520190a0-32dc-409e-a01f-aeacdc1bb85f,Home,,kgarzamw@is.gd
520190a0-32dc-409e-a01f-aeacdc1bb85f,Work,false,kgarzamx@topsy.com
520190a0-32dc-409e-a01f-aeacdc1bb85f,Organizational,false,mcruzmy@globo.com
520190a0-32dc-409e-a01f-aeacdc1bb85f,Other,false,ledwardsmz@google.cn
89e832e2-a58e-4c6c-90c7-5fff5463fe91,Home,true,ckingn0@slashdot.org
89e832e2-a58e-4c6c-90c7-5fff5463fe91,Work,true,wharpern1@wix.com
89e832e2-a58e-4c6c-90c7-5fff5463fe91,Organizational,true,jalexandern2@oracle.com
89e832e2-a58e-4c6c-90c7-5fff5463fe91,Other,true,whernandezn3@tmall.com
c6eb7411-70df-4c2f-8d8b-fb0e59ddecfa,Home,false,jmoralesn4@cmu.edu
c6eb7411-70df-4c2f-8d8b-fb0e59ddecfa,Work,false,anguyenn5@state.tx.us
c6eb7411-70df-4c2f-8d8b-fb0e59ddecfa,Organizational,false,
c6eb7411-70df-4c2f-8d8b-fb0e59ddecfa,Other,false,rhuntn7@fema.gov
cadf7c02-0995-470a-af2d-973c49db80a1,Home,true,jpowelln8@ning.com
cadf7c02-0995-470a-af2d-973c49db80a1,Work,true,
cadf7c02-0995-470a-af2d-973c49db80a1,Organizational,true,smartinna@over-blog.com
cadf7c02-0995-470a-af2d-973c49db80a1,Other,true,dspencernb@example.com
bf541872-a195-4fb3-ab13-f50f2561755d,Home,false,mjohnstonnc@time.com
bf541872-a195-4fb3-ab13-f50f2561755d,Work,true,amarshallnd@prweb.com
bf541872-a195-4fb3-ab13-f50f2561755d,Organizational,false,cburkene@hexun.com
bf541872-a195-4fb3-ab13-f50f2561755d,Other,true,hwelchnf@deviantart.com
2d72bd8f-3505-4e1c-9b05-af9bb96b9d37,Home,false,rchavezng@hc360.com
2d72bd8f-3505-4e1c-9b05-af9bb96b9d37,Work,true,jberrynh@histats.com
2d72bd8f-3505-4e1c-9b05-af9bb96b9d37,Organizational,true,dwheelerni@nsw.gov.au
2d72bd8f-3505-4e1c-9b05-af9bb96b9d37,Other,false,pknightnj@icq.com
d056e263-b87c-4d94-8ac9-1701c9d21d25,Home,true,ddaynk@dot.gov
d056e263-b87c-4d94-8ac9-1701c9d21d25,Work,true,sgomeznl@cafepress.com
d056e263-b87c-4d94-8ac9-1701c9d21d25,Organizational,false,asimsnm@dagondesign.com
d056e263-b87c-4d94-8ac9-1701c9d21d25,Other,true,khowardnn@senate.gov
fb179a4f-528d-4400-b4d1-355c3c1a875f,,false,dbarnesno@chron.com
fb179a4f-528d-4400-b4d1-355c3c1a875f,Work,false,gbrownnp@nsw.gov.au
fb179a4f-528d-4400-b4d1-355c3c1a875f,Organizational,true,mphillipsnq@craigslist.org
fb179a4f-528d-4400-b4d1-355c3c1a875f,Other,true,braynr@cafepress.com
cca71f7e-0ac5-4ea2-a937-193289729b6e,Home,false,storresns@addthis.com
cca71f7e-0ac5-4ea2-a937-193289729b6e,Work,false,pandersonnt@businessinsider.com
cca71f7e-0ac5-4ea2-a937-193289729b6e,Organizational,true,ahendersonnu@businesswire.com
cca71f7e-0ac5-4ea2-a937-193289729b6e,Other,true,lharpernv@ehow.com
33b1d6cc-8111-4594-b189-55bd8b4f6538,Home,true,agraynw@gmpg.org
33b1d6cc-8111-4594-b189-55bd8b4f6538,Work,true,plopeznx@about.me
33b1d6cc-8111-4594-b189-55bd8b4f6538,Organizational,false,cfranklinny@npr.org
33b1d6cc-8111-4594-b189-55bd8b4f6538,Other,true,
b3f599a4-7514-49be-9956-d03363df053f,Home,false,cstoneo0@yolasite.com
b3f599a4-7514-49be-9956-d03363df053f,Work,true,mmedinao1@zimbio.com
b3f599a4-7514-49be-9956-d03363df053f,Organizational,false,cgordono2@businessweek.com
b3f599a4-7514-49be-9956-d03363df053f,Other,true,rgonzalezo3@accuweather.com
c853bcc5-f6f5-45c2-bc50-139ca31f9310,Home,true,ewoodo4@newyorker.com
c853bcc5-f6f5-45c2-bc50-139ca31f9310,Work,true,kcastilloo5@sakura.ne.jp
c853bcc5-f6f5-45c2-bc50-139ca31f9310,Organizational,false,lmillso6@wix.com
c853bcc5-f6f5-45c2-bc50-139ca31f9310,Other,true,kjohnstono7@tinypic.com
344da5a3-a69b-4535-8514-4a8dbff776b1,Home,false,lwellso8@geocities.jp
344da5a3-a69b-4535-8514-4a8dbff776b1,Work,false,jpeterso9@ed.gov
344da5a3-a69b-4535-8514-4a8dbff776b1,Organizational,true,kgrahamoa@eepurl.com
344da5a3-a69b-4535-8514-4a8dbff776b1,Other,false,vcunninghamob@noaa.gov
07df0ea7-c773-4d23-ae9f-9a266222b49a,Home,false,rdixonoc@msu.edu
07df0ea7-c773-4d23-ae9f-9a266222b49a,Work,false,vperryod@jugem.jp
07df0ea7-c773-4d23-ae9f-9a266222b49a,Organizational,false,krobertsoe@eepurl.com
07df0ea7-c773-4d23-ae9f-9a266222b49a,,false,salvarezof@printfriendly.com
ec82166a-579e-4f30-9385-6d873b178e35,Home,false,kadamsog@digg.com
ec82166a-579e-4f30-9385-6d873b178e35,Work,true,charrisonoh@sciencedaily.com
ec82166a-579e-4f30-9385-6d873b178e35,Organizational,false,scarroi@yelp.com
ec82166a-579e-4f30-9385-6d873b178e35,Other,true,nwestoj@huffingtonpost.com
17cc0419-6006-4480-8a8d-b0c7ad7ef577,Home,true,rmasonok@senate.gov
17cc0419-6006-4480-8a8d-b0c7ad7ef577,Work,false,pwelchol@technorati.com
17cc0419-6006-4480-8a8d-b0c7ad7ef577,Organizational,false,sromeroom@domainmarket.com
17cc0419-6006-4480-8a8d-b0c7ad7ef577,Other,false,lrayon@craigslist.org
695d4ae2-1d47-480a-a5d3-36673b3cad74,Home,false,rpetersonoo@netscape.com
695d4ae2-1d47-480a-a5d3-36673b3cad74,Work,false,ggreenop@ehow.com
695d4ae2-1d47-480a-a5d3-36673b3cad74,Organizational,false,jsandersoq@nationalgeographic.com
695d4ae2-1d47-480a-a5d3-36673b3cad74,Other,true,astewartor@dell.com
f226b784-bfc2-4f42-a1a4-6183590b19a8,Home,true,rmatthewsos@miibeian.gov.cn
f226b784-bfc2-4f42-a1a4-6183590b19a8,Work,false,jjacksonot@github.com
f226b784-bfc2-4f42-a1a4-6183590b19a8,Organizational,false,ggonzalezou@who.int
f226b784-bfc2-4f42-a1a4-6183590b19a8,Other,false,msimsov@amazon.com
10cd1ae1-8d60-4c14-b29f-29f48cee294b,Home,false,bmedinaow@springer.com
10cd1ae1-8d60-4c14-b29f-29f48cee294b,Work,true,emillerox@house.gov
10cd1ae1-8d60-4c14-b29f-29f48cee294b,Organizational,false,jphillipsoy@ihg.com
10cd1ae1-8d60-4c14-b29f-29f48cee294b,Other,true,jcookoz@zdnet.com
4526b353-7cc5-4e8d-a78e-18ceb7bd02be,Home,false,mhernandezp0@dedecms.com
4526b353-7cc5-4e8d-a78e-18ceb7bd02be,Work,true,jfranklinp1@umich.edu
4526b353-7cc5-4e8d-a78e-18ceb7bd02be,Organizational,true,wsimsp2@samsung.com
4526b353-7cc5-4e8d-a78e-18ceb7bd02be,Other,false,carmstrongp3@umich.edu
14dfdefe-9077-4ab4-a346-708c01172018,,true,kpowellp4@arizona.edu
14dfdefe-9077-4ab4-a346-708c01172018,Work,false,cfrazierp5@washingtonpost.com
14dfdefe-9077-4ab4-a346-708c01172018,Organizational,true,ahuntp6@ycombinator.com
14dfdefe-9077-4ab4-a346-708c01172018,Other,true,fandrewsp7@nymag.com
453d35e7-2e20-4625-a63d-7e483573809e,Home,false,glanep8@spotify.com
453d35e7-2e20-4625-a63d-7e483573809e,,true,kscottp9@ebay.co.uk
453d35e7-2e20-4625-a63d-7e483573809e,Organizational,false,ajamespa@cornell.edu
453d35e7-2e20-4625-a63d-7e483573809e,Other,false,khunterpb@usa.gov
e3a1d6ff-3109-469e-b850-de1d4b83653e,Home,true,ehickspc@slideshare.net
e3a1d6ff-3109-469e-b850-de1d4b83653e,Work,true,klanepd@rakuten.co.jp
e3a1d6ff-3109-469e-b850-de1d4b83653e,Organizational,true,gmorrispe@bloglines.com
e3a1d6ff-3109-469e-b850-de1d4b83653e,Other,true,afranklinpf@behance.net
5f7f2865-0b24-4d42-8293-a6fe1d104149,Home,false,scookpg@goo.gl
5f7f2865-0b24-4d42-8293-a6fe1d104149,Work,true,sperezph@zimbio.com
5f7f2865-0b24-4d42-8293-a6fe1d104149,Organizational,false,phansonpi@topsy.com
5f7f2865-0b24-4d42-8293-a6fe1d104149,Other,false,ccarrpj@cpanel.net
b8fea3ae-fb07-4256-a1e2-ce6ec08dd48d,Home,true,tstanleypk@reverbnation.com
b8fea3ae-fb07-4256-a1e2-ce6ec08dd48d,Work,true,dkennedypl@g.co
b8fea3ae-fb07-4256-a1e2-ce6ec08dd48d,Organizational,false,mjordanpm@youtu.be
b8fea3ae-fb07-4256-a1e2-ce6ec08dd48d,Other,true,driverapn@nbcnews.com
ed9b410d-6de1-4340-aed4-ff4230ace2cf,Home,false,lscottpo@tripod.com
ed9b410d-6de1-4340-aed4-ff4230ace2cf,Work,true,ahughespp@cnbc.com
ed9b410d-6de1-4340-aed4-ff4230ace2cf,Organizational,false,vharrisonpq@1688.com
ed9b410d-6de1-4340-aed4-ff4230ace2cf,Other,true,mnguyenpr@wix.com
61d1295b-0c55-4b26-97b1-12b129c20075,Home,true,bkellyps@surveymonkey.com
61d1295b-0c55-4b26-97b1-12b129c20075,Work,false,rfoxpt@lycos.com
61d1295b-0c55-4b26-97b1-12b129c20075,Organizational,false,cwatkinspu@blinklist.com
61d1295b-0c55-4b26-97b1-12b129c20075,Other,false,tlanepv@stanford.edu
307590f0-23d8-4a3e-b9b4-a8b8b948c5ff,Home,true,jthomaspw@hc360.com
307590f0-23d8-4a3e-b9b4-a8b8b948c5ff,Work,true,bsanchezpx@illinois.edu
307590f0-23d8-4a3e-b9b4-a8b8b948c5ff,Organizational,false,snguyenpy@posterous.com
307590f0-23d8-4a3e-b9b4-a8b8b948c5ff,Other,false,mdaypz@ifeng.com
0d515e48-0f26-4e3b-8fdb-46cd8d2fe3ac,Home,false,jwebbq0@nymag.com
0d515e48-0f26-4e3b-8fdb-46cd8d2fe3ac,Work,false,dnelsonq1@ustream.tv
0d515e48-0f26-4e3b-8fdb-46cd8d2fe3ac,Organizational,true,kriveraq2@slideshare.net
0d515e48-0f26-4e3b-8fdb-46cd8d2fe3ac,Other,false,jreyesq3@google.cn
5373380a-7b80-4856-88dd-b2731d814fae,Home,true,bburkeq4@prnewswire.com
5373380a-7b80-4856-88dd-b2731d814fae,Work,false,lreynoldsq5@pagesperso-orange.fr
5373380a-7b80-4856-88dd-b2731d814fae,Organizational,true,ealvarezq6@imageshack.us
5373380a-7b80-4856-88dd-b2731d814fae,Other,false,rcooperq7@reddit.com
21007f37-10b7-4623-bfdf-9a1f9a4d15bf,Home,false,pstephensq8@imdb.com
21007f37-10b7-4623-bfdf-9a1f9a4d15bf,Work,false,
21007f37-10b7-4623-bfdf-9a1f9a4d15bf,Organizational,false,mhillqa@goo.ne.jp
21007f37-10b7-4623-bfdf-9a1f9a4d15bf,Other,true,hwrightqb@skype.com
138dd7f0-8c65-4beb-8b17-e598f04ce063,Home,true,gwrightqc@cisco.com
138dd7f0-8c65-4beb-8b17-e598f04ce063,Work,true,bmorenoqd@unesco.org
138dd7f0-8c65-4beb-8b17-e598f04ce063,Organizational,false,farmstrongqe@usda.gov
138dd7f0-8c65-4beb-8b17-e598f04ce063,,false,jwarrenqf@baidu.com
f92efdaf-b8d7-41ca-98c2-3a03ff888fc9,Home,false,cgonzalesqg@forbes.com
f92efdaf-b8d7-41ca-98c2-3a03ff888fc9,Work,true,lperkinsqh@rakuten.co.jp
f92efdaf-b8d7-41ca-98c2-3a03ff888fc9,Organizational,true,mcarterqi@wikimedia.org
f92efdaf-b8d7-41ca-98c2-3a03ff888fc9,Other,true,kroseqj@cmu.edu
f3581ea9-9319-4088-9341-9914d2dd4ed7,Home,false,cgibsonqk@upenn.edu
f3581ea9-9319-4088-9341-9914d2dd4ed7,Work,false,kgarrettql@simplemachines.org
f3581ea9-9319-4088-9341-9914d2dd4ed7,Organizational,true,jthompsonqm@cnn.com
f3581ea9-9319-4088-9341-9914d2dd4ed7,Other,false,wfranklinqn@booking.com
94a7867d-70c2-4d30-b1f2-e740538c4c39,Home,,blopezqo@yahoo.com
94a7867d-70c2-4d30-b1f2-e740538c4c39,Work,false,krogersqp@npr.org
94a7867d-70c2-4d30-b1f2-e740538c4c39,Organizational,false,sburtonqq@mail.ru
94a7867d-70c2-4d30-b1f2-e740538c4c39,,false,ngreeneqr@cpanel.net
cfbf42de-d9b3-4d60-884f-dd757866cd8c,Home,false,rmillerqs@tuttocitta.it
cfbf42de-d9b3-4d60-884f-dd757866cd8c,Work,true,whamiltonqt@japanpost.jp
cfbf42de-d9b3-4d60-884f-dd757866cd8c,Organizational,false,ndixonqu@answers.com
cfbf42de-d9b3-4d60-884f-dd757866cd8c,Other,false,sschmidtqv@kickstarter.com
eb36e5d7-0055-4909-849d-0bdd3286add4,Home,true,jrichardsqw@harvard.edu
eb36e5d7-0055-4909-849d-0bdd3286add4,Work,false,charveyqx@networkadvertising.org
eb36e5d7-0055-4909-849d-0bdd3286add4,Organizational,false,mhendersonqy@va.gov
eb36e5d7-0055-4909-849d-0bdd3286add4,Other,true,ppayneqz@nhs.uk
7d6a1701-be0b-4220-8f67-d16322c6b042,Home,true,gstoner0@gizmodo.com
7d6a1701-be0b-4220-8f67-d16322c6b042,Work,true,mgarciar1@cdc.gov
7d6a1701-be0b-4220-8f67-d16322c6b042,Organizational,false,atuckerr2@mozilla.com
7d6a1701-be0b-4220-8f67-d16322c6b042,Other,,kwatsonr3@friendfeed.com
42ea2924-b61d-4da9-93b8-95f8c070eab6,Home,true,
42ea2924-b61d-4da9-93b8-95f8c070eab6,Work,false,ralvarezr5@netlog.com
42ea2924-b61d-4da9-93b8-95f8c070eab6,Organizational,true,jharrisr6@indiegogo.com
42ea2924-b61d-4da9-93b8-95f8c070eab6,Other,false,ebrooksr7@nhs.uk
555dbfcb-acf5-42ac-a9d0-a812bb702686,Home,false,aellisr8@xing.com
555dbfcb-acf5-42ac-a9d0-a812bb702686,Work,true,scarrollr9@bbb.org
555dbfcb-acf5-42ac-a9d0-a812bb702686,Organizational,false,jlynchra@nih.gov
555dbfcb-acf5-42ac-a9d0-a812bb702686,Other,true,jhunterrb@chron.com
414477f4-5d13-4d6e-9ba4-908d13a4b9d2,Home,true,mricerc@google.pl
414477f4-5d13-4d6e-9ba4-908d13a4b9d2,Work,true,arodriguezrd@vk.com
414477f4-5d13-4d6e-9ba4-908d13a4b9d2,Organizational,true,dclarkre@mashable.com
414477f4-5d13-4d6e-9ba4-908d13a4b9d2,Other,false,jfordrf@gmpg.org
91993edd-68bb-41d1-87e9-12f3d38fed61,Home,true,sgonzalesrg@webeden.co.uk
91993edd-68bb-41d1-87e9-12f3d38fed61,Work,true,sstonerh@upenn.edu
91993edd-68bb-41d1-87e9-12f3d38fed61,Organizational,false,pramirezri@deviantart.com
91993edd-68bb-41d1-87e9-12f3d38fed61,Other,false,jnicholsrj@narod.ru
cb4f94a9-00a7-4b42-b6fa-498934900468,Home,false,clewisrk@mit.edu
cb4f94a9-00a7-4b42-b6fa-498934900468,Work,false,scruzrl@noaa.gov
cb4f94a9-00a7-4b42-b6fa-498934900468,Organizational,true,lwillisrm@123-reg.co.uk
cb4f94a9-00a7-4b42-b6fa-498934900468,Other,false,cmorrisonrn@mediafire.com
e6472d2b-87c6-47aa-9127-5a1ab92a5be3,Home,true,knicholsro@discovery.com
e6472d2b-87c6-47aa-9127-5a1ab92a5be3,Work,true,awatkinsrp@webs.com
e6472d2b-87c6-47aa-9127-5a1ab92a5be3,Organizational,,epiercerq@imageshack.us
e6472d2b-87c6-47aa-9127-5a1ab92a5be3,Other,false,jleerr@infoseek.co.jp
