ExternalId,TelephoneNumberType,IsPrimary,TelephoneNumber
ee106749-8b53-445e-8bc9-1babc72372ff,Home,true,86-(374)548-6628
ee106749-8b53-445e-8bc9-1babc72372ff,Work,true,356-(670)947-4676
ee106749-8b53-445e-8bc9-1babc72372ff,Mobile,true,351-(494)219-0545
ee106749-8b53-445e-8bc9-1babc72372ff,Fax,true,976-(786)988-7390
ee106749-8b53-445e-8bc9-1babc72372ff,Other,false,86-(478)899-0175
0fdf4a69-1c16-47c6-9689-1429ee2c8a7e,Home,,351-(535)765-4741
0fdf4a69-1c16-47c6-9689-1429ee2c8a7e,Work,false,63-(799)213-0458
0fdf4a69-1c16-47c6-9689-1429ee2c8a7e,Mobile,true,62-(220)832-7262
0fdf4a69-1c16-47c6-9689-1429ee2c8a7e,Fax,true,51-(873)964-6338
0fdf4a69-1c16-47c6-9689-1429ee2c8a7e,Other,true,86-(948)629-6811
f5e9ec66-130e-4a75-b61b-af0f021d427d,Home,true,51-(946)255-4631
f5e9ec66-130e-4a75-b61b-af0f021d427d,Work,true,7-(373)529-7127
f5e9ec66-130e-4a75-b61b-af0f021d427d,Mobile,false,46-(245)160-7198
f5e9ec66-130e-4a75-b61b-af0f021d427d,Fax,false,62-(982)298-9401
f5e9ec66-130e-4a75-b61b-af0f021d427d,Other,true,63-(648)337-8317
95528926-7526-4f90-8c31-ac184d463d3c,Home,false,1-(573)654-6950
95528926-7526-4f90-8c31-ac184d463d3c,Work,false,57-(612)107-1420
95528926-7526-4f90-8c31-ac184d463d3c,Mobile,true,962-(773)751-9428
95528926-7526-4f90-8c31-ac184d463d3c,Fax,false,55-(978)941-2467
95528926-7526-4f90-8c31-ac184d463d3c,Other,true,1-(913)488-4465
174f8670-e1a3-46d4-877a-760e2a1245fe,Home,true,7-(895)347-9198
174f8670-e1a3-46d4-877a-760e2a1245fe,Work,true,62-(301)224-4553
174f8670-e1a3-46d4-877a-760e2a1245fe,Mobile,false,351-(598)131-0069
174f8670-e1a3-46d4-877a-760e2a1245fe,Fax,true,686-(317)639-4499
174f8670-e1a3-46d4-877a-760e2a1245fe,Other,false,55-(113)995-6894
2f8e0fca-8d79-4ba8-9f38-1020da8fe244,Home,false,880-(815)401-2074
2f8e0fca-8d79-4ba8-9f38-1020da8fe244,Work,false,86-(698)491-3238
2f8e0fca-8d79-4ba8-9f38-1020da8fe244,Mobile,true,55-(623)840-8306
2f8e0fca-8d79-4ba8-9f38-1020da8fe244,Fax,false,94-(827)140-7090
2f8e0fca-8d79-4ba8-9f38-1020da8fe244,Other,true,57-(165)693-2142
11d31ffd-ab83-4f56-91e6-c62213350951,Home,true,86-(335)378-9161
11d31ffd-ab83-4f56-91e6-c62213350951,Work,true,358-(473)582-9188
11d31ffd-ab83-4f56-91e6-c62213350951,Mobile,true,351-(644)639-1644
11d31ffd-ab83-4f56-91e6-c62213350951,Fax,true,86-(628)522-9985
11d31ffd-ab83-4f56-91e6-c62213350951,Other,true,86-(693)213-8525
588c4e4e-cd8d-4596-9d7b-462d3b8b6281,Home,false,63-(129)367-4140
588c4e4e-cd8d-4596-9d7b-462d3b8b6281,Work,false,51-(792)975-4844
588c4e4e-cd8d-4596-9d7b-462d3b8b6281,Mobile,true,34-(765)680-1175
588c4e4e-cd8d-4596-9d7b-462d3b8b6281,Fax,false,63-(427)253-7073
588c4e4e-cd8d-4596-9d7b-462d3b8b6281,Other,false,964-(751)949-7101
e53ccd20-535d-47a0-b8cf-ef08e248ff7c,Home,false,86-(671)325-4795
e53ccd20-535d-47a0-b8cf-ef08e248ff7c,Work,false,1-(847)344-4656
e53ccd20-535d-47a0-b8cf-ef08e248ff7c,Mobile,false,66-(934)446-6062
e53ccd20-535d-47a0-b8cf-ef08e248ff7c,Fax,true,86-(354)503-7994
e53ccd20-535d-47a0-b8cf-ef08e248ff7c,Other,false,48-(224)676-7884
1d782210-5cd8-4ef8-8241-18a4f191f1ed,Home,true,86-(447)490-9132
1d782210-5cd8-4ef8-8241-18a4f191f1ed,Work,true,54-(973)613-6920
1d782210-5cd8-4ef8-8241-18a4f191f1ed,Mobile,true,60-(123)287-0372
1d782210-5cd8-4ef8-8241-18a4f191f1ed,Fax,false,996-(158)392-4191
1d782210-5cd8-4ef8-8241-18a4f191f1ed,Other,false,63-(546)528-9501
ecbfe298-8f55-4969-83ba-d946ac01b798,Home,true,86-(832)611-6550
ecbfe298-8f55-4969-83ba-d946ac01b798,Work,false,63-(788)772-7276
ecbfe298-8f55-4969-83ba-d946ac01b798,Mobile,false,86-(577)881-9767
ecbfe298-8f55-4969-83ba-d946ac01b798,Fax,false,55-(197)248-0442
ecbfe298-8f55-4969-83ba-d946ac01b798,Other,true,856-(697)350-5944
e5a44abc-8d02-4b7b-a047-1b8a767b49a9,Home,false,269-(819)938-8853
e5a44abc-8d02-4b7b-a047-1b8a767b49a9,Work,true,370-(414)570-9053
e5a44abc-8d02-4b7b-a047-1b8a767b49a9,Mobile,false,86-(682)430-2846
e5a44abc-8d02-4b7b-a047-1b8a767b49a9,Fax,false,992-(819)155-0001
e5a44abc-8d02-4b7b-a047-1b8a767b49a9,Other,false,30-(542)837-0668
9a4ac4c7-ddb5-4e74-9ee9-a36fe20f87c0,Home,true,44-(208)684-2578
9a4ac4c7-ddb5-4e74-9ee9-a36fe20f87c0,Work,true,86-(971)617-0039
9a4ac4c7-ddb5-4e74-9ee9-a36fe20f87c0,Mobile,true,62-(242)778-1453
9a4ac4c7-ddb5-4e74-9ee9-a36fe20f87c0,Fax,true,86-(490)726-6377
9a4ac4c7-ddb5-4e74-9ee9-a36fe20f87c0,Other,true,7-(826)628-1321
02d2a6ed-ebf0-4b7b-b73b-4b9e2d862574,Home,true,30-(646)125-5878
02d2a6ed-ebf0-4b7b-b73b-4b9e2d862574,Work,true,92-(974)725-1598
02d2a6ed-ebf0-4b7b-b73b-4b9e2d862574,Mobile,true,385-(112)422-2476
02d2a6ed-ebf0-4b7b-b73b-4b9e2d862574,Fax,false,234-(574)549-3030
02d2a6ed-ebf0-4b7b-b73b-4b9e2d862574,Other,true,62-(781)367-2547
82a597be-9380-4b28-aaab-00ba876b5fd6,Home,,230-(268)183-8993
82a597be-9380-4b28-aaab-00ba876b5fd6,Work,true,52-(732)871-8127
82a597be-9380-4b28-aaab-00ba876b5fd6,Mobile,true,55-(790)877-5729
82a597be-9380-4b28-aaab-00ba876b5fd6,Fax,false,598-(455)971-4361
82a597be-9380-4b28-aaab-00ba876b5fd6,Other,false,62-(201)628-5920
cf733350-d28b-4752-9e13-e372e1615ef0,Home,false,33-(632)604-4031
cf733350-d28b-4752-9e13-e372e1615ef0,Work,false,86-(521)567-6685
cf733350-d28b-4752-9e13-e372e1615ef0,Mobile,true,677-(300)958-2613
cf733350-d28b-4752-9e13-e372e1615ef0,Fax,true,62-(356)282-5292
cf733350-d28b-4752-9e13-e372e1615ef0,Other,false,55-(155)557-3475
2eb33283-b5e0-4b83-9ac8-3d92debdb0db,Home,false,62-(326)747-6202
2eb33283-b5e0-4b83-9ac8-3d92debdb0db,Work,true,86-(381)720-4485
2eb33283-b5e0-4b83-9ac8-3d92debdb0db,Mobile,false,48-(264)869-0049
2eb33283-b5e0-4b83-9ac8-3d92debdb0db,Fax,false,54-(100)248-7222
2eb33283-b5e0-4b83-9ac8-3d92debdb0db,Other,true,62-(877)848-7445
9e57b4a0-03b3-422a-b460-e21552b6cd34,Home,false,63-(112)227-0735
9e57b4a0-03b3-422a-b460-e21552b6cd34,Work,true,66-(155)653-3803
9e57b4a0-03b3-422a-b460-e21552b6cd34,Mobile,false,595-(528)309-3423
9e57b4a0-03b3-422a-b460-e21552b6cd34,Fax,,966-(736)610-2011
9e57b4a0-03b3-422a-b460-e21552b6cd34,Other,true,86-(108)675-3964
1ffe3ae0-4aff-4613-90ac-f2724ae77bd0,Home,true,420-(829)790-9794
1ffe3ae0-4aff-4613-90ac-f2724ae77bd0,Work,false,7-(666)923-5702
1ffe3ae0-4aff-4613-90ac-f2724ae77bd0,Mobile,false,62-(874)924-5314
1ffe3ae0-4aff-4613-90ac-f2724ae77bd0,Fax,true,358-(425)326-8124
1ffe3ae0-4aff-4613-90ac-f2724ae77bd0,Other,true,48-(281)972-4079
980a3021-cb9b-499d-a804-d4bbaef9c472,Home,true,86-(804)665-0684
980a3021-cb9b-499d-a804-d4bbaef9c472,Work,true,92-(671)830-5205
980a3021-cb9b-499d-a804-d4bbaef9c472,Mobile,true,63-(345)705-1913
980a3021-cb9b-499d-a804-d4bbaef9c472,Fax,,380-(643)128-5657
980a3021-cb9b-499d-a804-d4bbaef9c472,Other,false,63-(424)378-1415
0dd444b2-1a61-4f8a-aa9e-1e7b544b9880,Home,false,1-(405)638-7533
0dd444b2-1a61-4f8a-aa9e-1e7b544b9880,Work,false,62-(427)312-2754
0dd444b2-1a61-4f8a-aa9e-1e7b544b9880,Mobile,false,51-(567)297-3622
0dd444b2-1a61-4f8a-aa9e-1e7b544b9880,,true,62-(871)925-7245
0dd444b2-1a61-4f8a-aa9e-1e7b544b9880,Other,false,880-(277)212-7600
08d0ed97-2908-4f17-989f-36c8192b02b7,,false,62-(379)309-1544
08d0ed97-2908-4f17-989f-36c8192b02b7,Work,true,255-(551)766-7791
08d0ed97-2908-4f17-989f-36c8192b02b7,Mobile,true,254-(827)242-0578
08d0ed97-2908-4f17-989f-36c8192b02b7,Fax,true,86-(355)384-4760
08d0ed97-2908-4f17-989f-36c8192b02b7,Other,true,420-(976)295-9165
d61fc78f-be19-4b33-b2c8-1efdc72ae093,Home,true,63-(494)993-2202
d61fc78f-be19-4b33-b2c8-1efdc72ae093,Work,true,242-(833)187-3600
d61fc78f-be19-4b33-b2c8-1efdc72ae093,Mobile,false,98-(138)360-5237
d61fc78f-be19-4b33-b2c8-1efdc72ae093,Fax,true,7-(184)750-7271
d61fc78f-be19-4b33-b2c8-1efdc72ae093,Other,true,86-(817)778-1128
5fd363cc-0ee4-43ae-acfd-e2b68befbb36,Home,false,1-(203)498-7511
5fd363cc-0ee4-43ae-acfd-e2b68befbb36,Work,false,7-(841)300-7774
5fd363cc-0ee4-43ae-acfd-e2b68befbb36,Mobile,false,55-(390)668-4550
5fd363cc-0ee4-43ae-acfd-e2b68befbb36,Fax,true,358-(134)374-8161
5fd363cc-0ee4-43ae-acfd-e2b68befbb36,Other,true,46-(648)931-2120
f5e18f4e-2cf5-4bf0-9e3c-c0436057501d,Home,true,249-(122)279-5849
f5e18f4e-2cf5-4bf0-9e3c-c0436057501d,Work,false,234-(504)917-3638
f5e18f4e-2cf5-4bf0-9e3c-c0436057501d,Mobile,false,86-(372)546-9707
f5e18f4e-2cf5-4bf0-9e3c-c0436057501d,Fax,false,62-(502)755-9125
f5e18f4e-2cf5-4bf0-9e3c-c0436057501d,Other,true,502-(450)844-2819
bde0cacf-c326-4e4b-91d9-dfa53b66c4f2,Home,true,7-(196)310-5124
bde0cacf-c326-4e4b-91d9-dfa53b66c4f2,Work,true,86-(762)328-7318
bde0cacf-c326-4e4b-91d9-dfa53b66c4f2,Mobile,false,970-(896)362-7338
bde0cacf-c326-4e4b-91d9-dfa53b66c4f2,Fax,false,55-(982)531-7911
bde0cacf-c326-4e4b-91d9-dfa53b66c4f2,Other,false,46-(955)210-2606
e617cd34-2cbc-4774-8b3d-0aace0050f3a,Home,true,380-(737)422-1808
e617cd34-2cbc-4774-8b3d-0aace0050f3a,Work,false,62-(794)826-9461
e617cd34-2cbc-4774-8b3d-0aace0050f3a,Mobile,true,30-(585)873-4078
e617cd34-2cbc-4774-8b3d-0aace0050f3a,Fax,true,86-(351)541-8462
e617cd34-2cbc-4774-8b3d-0aace0050f3a,Other,false,81-(228)712-3726
e62caee3-24fe-4a0e-ae21-2df02ec34520,Home,false,46-(677)187-7007
e62caee3-24fe-4a0e-ae21-2df02ec34520,Work,true,92-(156)678-4341
e62caee3-24fe-4a0e-ae21-2df02ec34520,Mobile,false,86-(861)944-4506
e62caee3-24fe-4a0e-ae21-2df02ec34520,Fax,,351-(824)450-2126
e62caee3-24fe-4a0e-ae21-2df02ec34520,Other,false,358-(680)804-0222
e6da1fed-7914-4c2f-954c-a88073f1d0f0,Home,false,62-(996)476-4919
e6da1fed-7914-4c2f-954c-a88073f1d0f0,Work,false,7-(481)870-9898
e6da1fed-7914-4c2f-954c-a88073f1d0f0,Mobile,true,389-(638)325-3359
e6da1fed-7914-4c2f-954c-a88073f1d0f0,,false,48-(289)522-4229
e6da1fed-7914-4c2f-954c-a88073f1d0f0,Other,false,62-(763)381-4811
d51ff0d7-8d51-4dea-be66-0a691245076c,Home,false,62-(724)170-9343
d51ff0d7-8d51-4dea-be66-0a691245076c,Work,true,351-(303)730-4188
d51ff0d7-8d51-4dea-be66-0a691245076c,Mobile,true,354-(392)686-8316
d51ff0d7-8d51-4dea-be66-0a691245076c,Fax,false,30-(261)334-6686
d51ff0d7-8d51-4dea-be66-0a691245076c,Other,true,46-(438)564-6304
010f86d2-6b3f-4da5-a406-e89826ff3a89,Home,true,62-(277)738-3537
010f86d2-6b3f-4da5-a406-e89826ff3a89,Work,false,57-(374)650-1268
010f86d2-6b3f-4da5-a406-e89826ff3a89,Mobile,false,63-(816)420-6144
010f86d2-6b3f-4da5-a406-e89826ff3a89,Fax,true,86-(971)618-2674
010f86d2-6b3f-4da5-a406-e89826ff3a89,Other,false,420-(916)212-8564
6e1952d4-5e18-49e5-830c-65bfc459c332,Home,false,51-(581)572-8908
6e1952d4-5e18-49e5-830c-65bfc459c332,Work,,380-(774)647-9578
6e1952d4-5e18-49e5-830c-65bfc459c332,Mobile,false,46-(743)383-9544
6e1952d4-5e18-49e5-830c-65bfc459c332,Fax,true,237-(269)382-3698
6e1952d4-5e18-49e5-830c-65bfc459c332,Other,true,62-(178)745-0766
6ae26051-e742-4848-b3ab-c5b43c5617da,Home,true,86-(895)370-8537
6ae26051-e742-4848-b3ab-c5b43c5617da,Work,true,62-(852)995-1099
6ae26051-e742-4848-b3ab-c5b43c5617da,Mobile,false,86-(334)572-7081
6ae26051-e742-4848-b3ab-c5b43c5617da,Fax,true,86-(523)490-7242
6ae26051-e742-4848-b3ab-c5b43c5617da,Other,false,53-(486)825-2770
b5a18002-0483-4d36-bf6c-1b8404b25f90,Home,true,30-(234)956-3556
b5a18002-0483-4d36-bf6c-1b8404b25f90,Work,false,86-(850)738-9520
b5a18002-0483-4d36-bf6c-1b8404b25f90,Mobile,true,996-(175)104-1100
b5a18002-0483-4d36-bf6c-1b8404b25f90,Fax,true,57-(500)899-5094
b5a18002-0483-4d36-bf6c-1b8404b25f90,Other,true,420-(305)552-6871
628f0035-07ac-4c95-a9e7-5bb4b4e2711e,Home,true,51-(254)945-3076
628f0035-07ac-4c95-a9e7-5bb4b4e2711e,Work,true,1-(864)345-4949
628f0035-07ac-4c95-a9e7-5bb4b4e2711e,Mobile,true,62-(391)206-4216
628f0035-07ac-4c95-a9e7-5bb4b4e2711e,Fax,false,63-(543)580-6450
628f0035-07ac-4c95-a9e7-5bb4b4e2711e,Other,false,1-(356)359-8655
aff19cd4-2f1b-4393-aa10-2b6318105c9d,Home,true,86-(541)733-7215
aff19cd4-2f1b-4393-aa10-2b6318105c9d,Work,false,81-(290)976-8541
aff19cd4-2f1b-4393-aa10-2b6318105c9d,Mobile,,86-(577)765-7453
aff19cd4-2f1b-4393-aa10-2b6318105c9d,Fax,true,57-(105)289-3618
aff19cd4-2f1b-4393-aa10-2b6318105c9d,Other,true,51-(741)177-4229
325b673f-2cfa-46a6-add1-de95aa02aada,Home,true,86-(752)511-1690
325b673f-2cfa-46a6-add1-de95aa02aada,Work,true,44-(552)304-4819
325b673f-2cfa-46a6-add1-de95aa02aada,Mobile,true,66-(299)577-9594
325b673f-2cfa-46a6-add1-de95aa02aada,Fax,true,86-(642)255-1793
325b673f-2cfa-46a6-add1-de95aa02aada,Other,true,86-(774)837-7857
b83593e3-1cd7-40b6-bd23-e2b50f26fc94,Home,false,36-(305)946-6917
b83593e3-1cd7-40b6-bd23-e2b50f26fc94,Work,,62-(452)102-4807
b83593e3-1cd7-40b6-bd23-e2b50f26fc94,Mobile,false,46-(697)907-2684
b83593e3-1cd7-40b6-bd23-e2b50f26fc94,Fax,false,86-(167)101-9085
b83593e3-1cd7-40b6-bd23-e2b50f26fc94,Other,true,62-(603)425-9147
ea7c432b-ae55-4c23-8a7f-2856630ac59a,Home,true,351-(317)481-3052
ea7c432b-ae55-4c23-8a7f-2856630ac59a,Work,,86-(510)144-9123
ea7c432b-ae55-4c23-8a7f-2856630ac59a,Mobile,false,262-(954)980-2457
ea7c432b-ae55-4c23-8a7f-2856630ac59a,Fax,true,82-(999)495-1340
ea7c432b-ae55-4c23-8a7f-2856630ac59a,Other,true,62-(256)806-3273
25f09c63-e04a-4831-a7eb-6fc5af86113e,Home,false,86-(225)515-2280
25f09c63-e04a-4831-a7eb-6fc5af86113e,Work,true,1-(616)320-5776
25f09c63-e04a-4831-a7eb-6fc5af86113e,Mobile,false,503-(819)243-3478
25f09c63-e04a-4831-a7eb-6fc5af86113e,Fax,true,381-(418)452-0437
25f09c63-e04a-4831-a7eb-6fc5af86113e,Other,true,62-(923)988-6907
e7530d57-6e40-4dbf-8d16-5b579831d714,Home,true,86-(426)483-8546
e7530d57-6e40-4dbf-8d16-5b579831d714,Work,false,86-(957)819-5606
e7530d57-6e40-4dbf-8d16-5b579831d714,Mobile,false,221-(955)111-2500
e7530d57-6e40-4dbf-8d16-5b579831d714,Fax,false,62-(465)516-4687
e7530d57-6e40-4dbf-8d16-5b579831d714,Other,false,66-(134)955-8339
e67d8def-8500-488c-bed7-cfae2d404813,Home,false,52-(266)534-6298
e67d8def-8500-488c-bed7-cfae2d404813,Work,false,33-(947)864-2494
e67d8def-8500-488c-bed7-cfae2d404813,Mobile,true,55-(102)578-6255
e67d8def-8500-488c-bed7-cfae2d404813,Fax,false,54-(788)442-2637
e67d8def-8500-488c-bed7-cfae2d404813,Other,true,63-(217)962-5579
621053b8-cbbc-4702-9f2d-f787dabc1b90,Home,true,93-(727)788-0512
621053b8-cbbc-4702-9f2d-f787dabc1b90,Work,true,507-(170)242-6714
621053b8-cbbc-4702-9f2d-f787dabc1b90,Mobile,false,48-(480)920-9205
621053b8-cbbc-4702-9f2d-f787dabc1b90,Fax,true,33-(934)874-1344
621053b8-cbbc-4702-9f2d-f787dabc1b90,Other,true,7-(450)771-5876
a3a1390d-2845-4255-aaa9-c14cbabbf83b,Home,false,1-(202)652-5589
a3a1390d-2845-4255-aaa9-c14cbabbf83b,Work,true,351-(295)800-6603
a3a1390d-2845-4255-aaa9-c14cbabbf83b,Mobile,true,51-(675)854-6314
a3a1390d-2845-4255-aaa9-c14cbabbf83b,Fax,true,86-(382)402-4986
a3a1390d-2845-4255-aaa9-c14cbabbf83b,Other,true,1-(740)469-7862
73ca8bb6-1bf1-40db-807d-7c7d3b79be48,Home,true,86-(634)289-2128
73ca8bb6-1bf1-40db-807d-7c7d3b79be48,Work,true,54-(874)415-2933
73ca8bb6-1bf1-40db-807d-7c7d3b79be48,Mobile,true,380-(109)252-5225
73ca8bb6-1bf1-40db-807d-7c7d3b79be48,Fax,true,251-(895)997-3413
73ca8bb6-1bf1-40db-807d-7c7d3b79be48,Other,true,86-(651)901-5304
1655f3a6-346c-4ece-9f36-75ba66666628,Home,false,63-(965)988-7500
1655f3a6-346c-4ece-9f36-75ba66666628,Work,false,386-(236)969-8400
1655f3a6-346c-4ece-9f36-75ba66666628,Mobile,false,63-(185)820-8870
1655f3a6-346c-4ece-9f36-75ba66666628,,false,375-(801)737-4135
1655f3a6-346c-4ece-9f36-75ba66666628,Other,true,256-(966)929-5692
e2de87f7-3179-4462-a791-d895db15f23a,Home,true,33-(196)830-6560
e2de87f7-3179-4462-a791-d895db15f23a,Work,true,55-(931)175-2857
e2de87f7-3179-4462-a791-d895db15f23a,Mobile,false,48-(914)459-8544
e2de87f7-3179-4462-a791-d895db15f23a,Fax,true,58-(485)861-5627
e2de87f7-3179-4462-a791-d895db15f23a,Other,false,382-(955)914-9664
900748e6-14b7-4646-a43f-5c98c940e81f,Home,false,967-(533)835-6309
900748e6-14b7-4646-a43f-5c98c940e81f,Work,false,46-(323)689-1305
900748e6-14b7-4646-a43f-5c98c940e81f,Mobile,true,86-(425)293-3991
900748e6-14b7-4646-a43f-5c98c940e81f,Fax,false,62-(379)464-4983
900748e6-14b7-4646-a43f-5c98c940e81f,Other,true,86-(585)770-6145
fd8e79eb-6dbf-487f-ab15-9d0f5f4ddfe6,Home,true,27-(799)124-7466
fd8e79eb-6dbf-487f-ab15-9d0f5f4ddfe6,Work,true,48-(452)247-0577
fd8e79eb-6dbf-487f-ab15-9d0f5f4ddfe6,Mobile,true,963-(449)682-0558
fd8e79eb-6dbf-487f-ab15-9d0f5f4ddfe6,Fax,false,86-(924)673-6772
fd8e79eb-6dbf-487f-ab15-9d0f5f4ddfe6,Other,true,62-(685)742-0480
b7408d00-476a-40bf-bcf5-c0c36445ad8f,Home,false,1-(321)119-4793
b7408d00-476a-40bf-bcf5-c0c36445ad8f,Work,,380-(810)922-6294
b7408d00-476a-40bf-bcf5-c0c36445ad8f,Mobile,true,351-(327)142-1030
b7408d00-476a-40bf-bcf5-c0c36445ad8f,Fax,true,420-(745)927-0150
b7408d00-476a-40bf-bcf5-c0c36445ad8f,Other,false,387-(529)670-8995
4be8ccb2-432b-47c4-b1d5-f8ca468363fc,Home,false,420-(775)952-3949
4be8ccb2-432b-47c4-b1d5-f8ca468363fc,Work,false,62-(745)900-4962
4be8ccb2-432b-47c4-b1d5-f8ca468363fc,Mobile,false,242-(462)464-8271
4be8ccb2-432b-47c4-b1d5-f8ca468363fc,Fax,true,86-(451)949-6447
4be8ccb2-432b-47c4-b1d5-f8ca468363fc,Other,false,86-(699)779-7473
556f72ea-4b84-4259-b5ef-3335f5ec1fd8,Home,true,7-(760)878-7555
556f72ea-4b84-4259-b5ef-3335f5ec1fd8,Work,true,7-(285)356-6327
556f72ea-4b84-4259-b5ef-3335f5ec1fd8,Mobile,true,359-(143)718-5271
556f72ea-4b84-4259-b5ef-3335f5ec1fd8,Fax,true,380-(223)909-3208
556f72ea-4b84-4259-b5ef-3335f5ec1fd8,Other,,359-(562)695-9431
a928ec76-6936-4502-90e0-610cd2088fa8,Home,false,86-(793)403-2929
a928ec76-6936-4502-90e0-610cd2088fa8,Work,true,963-(813)694-9394
a928ec76-6936-4502-90e0-610cd2088fa8,Mobile,false,92-(401)699-5381
a928ec76-6936-4502-90e0-610cd2088fa8,Fax,false,45-(511)299-3842
a928ec76-6936-4502-90e0-610cd2088fa8,Other,false,62-(677)385-0472
dfa0c743-ccdc-440d-b0d9-2d40a3e1e44c,Home,false,86-(711)674-7211
dfa0c743-ccdc-440d-b0d9-2d40a3e1e44c,Work,true,60-(765)752-4068
dfa0c743-ccdc-440d-b0d9-2d40a3e1e44c,Mobile,false,62-(875)676-7985
dfa0c743-ccdc-440d-b0d9-2d40a3e1e44c,Fax,true,33-(754)418-2484
dfa0c743-ccdc-440d-b0d9-2d40a3e1e44c,Other,false,86-(824)969-0684
4e2c2387-5e44-4ed9-99a1-77a52a96c630,Home,false,375-(107)354-0801
4e2c2387-5e44-4ed9-99a1-77a52a96c630,Work,false,62-(133)405-8301
4e2c2387-5e44-4ed9-99a1-77a52a96c630,Mobile,true,1-(816)956-5958
4e2c2387-5e44-4ed9-99a1-77a52a96c630,Fax,false,62-(119)986-9137
4e2c2387-5e44-4ed9-99a1-77a52a96c630,Other,false,86-(465)617-3586
fdda3016-6ee2-444a-8658-d2b72eacce63,Home,true,47-(319)269-0457
fdda3016-6ee2-444a-8658-d2b72eacce63,Work,true,7-(621)719-6076
fdda3016-6ee2-444a-8658-d2b72eacce63,Mobile,true,380-(802)789-5987
fdda3016-6ee2-444a-8658-d2b72eacce63,Fax,false,62-(482)343-6476
fdda3016-6ee2-444a-8658-d2b72eacce63,,,62-(590)668-8378
40afa08a-7ed7-48e2-90ef-52de56042126,Home,true,48-(143)752-0632
40afa08a-7ed7-48e2-90ef-52de56042126,Work,,55-(478)372-2642
40afa08a-7ed7-48e2-90ef-52de56042126,Mobile,false,375-(952)935-4120
40afa08a-7ed7-48e2-90ef-52de56042126,Fax,false,850-(528)914-7962
40afa08a-7ed7-48e2-90ef-52de56042126,Other,true,216-(235)228-5665
cf696b00-9967-4a2d-b8a1-f9eed6ae5d85,Home,true,62-(498)742-8066
cf696b00-9967-4a2d-b8a1-f9eed6ae5d85,,false,7-(111)663-6958
cf696b00-9967-4a2d-b8a1-f9eed6ae5d85,Mobile,true,856-(110)269-4996
cf696b00-9967-4a2d-b8a1-f9eed6ae5d85,Fax,false,7-(324)290-1106
cf696b00-9967-4a2d-b8a1-f9eed6ae5d85,Other,true,48-(236)474-4813
938e64d8-b339-4291-8c51-37063d177cbf,,false,60-(244)762-5208
938e64d8-b339-4291-8c51-37063d177cbf,Work,false,1-(378)259-4025
938e64d8-b339-4291-8c51-37063d177cbf,Mobile,,7-(809)686-4678
938e64d8-b339-4291-8c51-37063d177cbf,Fax,true,51-(153)508-3779
938e64d8-b339-4291-8c51-37063d177cbf,Other,true,233-(768)228-2966
6b4c3f9b-15cb-4bdb-b4fc-6b087ade4957,Home,false,48-(755)514-3196
6b4c3f9b-15cb-4bdb-b4fc-6b087ade4957,Work,false,591-(237)900-8993
6b4c3f9b-15cb-4bdb-b4fc-6b087ade4957,Mobile,true,381-(101)943-2882
6b4c3f9b-15cb-4bdb-b4fc-6b087ade4957,Fax,true,507-(104)131-1124
6b4c3f9b-15cb-4bdb-b4fc-6b087ade4957,Other,false,46-(351)575-4399
1b20a8dc-f1b6-401e-b5ff-d0b9bd238785,Home,true,66-(659)626-6987
1b20a8dc-f1b6-401e-b5ff-d0b9bd238785,Work,true,7-(152)862-1223
1b20a8dc-f1b6-401e-b5ff-d0b9bd238785,Mobile,true,358-(654)328-5277
1b20a8dc-f1b6-401e-b5ff-d0b9bd238785,Fax,true,86-(144)342-0428
1b20a8dc-f1b6-401e-b5ff-d0b9bd238785,Other,false,60-(348)766-6665
b6a227d5-9fdd-46db-baea-d5ec227ab787,Home,false,63-(751)610-0024
b6a227d5-9fdd-46db-baea-d5ec227ab787,Work,false,55-(341)755-2368
b6a227d5-9fdd-46db-baea-d5ec227ab787,Mobile,true,962-(178)591-1375
b6a227d5-9fdd-46db-baea-d5ec227ab787,Fax,true,33-(656)316-8275
b6a227d5-9fdd-46db-baea-d5ec227ab787,Other,false,62-(392)172-8029
690aacfb-50d0-4803-8da1-937cdff90d31,Home,false,355-(521)556-4720
690aacfb-50d0-4803-8da1-937cdff90d31,Work,false,976-(583)286-3346
690aacfb-50d0-4803-8da1-937cdff90d31,Mobile,false,86-(827)674-5627
690aacfb-50d0-4803-8da1-937cdff90d31,Fax,,46-(483)821-9566
690aacfb-50d0-4803-8da1-937cdff90d31,,false,33-(966)332-7525
dabceffc-d97d-48ae-9583-91968c9008d2,Home,false,51-(768)526-0869
dabceffc-d97d-48ae-9583-91968c9008d2,Work,true,63-(196)360-2890
dabceffc-d97d-48ae-9583-91968c9008d2,Mobile,false,84-(525)296-0698
dabceffc-d97d-48ae-9583-91968c9008d2,,false,86-(381)625-0380
dabceffc-d97d-48ae-9583-91968c9008d2,Other,true,46-(567)572-0483
be575a51-f61b-4fa9-bc3f-5ccefb252490,Home,true,30-(270)646-7272
be575a51-f61b-4fa9-bc3f-5ccefb252490,Work,true,7-(191)218-4800
be575a51-f61b-4fa9-bc3f-5ccefb252490,Mobile,true,48-(688)881-5515
be575a51-f61b-4fa9-bc3f-5ccefb252490,Fax,false,355-(455)998-6970
be575a51-f61b-4fa9-bc3f-5ccefb252490,Other,true,86-(421)465-2569
010f88a4-5472-4fb6-8b14-eccfb121e5f4,Home,true,86-(690)160-1982
010f88a4-5472-4fb6-8b14-eccfb121e5f4,Work,false,86-(148)505-1802
010f88a4-5472-4fb6-8b14-eccfb121e5f4,Mobile,false,351-(953)885-9639
010f88a4-5472-4fb6-8b14-eccfb121e5f4,Fax,false,63-(200)788-4969
010f88a4-5472-4fb6-8b14-eccfb121e5f4,,false,502-(166)806-2033
8bed4f04-b076-4d86-ba2e-4eda63425f2c,Home,false,358-(439)484-9087
8bed4f04-b076-4d86-ba2e-4eda63425f2c,Work,true,86-(446)124-0106
8bed4f04-b076-4d86-ba2e-4eda63425f2c,Mobile,true,380-(662)730-8732
8bed4f04-b076-4d86-ba2e-4eda63425f2c,Fax,true,52-(396)721-2050
8bed4f04-b076-4d86-ba2e-4eda63425f2c,Other,true,30-(655)272-8315
7e1ec3d3-8fed-412a-9594-fb0beda6fc81,Home,true,86-(772)407-2017
7e1ec3d3-8fed-412a-9594-fb0beda6fc81,Work,false,63-(502)997-2197
7e1ec3d3-8fed-412a-9594-fb0beda6fc81,Mobile,,33-(969)694-6819
7e1ec3d3-8fed-412a-9594-fb0beda6fc81,Fax,,86-(626)216-9744
7e1ec3d3-8fed-412a-9594-fb0beda6fc81,Other,true,996-(698)791-6754
389ae06f-73a8-45f3-b58d-1a2a205f585b,Home,true,62-(767)817-8499
389ae06f-73a8-45f3-b58d-1a2a205f585b,Work,true,7-(356)156-6918
389ae06f-73a8-45f3-b58d-1a2a205f585b,Mobile,false,33-(353)436-8015
389ae06f-73a8-45f3-b58d-1a2a205f585b,Fax,true,86-(972)388-3099
389ae06f-73a8-45f3-b58d-1a2a205f585b,Other,false,58-(704)765-2273
b67a529e-18fa-4a45-aab1-8aa7c9db0426,Home,false,62-(351)938-0814
b67a529e-18fa-4a45-aab1-8aa7c9db0426,Work,true,86-(292)846-7443
b67a529e-18fa-4a45-aab1-8aa7c9db0426,Mobile,false,351-(107)379-8454
b67a529e-18fa-4a45-aab1-8aa7c9db0426,Fax,true,33-(370)248-4191
b67a529e-18fa-4a45-aab1-8aa7c9db0426,Other,true,55-(525)225-5254
63d3ddff-9065-44e7-a1bb-3e533afe822a,Home,false,381-(641)437-8239
63d3ddff-9065-44e7-a1bb-3e533afe822a,Work,true,63-(707)873-0981
63d3ddff-9065-44e7-a1bb-3e533afe822a,,true,51-(591)993-1535
63d3ddff-9065-44e7-a1bb-3e533afe822a,Fax,true,7-(901)635-8653
63d3ddff-9065-44e7-a1bb-3e533afe822a,Other,true,7-(152)892-6859
ccc5122e-31a0-404a-a642-4374102ba252,Home,false,31-(811)263-7694
ccc5122e-31a0-404a-a642-4374102ba252,Work,true,62-(349)254-8692
ccc5122e-31a0-404a-a642-4374102ba252,Mobile,,48-(544)593-8601
ccc5122e-31a0-404a-a642-4374102ba252,Fax,true,63-(155)300-3676
ccc5122e-31a0-404a-a642-4374102ba252,Other,false,36-(424)121-0896
eb13c012-bfad-4aba-ab1a-ade6f83cee11,Home,false,386-(190)303-7829
eb13c012-bfad-4aba-ab1a-ade6f83cee11,Work,false,55-(458)870-4449
eb13c012-bfad-4aba-ab1a-ade6f83cee11,Mobile,false,7-(126)376-8196
eb13c012-bfad-4aba-ab1a-ade6f83cee11,Fax,true,58-(394)131-6269
eb13c012-bfad-4aba-ab1a-ade6f83cee11,Other,true,33-(826)738-6020
093cbb93-86cd-40da-ae2a-35efde783231,Home,true,66-(212)498-9813
093cbb93-86cd-40da-ae2a-35efde783231,Work,false,86-(641)217-8815
093cbb93-86cd-40da-ae2a-35efde783231,Mobile,false,30-(986)624-2930
093cbb93-86cd-40da-ae2a-35efde783231,Fax,false,86-(109)775-8499
093cbb93-86cd-40da-ae2a-35efde783231,Other,false,358-(667)437-1920
0f8432e4-01c3-4670-a708-1a5baac23e00,Home,false,7-(190)518-2642
0f8432e4-01c3-4670-a708-1a5baac23e00,Work,false,62-(296)316-5933
0f8432e4-01c3-4670-a708-1a5baac23e00,Mobile,false,54-(371)391-8144
0f8432e4-01c3-4670-a708-1a5baac23e00,Fax,false,7-(936)621-2120
0f8432e4-01c3-4670-a708-1a5baac23e00,Other,false,94-(715)568-4117
a480e245-3598-4b46-8087-739415a2e6c8,Home,false,351-(293)724-9085
a480e245-3598-4b46-8087-739415a2e6c8,Work,true,255-(842)158-7499
a480e245-3598-4b46-8087-739415a2e6c8,Mobile,true,33-(655)871-8340
a480e245-3598-4b46-8087-739415a2e6c8,Fax,false,98-(695)978-1946
a480e245-3598-4b46-8087-739415a2e6c8,Other,true,86-(934)319-1217
b08eaee1-f505-4cd7-9cf8-a2513ee50a80,Home,true,591-(728)821-5202
b08eaee1-f505-4cd7-9cf8-a2513ee50a80,Work,false,86-(656)230-0558
b08eaee1-f505-4cd7-9cf8-a2513ee50a80,Mobile,true,57-(218)576-5646
b08eaee1-f505-4cd7-9cf8-a2513ee50a80,Fax,false,385-(114)990-1592
b08eaee1-f505-4cd7-9cf8-a2513ee50a80,Other,false,995-(792)805-6381
97ceafa5-d02b-471f-a9d2-9921c16538b0,,true,593-(381)916-2634
97ceafa5-d02b-471f-a9d2-9921c16538b0,Work,true,54-(491)875-6366
97ceafa5-d02b-471f-a9d2-9921c16538b0,Mobile,false,7-(697)531-3038
97ceafa5-d02b-471f-a9d2-9921c16538b0,Fax,false,358-(326)931-3736
97ceafa5-d02b-471f-a9d2-9921c16538b0,Other,false,86-(593)787-7351
aac19fa2-3722-4242-a466-4dbd32c02419,Home,true,62-(114)917-0761
aac19fa2-3722-4242-a466-4dbd32c02419,Work,true,86-(824)578-2452
aac19fa2-3722-4242-a466-4dbd32c02419,Mobile,false,55-(259)503-6425
aac19fa2-3722-4242-a466-4dbd32c02419,Fax,false,48-(977)331-7703
aac19fa2-3722-4242-a466-4dbd32c02419,Other,false,502-(170)321-1053
76ded56f-2995-4a70-ba2e-64b2863b2155,Home,false,86-(135)853-5983
76ded56f-2995-4a70-ba2e-64b2863b2155,Work,false,263-(595)370-8903
76ded56f-2995-4a70-ba2e-64b2863b2155,Mobile,false,98-(613)113-0690
76ded56f-2995-4a70-ba2e-64b2863b2155,Fax,false,351-(663)674-3286
76ded56f-2995-4a70-ba2e-64b2863b2155,Other,true,502-(230)982-5559
038a4788-f98d-4b0a-9c81-6ac5cb017f47,Home,false,86-(394)151-8298
038a4788-f98d-4b0a-9c81-6ac5cb017f47,Work,true,972-(990)631-2792
038a4788-f98d-4b0a-9c81-6ac5cb017f47,Mobile,false,420-(286)323-1133
038a4788-f98d-4b0a-9c81-6ac5cb017f47,Fax,true,242-(406)449-5778
038a4788-f98d-4b0a-9c81-6ac5cb017f47,Other,true,7-(888)387-0747
5486c1fa-0360-4ab2-956b-a185d81c3259,Home,false,222-(255)209-6915
5486c1fa-0360-4ab2-956b-a185d81c3259,Work,true,48-(353)796-2257
5486c1fa-0360-4ab2-956b-a185d81c3259,Mobile,false,62-(155)827-2655
5486c1fa-0360-4ab2-956b-a185d81c3259,Fax,false,234-(359)396-4782
5486c1fa-0360-4ab2-956b-a185d81c3259,Other,true,7-(284)685-2872
13c22e3f-7e51-468a-9696-20296ee86abb,Home,true,61-(878)629-3582
13c22e3f-7e51-468a-9696-20296ee86abb,Work,,380-(576)463-4836
13c22e3f-7e51-468a-9696-20296ee86abb,Mobile,true,62-(124)814-0505
13c22e3f-7e51-468a-9696-20296ee86abb,Fax,true,62-(924)688-9885
13c22e3f-7e51-468a-9696-20296ee86abb,Other,false,86-(801)378-1252
f725163d-f2dc-46ea-a8fd-eeaacad77cde,Home,false,351-(972)509-3117
f725163d-f2dc-46ea-a8fd-eeaacad77cde,Work,true,359-(122)640-6321
f725163d-f2dc-46ea-a8fd-eeaacad77cde,Mobile,false,351-(372)879-1685
f725163d-f2dc-46ea-a8fd-eeaacad77cde,Fax,false,62-(705)601-5142
f725163d-f2dc-46ea-a8fd-eeaacad77cde,Other,true,351-(619)436-1591
7ee68e7c-a35b-4f33-b53b-2b7003545201,Home,false,55-(290)833-2098
7ee68e7c-a35b-4f33-b53b-2b7003545201,Work,false,95-(689)180-9073
7ee68e7c-a35b-4f33-b53b-2b7003545201,Mobile,false,34-(214)718-4138
7ee68e7c-a35b-4f33-b53b-2b7003545201,Fax,true,86-(740)267-5825
7ee68e7c-a35b-4f33-b53b-2b7003545201,Other,true,33-(279)507-3732
26eaf5c1-deaf-41de-914e-65095c9fd22d,Home,true,375-(605)701-7108
26eaf5c1-deaf-41de-914e-65095c9fd22d,Work,false,355-(453)560-7325
26eaf5c1-deaf-41de-914e-65095c9fd22d,Mobile,true,255-(789)703-3800
26eaf5c1-deaf-41de-914e-65095c9fd22d,Fax,false,33-(112)747-3468
26eaf5c1-deaf-41de-914e-65095c9fd22d,Other,true,998-(130)884-7231
315b9176-9763-434b-ada0-7960f0aa98cc,Home,false,86-(255)611-2863
315b9176-9763-434b-ada0-7960f0aa98cc,Work,false,55-(577)442-8047
315b9176-9763-434b-ada0-7960f0aa98cc,Mobile,true,62-(665)714-0153
315b9176-9763-434b-ada0-7960f0aa98cc,Fax,false,351-(449)167-6636
315b9176-9763-434b-ada0-7960f0aa98cc,Other,false,86-(696)938-5659
6e0bbb87-3c51-4fea-8cb4-1ff9cde435a1,Home,false,228-(598)870-0438
6e0bbb87-3c51-4fea-8cb4-1ff9cde435a1,Work,,30-(320)925-1540
6e0bbb87-3c51-4fea-8cb4-1ff9cde435a1,Mobile,false,86-(639)385-2544
6e0bbb87-3c51-4fea-8cb4-1ff9cde435a1,Fax,false,86-(881)819-2890
6e0bbb87-3c51-4fea-8cb4-1ff9cde435a1,Other,false,63-(984)149-7901
95f11356-464b-4b5b-a811-0d968c697e83,Home,true,62-(694)483-8977
95f11356-464b-4b5b-a811-0d968c697e83,Work,false,353-(749)523-4564
95f11356-464b-4b5b-a811-0d968c697e83,Mobile,false,93-(845)144-8096
95f11356-464b-4b5b-a811-0d968c697e83,Fax,true,86-(504)214-0442
95f11356-464b-4b5b-a811-0d968c697e83,Other,true,44-(557)394-0309
e9de6622-58da-45b9-a345-c7cf905d7a6a,Home,true,62-(922)322-6854
e9de6622-58da-45b9-a345-c7cf905d7a6a,Work,true,33-(914)440-3158
e9de6622-58da-45b9-a345-c7cf905d7a6a,Mobile,true,48-(893)575-1758
e9de6622-58da-45b9-a345-c7cf905d7a6a,Fax,true,358-(766)921-1274
e9de6622-58da-45b9-a345-c7cf905d7a6a,Other,true,86-(213)666-6349
2844b5b4-8f99-4aed-99bd-73758dd10b61,,true,1-(304)520-5479
2844b5b4-8f99-4aed-99bd-73758dd10b61,Work,false,86-(671)897-5506
2844b5b4-8f99-4aed-99bd-73758dd10b61,Mobile,true,389-(581)558-6257
2844b5b4-8f99-4aed-99bd-73758dd10b61,Fax,false,62-(452)998-9080
2844b5b4-8f99-4aed-99bd-73758dd10b61,Other,true,49-(920)245-5272
5eac1b20-2055-4306-bce8-ad84b117f44d,Home,true,33-(152)579-2958
5eac1b20-2055-4306-bce8-ad84b117f44d,Work,true,7-(841)967-1591
5eac1b20-2055-4306-bce8-ad84b117f44d,Mobile,false,33-(174)693-6549
5eac1b20-2055-4306-bce8-ad84b117f44d,Fax,true,49-(643)614-0942
5eac1b20-2055-4306-bce8-ad84b117f44d,Other,false,60-(744)899-2944
208f6867-e0bb-43fc-9152-0eec812253e7,Home,false,385-(360)204-1909
208f6867-e0bb-43fc-9152-0eec812253e7,Work,true,51-(938)861-8245
208f6867-e0bb-43fc-9152-0eec812253e7,Mobile,false,351-(449)556-0283
208f6867-e0bb-43fc-9152-0eec812253e7,Fax,true,49-(431)494-6200
208f6867-e0bb-43fc-9152-0eec812253e7,Other,false,216-(905)656-8561
0bb1c60c-1ee1-4a0a-88f6-b265f02bbf64,Home,true,86-(851)384-0814
0bb1c60c-1ee1-4a0a-88f6-b265f02bbf64,Work,true,51-(552)803-1740
0bb1c60c-1ee1-4a0a-88f6-b265f02bbf64,Mobile,false,86-(803)457-3623
0bb1c60c-1ee1-4a0a-88f6-b265f02bbf64,Fax,true,385-(870)659-9953
0bb1c60c-1ee1-4a0a-88f6-b265f02bbf64,Other,true,46-(601)276-2128
2489b649-aadb-48a7-a2e8-e50e772cb5a0,Home,true,236-(253)200-7782
2489b649-aadb-48a7-a2e8-e50e772cb5a0,Work,true,420-(369)846-8838
2489b649-aadb-48a7-a2e8-e50e772cb5a0,Mobile,true,66-(958)292-3680
2489b649-aadb-48a7-a2e8-e50e772cb5a0,Fax,true,251-(160)283-0735
2489b649-aadb-48a7-a2e8-e50e772cb5a0,Other,,232-(704)708-1952
a24d7459-c3c3-4787-b6c1-fe806f625361,Home,true,60-(765)168-9452
a24d7459-c3c3-4787-b6c1-fe806f625361,Work,true,62-(918)582-0106
a24d7459-c3c3-4787-b6c1-fe806f625361,Mobile,true,33-(623)701-0276
a24d7459-c3c3-4787-b6c1-fe806f625361,Fax,false,62-(390)354-6122
a24d7459-c3c3-4787-b6c1-fe806f625361,Other,true,55-(448)695-4326
5aa10f39-0d1f-4d1f-a3f7-d4c66cb07bdb,Home,true,48-(497)854-4981
5aa10f39-0d1f-4d1f-a3f7-d4c66cb07bdb,Work,true,33-(132)470-1614
5aa10f39-0d1f-4d1f-a3f7-d4c66cb07bdb,Mobile,true,86-(653)805-2051
5aa10f39-0d1f-4d1f-a3f7-d4c66cb07bdb,Fax,false,48-(273)509-2686
5aa10f39-0d1f-4d1f-a3f7-d4c66cb07bdb,Other,,57-(379)153-8280
b6fba5c6-9570-4032-9fcb-75ed24875503,Home,false,7-(240)281-5673
b6fba5c6-9570-4032-9fcb-75ed24875503,Work,false,86-(517)202-9284
b6fba5c6-9570-4032-9fcb-75ed24875503,Mobile,true,252-(640)389-2849
b6fba5c6-9570-4032-9fcb-75ed24875503,Fax,true,46-(842)418-6077
b6fba5c6-9570-4032-9fcb-75ed24875503,Other,true,61-(141)552-9506
c8a9e584-dc4b-4518-8940-fecf431590b8,Home,false,46-(223)833-0136
c8a9e584-dc4b-4518-8940-fecf431590b8,Work,false,355-(973)538-0536
c8a9e584-dc4b-4518-8940-fecf431590b8,Mobile,false,86-(950)134-2560
c8a9e584-dc4b-4518-8940-fecf431590b8,Fax,false,7-(600)562-9818
c8a9e584-dc4b-4518-8940-fecf431590b8,Other,false,1-(585)631-6541
9225d704-fb74-4bed-94d3-6665c49864f6,Home,false,46-(413)656-4130
9225d704-fb74-4bed-94d3-6665c49864f6,Work,true,355-(426)770-6239
9225d704-fb74-4bed-94d3-6665c49864f6,Mobile,false,55-(407)374-2916
9225d704-fb74-4bed-94d3-6665c49864f6,Fax,true,86-(647)623-0645
9225d704-fb74-4bed-94d3-6665c49864f6,Other,true,27-(274)585-9522
3de5a9a8-9668-4865-8c76-4b9c43d58e11,Home,false,351-(377)770-7616
3de5a9a8-9668-4865-8c76-4b9c43d58e11,Work,false,269-(601)801-0582
3de5a9a8-9668-4865-8c76-4b9c43d58e11,Mobile,false,351-(401)450-2694
3de5a9a8-9668-4865-8c76-4b9c43d58e11,Fax,false,86-(579)191-5027
3de5a9a8-9668-4865-8c76-4b9c43d58e11,Other,true,62-(238)623-7677
d0c3ae1a-0b24-48b9-94b7-2d50138c5d82,Home,false,231-(974)576-6534
d0c3ae1a-0b24-48b9-94b7-2d50138c5d82,Work,true,86-(294)683-9853
d0c3ae1a-0b24-48b9-94b7-2d50138c5d82,Mobile,true,86-(374)212-4847
d0c3ae1a-0b24-48b9-94b7-2d50138c5d82,Fax,true,230-(365)351-9782
d0c3ae1a-0b24-48b9-94b7-2d50138c5d82,Other,,62-(793)376-2991
81856336-179d-4925-ab8f-0f0d72bce9ef,Home,false,502-(686)172-6972
81856336-179d-4925-ab8f-0f0d72bce9ef,Work,false,46-(687)792-7282
81856336-179d-4925-ab8f-0f0d72bce9ef,Mobile,false,62-(997)184-5393
81856336-179d-4925-ab8f-0f0d72bce9ef,Fax,false,48-(502)153-5573
81856336-179d-4925-ab8f-0f0d72bce9ef,Other,false,1-(413)213-8519
323a9f18-82eb-4833-8733-3a21cd4f862c,Home,false,374-(101)649-0137
323a9f18-82eb-4833-8733-3a21cd4f862c,Work,false,86-(485)897-4275
323a9f18-82eb-4833-8733-3a21cd4f862c,Mobile,false,380-(543)364-1188
323a9f18-82eb-4833-8733-3a21cd4f862c,Fax,false,86-(207)762-2422
323a9f18-82eb-4833-8733-3a21cd4f862c,Other,false,33-(539)569-5568
a22d6f3b-804d-4dbe-8cb4-894b57dc32d1,Home,true,82-(658)840-1958
a22d6f3b-804d-4dbe-8cb4-894b57dc32d1,Work,false,33-(869)389-8285
a22d6f3b-804d-4dbe-8cb4-894b57dc32d1,Mobile,false,39-(696)474-2371
a22d6f3b-804d-4dbe-8cb4-894b57dc32d1,Fax,true,62-(148)702-7977
a22d6f3b-804d-4dbe-8cb4-894b57dc32d1,Other,true,7-(658)563-5639
87f53400-b1ad-4174-afdd-3783ce195c54,Home,false,7-(390)476-0155
87f53400-b1ad-4174-afdd-3783ce195c54,Work,true,46-(593)573-0848
87f53400-b1ad-4174-afdd-3783ce195c54,Mobile,false,86-(820)179-4924
87f53400-b1ad-4174-afdd-3783ce195c54,Fax,false,86-(314)237-9581
87f53400-b1ad-4174-afdd-3783ce195c54,Other,true,504-(628)539-6533
c6810190-680f-44eb-9392-e06d51b265b8,Home,true,7-(174)525-5990
c6810190-680f-44eb-9392-e06d51b265b8,Work,false,86-(952)335-4035
c6810190-680f-44eb-9392-e06d51b265b8,Mobile,true,93-(483)472-8191
c6810190-680f-44eb-9392-e06d51b265b8,Fax,,62-(161)878-1424
c6810190-680f-44eb-9392-e06d51b265b8,Other,true,86-(898)452-3666
c8f052e8-69ec-4274-b509-4f2f15595567,Home,,86-(964)102-3243
c8f052e8-69ec-4274-b509-4f2f15595567,Work,true,249-(116)610-9184
c8f052e8-69ec-4274-b509-4f2f15595567,Mobile,false,63-(432)908-9397
c8f052e8-69ec-4274-b509-4f2f15595567,Fax,true,267-(956)938-8692
c8f052e8-69ec-4274-b509-4f2f15595567,Other,true,420-(977)753-7470
1af5295a-f77d-49ea-9db0-73468f781ea3,,true,86-(398)835-0143
1af5295a-f77d-49ea-9db0-73468f781ea3,Work,false,66-(887)260-2587
1af5295a-f77d-49ea-9db0-73468f781ea3,Mobile,false,57-(252)441-3226
1af5295a-f77d-49ea-9db0-73468f781ea3,Fax,true,351-(420)872-9718
1af5295a-f77d-49ea-9db0-73468f781ea3,Other,false,86-(252)454-1120
16f515c4-470b-4b6e-8c5f-30778b273a05,Home,false,86-(759)331-2594
16f515c4-470b-4b6e-8c5f-30778b273a05,Work,false,48-(447)288-1810
16f515c4-470b-4b6e-8c5f-30778b273a05,Mobile,true,63-(753)216-0902
16f515c4-470b-4b6e-8c5f-30778b273a05,,true,86-(172)771-9862
16f515c4-470b-4b6e-8c5f-30778b273a05,Other,true,86-(682)668-4261
19d55c7b-46ae-48dc-b2d8-448708675dd2,Home,true,63-(321)143-3897
19d55c7b-46ae-48dc-b2d8-448708675dd2,Work,true,62-(838)668-9705
19d55c7b-46ae-48dc-b2d8-448708675dd2,Mobile,false,86-(994)322-0537
19d55c7b-46ae-48dc-b2d8-448708675dd2,Fax,false,62-(247)288-1063
19d55c7b-46ae-48dc-b2d8-448708675dd2,Other,true,48-(214)724-7929
b1cf7b93-ec0a-4dd8-95bb-674f6fa361ec,Home,false,86-(457)386-7684
b1cf7b93-ec0a-4dd8-95bb-674f6fa361ec,Work,false,86-(801)848-6618
b1cf7b93-ec0a-4dd8-95bb-674f6fa361ec,Mobile,true,86-(513)141-7441
b1cf7b93-ec0a-4dd8-95bb-674f6fa361ec,Fax,true,52-(236)513-4119
b1cf7b93-ec0a-4dd8-95bb-674f6fa361ec,Other,true,86-(343)390-6547
941d0020-3501-42ce-b439-e4a886bda6f0,Home,true,63-(659)166-0172
941d0020-3501-42ce-b439-e4a886bda6f0,Work,false,86-(629)904-8074
941d0020-3501-42ce-b439-e4a886bda6f0,Mobile,true,86-(407)300-2147
941d0020-3501-42ce-b439-e4a886bda6f0,Fax,true,63-(783)218-0210
941d0020-3501-42ce-b439-e4a886bda6f0,Other,true,62-(150)531-3434
27314552-60bc-4c78-9a98-9584dbbac3f6,Home,true,86-(224)589-5935
27314552-60bc-4c78-9a98-9584dbbac3f6,Work,true,86-(990)712-4506
27314552-60bc-4c78-9a98-9584dbbac3f6,Mobile,true,33-(487)392-2050
27314552-60bc-4c78-9a98-9584dbbac3f6,Fax,false,57-(718)705-7100
27314552-60bc-4c78-9a98-9584dbbac3f6,Other,false,234-(656)204-2699
01f7d441-37a0-4160-8bf1-4d0d6eb95e9a,Home,true,52-(209)774-6942
01f7d441-37a0-4160-8bf1-4d0d6eb95e9a,Work,true,685-(682)121-2538
01f7d441-37a0-4160-8bf1-4d0d6eb95e9a,Mobile,false,86-(986)779-0131
01f7d441-37a0-4160-8bf1-4d0d6eb95e9a,Fax,false,380-(517)438-7171
01f7d441-37a0-4160-8bf1-4d0d6eb95e9a,Other,true,687-(458)569-5537
7d134d6b-66f9-43a7-aeb8-39c8a430ec77,Home,false,261-(239)202-2176
7d134d6b-66f9-43a7-aeb8-39c8a430ec77,Work,true,7-(751)434-9422
7d134d6b-66f9-43a7-aeb8-39c8a430ec77,,true,212-(167)598-3030
7d134d6b-66f9-43a7-aeb8-39c8a430ec77,Fax,false,86-(151)400-9660
7d134d6b-66f9-43a7-aeb8-39c8a430ec77,Other,true,81-(312)701-9059
946333cf-c1fc-4ff5-9b81-4ca5bc7ff214,Home,false,355-(846)798-9436
946333cf-c1fc-4ff5-9b81-4ca5bc7ff214,Work,false,1-(718)512-3905
946333cf-c1fc-4ff5-9b81-4ca5bc7ff214,Mobile,false,220-(626)445-9308
946333cf-c1fc-4ff5-9b81-4ca5bc7ff214,Fax,true,86-(720)696-4013
946333cf-c1fc-4ff5-9b81-4ca5bc7ff214,Other,true,52-(296)577-2439
ff396af1-c1da-4678-aebc-eb1d03fdf867,Home,true,48-(798)778-2967
ff396af1-c1da-4678-aebc-eb1d03fdf867,Work,false,48-(955)932-6747
ff396af1-c1da-4678-aebc-eb1d03fdf867,Mobile,true,86-(516)745-0391
ff396af1-c1da-4678-aebc-eb1d03fdf867,Fax,false,55-(961)251-4528
ff396af1-c1da-4678-aebc-eb1d03fdf867,Other,true,51-(366)116-2761
572a346d-52c0-48f6-939f-11205be77c0b,Home,false,52-(138)700-8930
572a346d-52c0-48f6-939f-11205be77c0b,,false,81-(389)508-8102
572a346d-52c0-48f6-939f-11205be77c0b,Mobile,false,93-(198)768-1979
572a346d-52c0-48f6-939f-11205be77c0b,Fax,false,351-(874)359-5166
572a346d-52c0-48f6-939f-11205be77c0b,Other,false,358-(875)486-1879
72af6e5b-e044-49bb-bf09-012dfa5406ff,Home,true,351-(916)282-9856
72af6e5b-e044-49bb-bf09-012dfa5406ff,,false,353-(942)271-6719
72af6e5b-e044-49bb-bf09-012dfa5406ff,Mobile,false,7-(922)366-2067
72af6e5b-e044-49bb-bf09-012dfa5406ff,Fax,false,62-(545)145-6413
72af6e5b-e044-49bb-bf09-012dfa5406ff,Other,true,228-(325)717-9140
ddbe9c67-175b-4d3a-9aba-0b19c616a0ed,Home,true,267-(546)155-3435
ddbe9c67-175b-4d3a-9aba-0b19c616a0ed,Work,true,7-(226)286-0947
ddbe9c67-175b-4d3a-9aba-0b19c616a0ed,Mobile,,7-(826)788-5573
ddbe9c67-175b-4d3a-9aba-0b19c616a0ed,Fax,false,63-(596)819-3862
ddbe9c67-175b-4d3a-9aba-0b19c616a0ed,Other,false,52-(717)846-5963
6fb0960f-52eb-439e-a8e2-89725cefc95e,Home,false,260-(459)392-3362
6fb0960f-52eb-439e-a8e2-89725cefc95e,Work,true,86-(469)949-1333
6fb0960f-52eb-439e-a8e2-89725cefc95e,Mobile,false,48-(444)524-9101
6fb0960f-52eb-439e-a8e2-89725cefc95e,Fax,true,48-(511)840-2325
6fb0960f-52eb-439e-a8e2-89725cefc95e,Other,false,7-(177)745-6697
fdce4668-1c42-45df-9819-e506c9e3c179,Home,true,46-(487)331-0119
fdce4668-1c42-45df-9819-e506c9e3c179,Work,false,81-(529)803-5332
fdce4668-1c42-45df-9819-e506c9e3c179,Mobile,true,86-(470)502-5042
fdce4668-1c42-45df-9819-e506c9e3c179,Fax,false,504-(471)833-3209
fdce4668-1c42-45df-9819-e506c9e3c179,Other,true,48-(912)584-9213
7cf55105-5df1-42ee-8af3-02ca9ee1a0a1,Home,true,48-(676)441-7831
7cf55105-5df1-42ee-8af3-02ca9ee1a0a1,Work,true,7-(404)478-3384
7cf55105-5df1-42ee-8af3-02ca9ee1a0a1,Mobile,true,86-(246)291-0611
7cf55105-5df1-42ee-8af3-02ca9ee1a0a1,Fax,false,41-(461)427-9769
7cf55105-5df1-42ee-8af3-02ca9ee1a0a1,Other,true,370-(840)375-1559
104be538-f403-402c-a063-5422daa8b770,Home,true,372-(310)384-1072
104be538-f403-402c-a063-5422daa8b770,Work,true,27-(163)571-6388
104be538-f403-402c-a063-5422daa8b770,Mobile,false,970-(960)482-7784
104be538-f403-402c-a063-5422daa8b770,Fax,true,33-(493)751-6347
104be538-f403-402c-a063-5422daa8b770,Other,false,98-(111)680-8072
d1e29a4d-56d4-4bc2-b3d5-fae2a2012b47,Home,true,420-(475)527-1533
d1e29a4d-56d4-4bc2-b3d5-fae2a2012b47,Work,false,86-(374)190-6718
d1e29a4d-56d4-4bc2-b3d5-fae2a2012b47,Mobile,true,1-(312)754-4277
d1e29a4d-56d4-4bc2-b3d5-fae2a2012b47,Fax,true,55-(300)461-0327
d1e29a4d-56d4-4bc2-b3d5-fae2a2012b47,Other,true,30-(118)341-2100
f362e5e0-48e4-4a00-aedf-fdebc344d334,Home,false,51-(643)310-7125
f362e5e0-48e4-4a00-aedf-fdebc344d334,Work,false,86-(104)784-1008
f362e5e0-48e4-4a00-aedf-fdebc344d334,Mobile,true,263-(628)247-1506
f362e5e0-48e4-4a00-aedf-fdebc344d334,Fax,true,51-(519)914-1138
f362e5e0-48e4-4a00-aedf-fdebc344d334,Other,false,7-(415)395-5926
a44c905b-0017-4e18-943c-29500eb019c0,Home,true,63-(662)749-2814
a44c905b-0017-4e18-943c-29500eb019c0,Work,false,92-(793)122-5285
a44c905b-0017-4e18-943c-29500eb019c0,Mobile,false,380-(678)501-3888
a44c905b-0017-4e18-943c-29500eb019c0,Fax,true,375-(377)178-6273
a44c905b-0017-4e18-943c-29500eb019c0,Other,true,423-(808)109-1007
e5adad20-1b0a-42ac-828d-7ca98e9f7949,Home,false,505-(171)380-6379
e5adad20-1b0a-42ac-828d-7ca98e9f7949,Work,true,63-(168)842-0033
e5adad20-1b0a-42ac-828d-7ca98e9f7949,Mobile,true,47-(884)194-8186
e5adad20-1b0a-42ac-828d-7ca98e9f7949,Fax,false,86-(645)456-2897
e5adad20-1b0a-42ac-828d-7ca98e9f7949,Other,true,66-(547)703-1296
9a1782fa-b507-4a2f-ae5d-8ef1d8e58807,Home,false,86-(465)719-6699
9a1782fa-b507-4a2f-ae5d-8ef1d8e58807,Work,true,234-(647)605-1158
9a1782fa-b507-4a2f-ae5d-8ef1d8e58807,Mobile,true,380-(431)246-8466
9a1782fa-b507-4a2f-ae5d-8ef1d8e58807,,false,48-(756)917-1205
9a1782fa-b507-4a2f-ae5d-8ef1d8e58807,Other,true,1-(771)838-8841
9f9355ae-1434-4e89-977c-f6f96fd70c34,Home,true,242-(141)421-1685
9f9355ae-1434-4e89-977c-f6f96fd70c34,Work,false,33-(760)776-0597
9f9355ae-1434-4e89-977c-f6f96fd70c34,Mobile,true,81-(404)565-0785
9f9355ae-1434-4e89-977c-f6f96fd70c34,Fax,true,380-(537)180-8369
9f9355ae-1434-4e89-977c-f6f96fd70c34,Other,true,51-(220)780-4744
a7713db4-62bd-4cd3-a15f-45c975b5c9f4,Home,false,53-(444)807-3792
a7713db4-62bd-4cd3-a15f-45c975b5c9f4,Work,true,86-(767)435-6741
a7713db4-62bd-4cd3-a15f-45c975b5c9f4,Mobile,true,86-(468)261-8798
a7713db4-62bd-4cd3-a15f-45c975b5c9f4,Fax,true,1-(210)208-4837
a7713db4-62bd-4cd3-a15f-45c975b5c9f4,Other,true,359-(886)534-8955
699edb0e-a591-458c-9077-a0a172beb18f,Home,false,93-(776)406-5888
699edb0e-a591-458c-9077-a0a172beb18f,Work,false,62-(480)523-0087
699edb0e-a591-458c-9077-a0a172beb18f,Mobile,true,86-(931)960-6747
699edb0e-a591-458c-9077-a0a172beb18f,Fax,false,967-(105)810-0320
699edb0e-a591-458c-9077-a0a172beb18f,Other,false,62-(166)494-3003
10f27a0e-72ad-4672-afb5-f93aaa4cabec,Home,true,370-(612)415-2303
10f27a0e-72ad-4672-afb5-f93aaa4cabec,Work,false,86-(920)425-5934
10f27a0e-72ad-4672-afb5-f93aaa4cabec,Mobile,,62-(793)697-5152
10f27a0e-72ad-4672-afb5-f93aaa4cabec,Fax,,30-(786)612-9887
10f27a0e-72ad-4672-afb5-f93aaa4cabec,Other,false,967-(327)608-8850
fa3c066f-a667-4c44-930b-5ecdb0b5d029,Home,true,63-(525)650-1967
fa3c066f-a667-4c44-930b-5ecdb0b5d029,Work,true,7-(682)228-2258
fa3c066f-a667-4c44-930b-5ecdb0b5d029,Mobile,true,57-(725)469-0929
fa3c066f-a667-4c44-930b-5ecdb0b5d029,Fax,true,54-(119)114-4085
fa3c066f-a667-4c44-930b-5ecdb0b5d029,Other,true,994-(676)756-3069
88673b1b-c739-4dbf-8fe1-16d2975bd851,Home,false,33-(969)853-3748
88673b1b-c739-4dbf-8fe1-16d2975bd851,Work,false,7-(422)302-9255
88673b1b-c739-4dbf-8fe1-16d2975bd851,Mobile,false,86-(251)686-3496
88673b1b-c739-4dbf-8fe1-16d2975bd851,Fax,false,49-(812)140-6387
88673b1b-c739-4dbf-8fe1-16d2975bd851,Other,true,256-(848)513-4407
6c35ca27-2c58-4ead-be91-62f143bcad71,Home,true,63-(726)616-0133
6c35ca27-2c58-4ead-be91-62f143bcad71,Work,,351-(371)416-9047
6c35ca27-2c58-4ead-be91-62f143bcad71,Mobile,false,66-(351)360-4697
6c35ca27-2c58-4ead-be91-62f143bcad71,Fax,true,48-(789)592-8907
6c35ca27-2c58-4ead-be91-62f143bcad71,Other,true,86-(957)450-9237
f28f513b-a556-437b-995c-49daa60d347b,Home,true,7-(295)735-9404
f28f513b-a556-437b-995c-49daa60d347b,Work,true,33-(437)154-5087
f28f513b-a556-437b-995c-49daa60d347b,Mobile,true,351-(818)777-7599
f28f513b-a556-437b-995c-49daa60d347b,Fax,false,33-(272)514-6808
f28f513b-a556-437b-995c-49daa60d347b,Other,true,57-(616)987-6244
0097e8d5-84ed-43e0-a28d-78a1a20ae7c8,Home,false,1-(835)223-0568
0097e8d5-84ed-43e0-a28d-78a1a20ae7c8,Work,true,86-(592)157-2174
0097e8d5-84ed-43e0-a28d-78a1a20ae7c8,Mobile,true,62-(166)209-0032
0097e8d5-84ed-43e0-a28d-78a1a20ae7c8,Fax,false,7-(121)656-1792
0097e8d5-84ed-43e0-a28d-78a1a20ae7c8,Other,true,7-(195)380-4510
1267e9f3-0472-4def-89fd-df829dc6bd43,Home,true,1-(323)913-0035
1267e9f3-0472-4def-89fd-df829dc6bd43,Work,false,86-(423)269-3247
1267e9f3-0472-4def-89fd-df829dc6bd43,Mobile,true,62-(459)884-3524
1267e9f3-0472-4def-89fd-df829dc6bd43,Fax,false,86-(369)710-2563
1267e9f3-0472-4def-89fd-df829dc6bd43,Other,false,357-(762)816-1623
86082845-80a1-4035-9b94-8ac490998f7d,Home,true,1-(480)120-2118
86082845-80a1-4035-9b94-8ac490998f7d,Work,true,86-(449)106-8623
86082845-80a1-4035-9b94-8ac490998f7d,Mobile,false,62-(561)275-4968
86082845-80a1-4035-9b94-8ac490998f7d,Fax,false,351-(890)177-4853
86082845-80a1-4035-9b94-8ac490998f7d,Other,false,92-(995)962-0076
4830e91c-82ad-48b9-9294-c757646a98a4,Home,true,355-(624)129-0165
4830e91c-82ad-48b9-9294-c757646a98a4,Work,false,62-(924)427-5092
4830e91c-82ad-48b9-9294-c757646a98a4,Mobile,false,507-(100)206-5379
4830e91c-82ad-48b9-9294-c757646a98a4,Fax,false,62-(430)307-7882
4830e91c-82ad-48b9-9294-c757646a98a4,Other,true,51-(980)505-4953
37169126-fd50-43c9-a41a-0db5280a1ddf,Home,false,63-(298)836-0043
37169126-fd50-43c9-a41a-0db5280a1ddf,Work,true,62-(123)603-9986
37169126-fd50-43c9-a41a-0db5280a1ddf,Mobile,false,63-(386)725-3964
37169126-fd50-43c9-a41a-0db5280a1ddf,Fax,false,86-(734)678-6814
37169126-fd50-43c9-a41a-0db5280a1ddf,Other,true,55-(680)436-5142
d1cc87ff-0669-45bb-ae42-b488bbcf6c1e,Home,,7-(579)520-5113
d1cc87ff-0669-45bb-ae42-b488bbcf6c1e,Work,true,385-(668)730-2293
d1cc87ff-0669-45bb-ae42-b488bbcf6c1e,Mobile,true,385-(443)269-9922
d1cc87ff-0669-45bb-ae42-b488bbcf6c1e,Fax,true,502-(274)744-8246
d1cc87ff-0669-45bb-ae42-b488bbcf6c1e,Other,false,86-(945)344-6489
23f9f474-77d0-4000-906e-94ccc491f616,Home,false,62-(214)548-3520
23f9f474-77d0-4000-906e-94ccc491f616,Work,false,234-(645)273-9331
23f9f474-77d0-4000-906e-94ccc491f616,,false,62-(606)463-9662
23f9f474-77d0-4000-906e-94ccc491f616,Fax,true,57-(193)423-1511
23f9f474-77d0-4000-906e-94ccc491f616,Other,true,1-(301)488-0775
0214d9c5-9b41-4e55-b6d4-7247a66185b9,Home,true,81-(854)337-1150
0214d9c5-9b41-4e55-b6d4-7247a66185b9,Work,false,880-(888)513-9676
0214d9c5-9b41-4e55-b6d4-7247a66185b9,Mobile,true,385-(779)198-8579
0214d9c5-9b41-4e55-b6d4-7247a66185b9,Fax,false,596-(113)739-1234
0214d9c5-9b41-4e55-b6d4-7247a66185b9,Other,true,86-(291)232-7296
acdebf15-7885-49f5-9035-e4c4f556e9e7,Home,false,46-(295)204-2292
acdebf15-7885-49f5-9035-e4c4f556e9e7,Work,true,1-(206)796-2220
acdebf15-7885-49f5-9035-e4c4f556e9e7,Mobile,true,216-(428)881-6391
acdebf15-7885-49f5-9035-e4c4f556e9e7,Fax,true,51-(726)355-4312
acdebf15-7885-49f5-9035-e4c4f556e9e7,Other,false,503-(568)127-9412
65cc0978-9f12-471d-9aa5-528ee05c3523,Home,false,55-(689)714-1197
65cc0978-9f12-471d-9aa5-528ee05c3523,Work,false,86-(347)226-7372
65cc0978-9f12-471d-9aa5-528ee05c3523,Mobile,true,7-(132)322-1782
65cc0978-9f12-471d-9aa5-528ee05c3523,Fax,false,63-(515)139-3815
65cc0978-9f12-471d-9aa5-528ee05c3523,Other,false,225-(151)980-4951
1cc1f351-8042-4d47-9708-ec13114e068b,Home,true,62-(466)777-5424
1cc1f351-8042-4d47-9708-ec13114e068b,Work,false,996-(754)141-0049
1cc1f351-8042-4d47-9708-ec13114e068b,Mobile,true,63-(103)289-4488
1cc1f351-8042-4d47-9708-ec13114e068b,Fax,false,62-(700)968-0897
1cc1f351-8042-4d47-9708-ec13114e068b,Other,true,46-(123)355-1777
8c6ced7c-0235-43c0-9808-b7cc657eccd7,Home,false,86-(585)490-7347
8c6ced7c-0235-43c0-9808-b7cc657eccd7,Work,false,420-(516)899-7875
8c6ced7c-0235-43c0-9808-b7cc657eccd7,Mobile,true,86-(757)974-6244
8c6ced7c-0235-43c0-9808-b7cc657eccd7,Fax,true,86-(104)957-5094
8c6ced7c-0235-43c0-9808-b7cc657eccd7,Other,true,381-(111)944-1761
4004a2d3-cd25-435f-947e-34c92f7b7b85,Home,false,86-(987)386-2364
4004a2d3-cd25-435f-947e-34c92f7b7b85,Work,true,62-(226)775-0741
4004a2d3-cd25-435f-947e-34c92f7b7b85,Mobile,,86-(932)906-6706
4004a2d3-cd25-435f-947e-34c92f7b7b85,Fax,true,86-(839)693-9240
4004a2d3-cd25-435f-947e-34c92f7b7b85,Other,true,7-(704)581-9906
d7ebf363-7b1e-416e-ab0a-8f14f43daed0,Home,false,33-(292)127-8294
d7ebf363-7b1e-416e-ab0a-8f14f43daed0,Work,false,52-(767)335-5521
d7ebf363-7b1e-416e-ab0a-8f14f43daed0,Mobile,false,963-(574)615-6783
d7ebf363-7b1e-416e-ab0a-8f14f43daed0,Fax,true,62-(925)775-1375
d7ebf363-7b1e-416e-ab0a-8f14f43daed0,Other,true,45-(320)274-9273
fd901a5d-53a5-4551-90de-caa8f6130918,Home,false,34-(504)295-5179
fd901a5d-53a5-4551-90de-caa8f6130918,Work,true,86-(190)140-6439
fd901a5d-53a5-4551-90de-caa8f6130918,Mobile,true,420-(499)941-6789
fd901a5d-53a5-4551-90de-caa8f6130918,Fax,true,52-(396)692-2692
fd901a5d-53a5-4551-90de-caa8f6130918,Other,false,260-(668)756-1021
b0fea222-2367-48c6-a187-719184ba9d5b,Home,false,27-(818)994-8240
b0fea222-2367-48c6-a187-719184ba9d5b,Work,false,48-(658)818-1033
b0fea222-2367-48c6-a187-719184ba9d5b,Mobile,true,33-(467)980-4171
b0fea222-2367-48c6-a187-719184ba9d5b,Fax,false,216-(299)669-2070
b0fea222-2367-48c6-a187-719184ba9d5b,Other,false,62-(685)392-3180
44c87c50-82ea-4016-838e-ed0584b781b8,Home,false,7-(865)978-3531
44c87c50-82ea-4016-838e-ed0584b781b8,Work,false,380-(237)221-4014
44c87c50-82ea-4016-838e-ed0584b781b8,Mobile,true,86-(249)286-5487
44c87c50-82ea-4016-838e-ed0584b781b8,Fax,true,30-(582)176-7125
44c87c50-82ea-4016-838e-ed0584b781b8,Other,false,63-(746)201-2323
7da4132b-cd6a-4936-a1ee-950226d5af09,Home,true,54-(224)900-6752
7da4132b-cd6a-4936-a1ee-950226d5af09,Work,true,249-(112)689-5163
7da4132b-cd6a-4936-a1ee-950226d5af09,Mobile,false,63-(283)874-1750
7da4132b-cd6a-4936-a1ee-950226d5af09,Fax,true,62-(148)305-1213
7da4132b-cd6a-4936-a1ee-950226d5af09,Other,true,86-(955)996-8797
ddb1f396-0f1a-418e-89e1-fb8dbe4e6ddf,Home,false,86-(630)690-5705
ddb1f396-0f1a-418e-89e1-fb8dbe4e6ddf,Work,false,7-(739)950-2909
ddb1f396-0f1a-418e-89e1-fb8dbe4e6ddf,Mobile,true,86-(528)830-2915
ddb1f396-0f1a-418e-89e1-fb8dbe4e6ddf,Fax,true,81-(966)411-0639
ddb1f396-0f1a-418e-89e1-fb8dbe4e6ddf,Other,true,46-(939)659-0858
e7fc2cc3-4e2b-46bd-a0cc-17c374090883,Home,true,86-(970)544-0221
e7fc2cc3-4e2b-46bd-a0cc-17c374090883,Work,false,55-(653)803-7845
e7fc2cc3-4e2b-46bd-a0cc-17c374090883,Mobile,false,255-(607)734-3043
e7fc2cc3-4e2b-46bd-a0cc-17c374090883,Fax,true,63-(426)453-9830
e7fc2cc3-4e2b-46bd-a0cc-17c374090883,Other,true,63-(910)958-8640
fe302e0e-c141-4f7a-97c6-c932fd231f7c,Home,true,385-(260)525-8083
fe302e0e-c141-4f7a-97c6-c932fd231f7c,Work,true,7-(107)946-2994
fe302e0e-c141-4f7a-97c6-c932fd231f7c,Mobile,true,420-(241)210-5363
fe302e0e-c141-4f7a-97c6-c932fd231f7c,Fax,true,420-(626)663-7540
fe302e0e-c141-4f7a-97c6-c932fd231f7c,Other,true,670-(440)805-7458
72e54595-2847-48a4-93a6-2d780e16a792,Home,false,261-(887)498-8504
72e54595-2847-48a4-93a6-2d780e16a792,Work,false,1-(977)297-8453
72e54595-2847-48a4-93a6-2d780e16a792,Mobile,false,48-(713)953-4772
72e54595-2847-48a4-93a6-2d780e16a792,Fax,true,86-(332)548-8365
72e54595-2847-48a4-93a6-2d780e16a792,Other,true,86-(890)595-5202
91996ec0-ad22-4803-9511-241d7db7e5d5,Home,true,48-(519)909-1263
91996ec0-ad22-4803-9511-241d7db7e5d5,Work,true,86-(517)719-7460
91996ec0-ad22-4803-9511-241d7db7e5d5,Mobile,true,62-(186)825-0215
91996ec0-ad22-4803-9511-241d7db7e5d5,Fax,,48-(536)460-8068
91996ec0-ad22-4803-9511-241d7db7e5d5,Other,false,57-(619)449-7461
e1d17d49-7caf-4933-b0fa-af82d22b477b,Home,true,994-(181)663-5007
e1d17d49-7caf-4933-b0fa-af82d22b477b,Work,false,358-(736)836-2841
e1d17d49-7caf-4933-b0fa-af82d22b477b,Mobile,true,1-(531)241-5108
e1d17d49-7caf-4933-b0fa-af82d22b477b,Fax,false,86-(404)190-5991
e1d17d49-7caf-4933-b0fa-af82d22b477b,,true,62-(997)337-2862
bf0c2ce9-42e1-40d7-9120-ef06b226eb79,Home,true,7-(307)734-0180
bf0c2ce9-42e1-40d7-9120-ef06b226eb79,Work,false,86-(982)259-0855
bf0c2ce9-42e1-40d7-9120-ef06b226eb79,Mobile,true,63-(932)382-1771
bf0c2ce9-42e1-40d7-9120-ef06b226eb79,Fax,true,62-(246)668-5154
bf0c2ce9-42e1-40d7-9120-ef06b226eb79,Other,,62-(944)811-9470
61d557fe-dd7a-4a88-b46f-b1c90df4366b,Home,false,31-(103)180-8036
61d557fe-dd7a-4a88-b46f-b1c90df4366b,Work,false,62-(850)335-2975
61d557fe-dd7a-4a88-b46f-b1c90df4366b,Mobile,false,54-(927)714-8827
61d557fe-dd7a-4a88-b46f-b1c90df4366b,Fax,false,33-(885)301-4709
61d557fe-dd7a-4a88-b46f-b1c90df4366b,Other,false,48-(710)439-8096
83bd9784-e586-402e-b807-390755d1ac18,Home,true,46-(879)540-5975
83bd9784-e586-402e-b807-390755d1ac18,Work,true,963-(718)189-4479
83bd9784-e586-402e-b807-390755d1ac18,Mobile,,961-(814)964-3742
83bd9784-e586-402e-b807-390755d1ac18,Fax,false,86-(515)627-8858
83bd9784-e586-402e-b807-390755d1ac18,Other,true,62-(336)386-0208
a8293fc4-059b-4991-bdf9-94f3c14f88c6,Home,false,389-(564)455-2945
a8293fc4-059b-4991-bdf9-94f3c14f88c6,Work,,62-(132)786-8189
a8293fc4-059b-4991-bdf9-94f3c14f88c6,Mobile,false,55-(664)977-5484
a8293fc4-059b-4991-bdf9-94f3c14f88c6,Fax,true,46-(145)349-2499
a8293fc4-059b-4991-bdf9-94f3c14f88c6,Other,true,351-(822)604-6735
b091e471-34ce-4c77-81d3-8263c47e83d8,Home,false,62-(869)676-4733
b091e471-34ce-4c77-81d3-8263c47e83d8,Work,false,383-(361)431-5066
b091e471-34ce-4c77-81d3-8263c47e83d8,Mobile,,62-(781)909-9941
b091e471-34ce-4c77-81d3-8263c47e83d8,Fax,true,998-(762)717-6610
b091e471-34ce-4c77-81d3-8263c47e83d8,Other,true,86-(126)786-5041
d4ed0513-dbb6-4111-9349-d35ea50f2806,Home,false,30-(797)557-7217
d4ed0513-dbb6-4111-9349-d35ea50f2806,Work,true,374-(674)169-8017
d4ed0513-dbb6-4111-9349-d35ea50f2806,Mobile,false,81-(696)121-5332
d4ed0513-dbb6-4111-9349-d35ea50f2806,Fax,false,7-(286)291-7297
d4ed0513-dbb6-4111-9349-d35ea50f2806,Other,true,1-(520)652-5075
ff8e3044-bb66-4f4d-9d11-ba97e2b7d751,Home,true,387-(193)558-4604
ff8e3044-bb66-4f4d-9d11-ba97e2b7d751,Work,false,420-(978)378-4324
ff8e3044-bb66-4f4d-9d11-ba97e2b7d751,Mobile,true,62-(981)711-1184
ff8e3044-bb66-4f4d-9d11-ba97e2b7d751,Fax,true,850-(359)507-4919
ff8e3044-bb66-4f4d-9d11-ba97e2b7d751,Other,true,237-(401)391-0091
3799e7dc-903c-4b76-b232-5ad3078858a4,Home,false,850-(721)378-4694
3799e7dc-903c-4b76-b232-5ad3078858a4,Work,false,62-(955)399-1868
3799e7dc-903c-4b76-b232-5ad3078858a4,Mobile,false,244-(374)406-6245
3799e7dc-903c-4b76-b232-5ad3078858a4,Fax,false,1-(513)293-9011
3799e7dc-903c-4b76-b232-5ad3078858a4,Other,true,357-(194)719-7136
ce3dc76a-32d3-4922-8599-9846e6eb505d,Home,,7-(166)787-5229
ce3dc76a-32d3-4922-8599-9846e6eb505d,Work,true,506-(438)601-9347
ce3dc76a-32d3-4922-8599-9846e6eb505d,Mobile,false,7-(645)739-4221
ce3dc76a-32d3-4922-8599-9846e6eb505d,Fax,false,60-(245)933-4189
ce3dc76a-32d3-4922-8599-9846e6eb505d,Other,true,256-(311)331-6028
733987b7-3472-45fb-ab07-0234f45a610a,Home,false,62-(900)244-1222
733987b7-3472-45fb-ab07-0234f45a610a,Work,true,62-(991)892-5316
733987b7-3472-45fb-ab07-0234f45a610a,Mobile,false,86-(559)456-9444
733987b7-3472-45fb-ab07-0234f45a610a,Fax,false,86-(221)510-2481
733987b7-3472-45fb-ab07-0234f45a610a,Other,,86-(930)243-4648
08cda209-ae43-4939-96ca-30bb7d689dea,Home,false,55-(243)344-6017
08cda209-ae43-4939-96ca-30bb7d689dea,Work,true,380-(682)308-1272
08cda209-ae43-4939-96ca-30bb7d689dea,Mobile,true,598-(291)674-4507
08cda209-ae43-4939-96ca-30bb7d689dea,Fax,true,504-(440)851-6343
08cda209-ae43-4939-96ca-30bb7d689dea,Other,true,55-(852)134-9782
6219a8ab-bedf-4724-9ce4-6171c00a7437,Home,false,66-(692)968-4718
6219a8ab-bedf-4724-9ce4-6171c00a7437,Work,true,86-(504)102-7528
6219a8ab-bedf-4724-9ce4-6171c00a7437,Mobile,true,381-(994)149-2329
6219a8ab-bedf-4724-9ce4-6171c00a7437,Fax,true,55-(303)970-3057
6219a8ab-bedf-4724-9ce4-6171c00a7437,Other,true,992-(127)978-9276
f9f1901b-e0bd-48c5-ba47-de214730a607,Home,true,359-(173)576-3503
f9f1901b-e0bd-48c5-ba47-de214730a607,Work,false,62-(478)872-9564
f9f1901b-e0bd-48c5-ba47-de214730a607,Mobile,true,86-(235)497-9581
f9f1901b-e0bd-48c5-ba47-de214730a607,Fax,true,86-(740)168-6325
f9f1901b-e0bd-48c5-ba47-de214730a607,Other,false,86-(674)413-8096
f52c92c1-00ef-4667-9cfc-12e26a0d877a,Home,false,998-(242)643-2244
f52c92c1-00ef-4667-9cfc-12e26a0d877a,Work,,81-(266)433-7093
f52c92c1-00ef-4667-9cfc-12e26a0d877a,Mobile,false,62-(395)211-6310
f52c92c1-00ef-4667-9cfc-12e26a0d877a,Fax,false,46-(780)250-1715
f52c92c1-00ef-4667-9cfc-12e26a0d877a,Other,false,420-(364)350-5670
c0b96404-5723-4401-8e1d-3e458ca32812,Home,true,60-(792)381-8170
c0b96404-5723-4401-8e1d-3e458ca32812,Work,false,86-(806)581-2468
c0b96404-5723-4401-8e1d-3e458ca32812,Mobile,true,227-(888)630-2348
c0b96404-5723-4401-8e1d-3e458ca32812,Fax,false,95-(234)559-1053
c0b96404-5723-4401-8e1d-3e458ca32812,Other,false,51-(226)171-2331
7b9a65f7-0974-4cf6-a7ed-71b651931245,Home,true,48-(499)791-3426
7b9a65f7-0974-4cf6-a7ed-71b651931245,Work,false,52-(715)615-2053
7b9a65f7-0974-4cf6-a7ed-71b651931245,Mobile,false,60-(265)281-1780
7b9a65f7-0974-4cf6-a7ed-71b651931245,Fax,false,1-(214)753-8384
7b9a65f7-0974-4cf6-a7ed-71b651931245,Other,false,56-(744)410-4433
696e37ca-4d4c-4982-9688-1b2b2b9a3113,Home,true,7-(955)426-8359
696e37ca-4d4c-4982-9688-1b2b2b9a3113,Work,false,86-(345)268-2662
696e37ca-4d4c-4982-9688-1b2b2b9a3113,Mobile,true,62-(444)896-8342
696e37ca-4d4c-4982-9688-1b2b2b9a3113,Fax,true,998-(259)355-3907
696e37ca-4d4c-4982-9688-1b2b2b9a3113,Other,true,1-(314)416-1917
bf321e49-0947-47c0-9031-1c18364a82c5,Home,false,30-(287)262-8312
bf321e49-0947-47c0-9031-1c18364a82c5,Work,true,86-(382)663-0654
bf321e49-0947-47c0-9031-1c18364a82c5,Mobile,true,242-(458)838-3050
bf321e49-0947-47c0-9031-1c18364a82c5,Fax,true,57-(760)935-3342
bf321e49-0947-47c0-9031-1c18364a82c5,Other,true,381-(549)497-3286
298ebfa9-44bd-404c-837a-bce8ae86ea82,Home,,48-(443)551-4287
298ebfa9-44bd-404c-837a-bce8ae86ea82,Work,false,62-(170)133-0651
298ebfa9-44bd-404c-837a-bce8ae86ea82,Mobile,true,55-(787)425-8963
298ebfa9-44bd-404c-837a-bce8ae86ea82,Fax,false,48-(958)301-8993
298ebfa9-44bd-404c-837a-bce8ae86ea82,Other,,86-(403)521-6500
77557a8f-e438-44a7-9053-99fb2c9f6cc7,Home,false,30-(410)824-1183
77557a8f-e438-44a7-9053-99fb2c9f6cc7,Work,false,33-(386)367-9512
77557a8f-e438-44a7-9053-99fb2c9f6cc7,Mobile,false,86-(819)880-7129
77557a8f-e438-44a7-9053-99fb2c9f6cc7,Fax,true,36-(444)508-3646
77557a8f-e438-44a7-9053-99fb2c9f6cc7,Other,false,420-(852)697-1967
8ec285b8-b3db-4a1f-ada7-104738081edf,Home,true,63-(499)670-9999
8ec285b8-b3db-4a1f-ada7-104738081edf,Work,,212-(427)113-9058
8ec285b8-b3db-4a1f-ada7-104738081edf,Mobile,false,504-(880)970-3837
8ec285b8-b3db-4a1f-ada7-104738081edf,Fax,true,54-(299)467-8893
8ec285b8-b3db-4a1f-ada7-104738081edf,Other,true,355-(278)976-2371
d9ad1601-fc8d-4faf-823e-bf2ac4cb436d,Home,true,850-(337)843-5722
d9ad1601-fc8d-4faf-823e-bf2ac4cb436d,Work,true,234-(575)577-8504
d9ad1601-fc8d-4faf-823e-bf2ac4cb436d,Mobile,true,86-(477)661-6787
d9ad1601-fc8d-4faf-823e-bf2ac4cb436d,Fax,true,62-(148)302-0425
d9ad1601-fc8d-4faf-823e-bf2ac4cb436d,,true,94-(812)242-2195
79212893-ddf0-487f-9242-298dedd7018a,Home,false,86-(114)149-7389
79212893-ddf0-487f-9242-298dedd7018a,Work,true,46-(453)816-6506
79212893-ddf0-487f-9242-298dedd7018a,Mobile,true,86-(600)964-3431
79212893-ddf0-487f-9242-298dedd7018a,Fax,true,351-(849)418-6195
79212893-ddf0-487f-9242-298dedd7018a,Other,true,86-(524)449-9578
ea52b743-dd86-4de2-8965-c7a4bd322860,Home,,33-(494)456-7977
ea52b743-dd86-4de2-8965-c7a4bd322860,Work,true,48-(972)445-9778
ea52b743-dd86-4de2-8965-c7a4bd322860,Mobile,true,81-(148)571-7441
ea52b743-dd86-4de2-8965-c7a4bd322860,Fax,true,7-(947)275-1502
ea52b743-dd86-4de2-8965-c7a4bd322860,Other,false,33-(273)310-9683
ff3515f1-7a38-4001-bb2b-0980f08ea6ba,Home,false,81-(466)647-7924
ff3515f1-7a38-4001-bb2b-0980f08ea6ba,Work,true,86-(584)586-3601
ff3515f1-7a38-4001-bb2b-0980f08ea6ba,Mobile,false,962-(115)407-1497
ff3515f1-7a38-4001-bb2b-0980f08ea6ba,Fax,true,82-(946)231-4966
ff3515f1-7a38-4001-bb2b-0980f08ea6ba,Other,false,269-(285)339-9311
16bc2663-f478-4a0a-9ecb-45df9992239d,Home,true,351-(344)399-4264
16bc2663-f478-4a0a-9ecb-45df9992239d,Work,false,86-(500)785-3998
16bc2663-f478-4a0a-9ecb-45df9992239d,Mobile,false,48-(496)727-3639
16bc2663-f478-4a0a-9ecb-45df9992239d,Fax,true,98-(902)577-2725
16bc2663-f478-4a0a-9ecb-45df9992239d,Other,,355-(854)355-9134
9e07cace-ab65-48f9-8d34-00260ab9066f,Home,false,98-(459)292-0322
9e07cace-ab65-48f9-8d34-00260ab9066f,Work,false,221-(536)286-8981
9e07cace-ab65-48f9-8d34-00260ab9066f,Mobile,true,30-(893)972-3356
9e07cace-ab65-48f9-8d34-00260ab9066f,Fax,false,66-(580)629-4026
9e07cace-ab65-48f9-8d34-00260ab9066f,Other,true,62-(811)208-3512
1833c937-453b-4296-95fc-930e8c15ab5f,,false,86-(326)705-7147
1833c937-453b-4296-95fc-930e8c15ab5f,Work,true,1-(266)301-6643
1833c937-453b-4296-95fc-930e8c15ab5f,Mobile,true,48-(192)753-2072
1833c937-453b-4296-95fc-930e8c15ab5f,Fax,true,371-(331)319-9626
1833c937-453b-4296-95fc-930e8c15ab5f,Other,true,86-(582)354-3054
89aea1b9-b77a-44a6-9e7c-90f790996f33,Home,true,86-(873)287-1903
89aea1b9-b77a-44a6-9e7c-90f790996f33,Work,false,41-(980)952-1075
89aea1b9-b77a-44a6-9e7c-90f790996f33,Mobile,true,55-(229)306-5927
89aea1b9-b77a-44a6-9e7c-90f790996f33,Fax,true,33-(809)160-5828
89aea1b9-b77a-44a6-9e7c-90f790996f33,Other,false,33-(718)432-4730
3a754efe-435a-4d49-9fe1-4a6a8d9d0160,Home,true,63-(938)750-4715
3a754efe-435a-4d49-9fe1-4a6a8d9d0160,Work,true,63-(168)311-2192
3a754efe-435a-4d49-9fe1-4a6a8d9d0160,Mobile,true,7-(904)298-0201
3a754efe-435a-4d49-9fe1-4a6a8d9d0160,Fax,false,62-(201)105-0921
3a754efe-435a-4d49-9fe1-4a6a8d9d0160,Other,true,48-(153)255-4178
b4681f48-bc35-4400-9982-e8e726c5e6a0,Home,false,86-(513)543-2933
b4681f48-bc35-4400-9982-e8e726c5e6a0,Work,false,86-(647)826-8404
b4681f48-bc35-4400-9982-e8e726c5e6a0,Mobile,true,420-(505)179-5503
b4681f48-bc35-4400-9982-e8e726c5e6a0,Fax,true,84-(462)923-2738
b4681f48-bc35-4400-9982-e8e726c5e6a0,Other,false,380-(717)509-6754
a41bfce0-b163-4f46-ba10-b22a357188be,Home,false,267-(622)984-0141
a41bfce0-b163-4f46-ba10-b22a357188be,Work,true,86-(797)698-2133
a41bfce0-b163-4f46-ba10-b22a357188be,Mobile,true,374-(301)552-5096
a41bfce0-b163-4f46-ba10-b22a357188be,Fax,true,387-(211)947-2833
a41bfce0-b163-4f46-ba10-b22a357188be,Other,false,507-(305)283-7175
0fb2eb74-78c2-4ad7-9ef4-2aacd665a070,Home,false,55-(953)778-1390
0fb2eb74-78c2-4ad7-9ef4-2aacd665a070,Work,false,55-(280)646-2360
0fb2eb74-78c2-4ad7-9ef4-2aacd665a070,Mobile,false,380-(394)557-7078
0fb2eb74-78c2-4ad7-9ef4-2aacd665a070,Fax,true,93-(373)147-1960
0fb2eb74-78c2-4ad7-9ef4-2aacd665a070,Other,false,51-(597)366-8741
348792ef-abec-4e9a-96a3-f347e71fe071,Home,false,7-(775)163-0375
348792ef-abec-4e9a-96a3-f347e71fe071,Work,,62-(192)284-4571
348792ef-abec-4e9a-96a3-f347e71fe071,Mobile,false,62-(638)656-8441
348792ef-abec-4e9a-96a3-f347e71fe071,Fax,false,51-(950)472-3668
348792ef-abec-4e9a-96a3-f347e71fe071,,true,420-(343)858-7874
cc570590-9261-4317-8a40-3c0004b5c816,Home,false,55-(285)445-0353
cc570590-9261-4317-8a40-3c0004b5c816,Work,false,63-(832)873-6529
cc570590-9261-4317-8a40-3c0004b5c816,Mobile,false,354-(474)744-5842
cc570590-9261-4317-8a40-3c0004b5c816,Fax,false,51-(677)403-8955
cc570590-9261-4317-8a40-3c0004b5c816,Other,false,7-(536)169-6001
bd7e33e8-d79a-4fb6-a3ce-d2101df2d6fe,Home,true,55-(741)813-5828
bd7e33e8-d79a-4fb6-a3ce-d2101df2d6fe,Work,,353-(722)248-2366
bd7e33e8-d79a-4fb6-a3ce-d2101df2d6fe,Mobile,false,420-(431)733-5417
bd7e33e8-d79a-4fb6-a3ce-d2101df2d6fe,Fax,false,46-(471)502-7810
bd7e33e8-d79a-4fb6-a3ce-d2101df2d6fe,Other,false,370-(947)980-6496
c36bac32-cccd-4f60-b42d-5e86f8a5ffe5,Home,true,86-(746)391-8267
c36bac32-cccd-4f60-b42d-5e86f8a5ffe5,Work,true,7-(548)715-3539
c36bac32-cccd-4f60-b42d-5e86f8a5ffe5,Mobile,true,504-(364)808-9732
c36bac32-cccd-4f60-b42d-5e86f8a5ffe5,Fax,false,64-(298)281-1200
c36bac32-cccd-4f60-b42d-5e86f8a5ffe5,Other,false,86-(468)155-3012
7a6a5c25-c6a9-4115-9cae-53dee4ace4d6,Home,false,63-(439)685-2527
7a6a5c25-c6a9-4115-9cae-53dee4ace4d6,Work,false,51-(421)980-6404
7a6a5c25-c6a9-4115-9cae-53dee4ace4d6,Mobile,,33-(844)960-7293
7a6a5c25-c6a9-4115-9cae-53dee4ace4d6,Fax,,233-(456)211-6576
7a6a5c25-c6a9-4115-9cae-53dee4ace4d6,Other,true,86-(795)956-7713
