ProgramExternalId,StudentExternalId
wDPqm6,315b9176-9763-434b-ada0-7960f0aa98cc
A1VKdpCx,d7e6e677-17e8-4950-9d1a-6853db6aa379
cpbxhKsyEz6l,5fc08bf4-92d8-48d1-bd22-967be93897ec
ZlsIRsiT,1af9e61e-1d89-4ea5-b40a-a0f753754fd9
13nBE3TTgsO,628f0035-07ac-4c95-a9e7-5bb4b4e2711e
i8K86g4ERX1f,3ec4489b-b55d-4566-9e28-c96388018702
SoNuXj,33c6f2c0-195d-4ad6-8b55-897dd229e8b5
mavrPbI241UM,7b9a65f7-0974-4cf6-a7ed-71b651931245
ph0ubsaQmWu,2f1c4b9d-62a6-40ac-b691-60f712a3a43a
BpIGDaLJ,aeb312e6-a069-4ea7-af83-bd0e7df3325c
EnoSwX,456354dc-bfee-48eb-8ba3-0f7a36136f52
Ky0BmQg,6144c06a-c7e8-424f-ad69-c8c9e37309cf
n0KnQoDL1tU,2cecfffb-6ef7-442c-887b-43f6dc48ae57
Zklqy3dWu,cae7aa92-1610-400e-bc23-344a6d572d34
3HPOX2,161b54da-21a2-4bc0-87ab-ef425147d5b1
xAfOLe,07df0ea7-c773-4d23-ae9f-9a266222b49a
p1GGaovcSBk,089b5cad-af4d-49a6-b1a8-d5a7d4dccd37
lw6TYwc1gh,2918f9ae-31a8-4fd2-b837-e83710422ed7
Dm8eeSVt,c1d286d2-62ca-42b8-9f7f-8ed73f36ad5a
13nBE3TTgsO,50895360-049d-4bcd-b455-4a8925ab8908
n0KnQoDL1tU,3c1c8dd9-da78-4420-bace-b4cc1ad41576
v0PfkMiOYP,978fcee7-6db8-4f02-9fff-47c3682580b6
G3DoyrEk,2d35d47d-818f-4cb5-95ca-67c11d9d89ee
BxdKPse,df80eed3-dd2a-4fa1-a337-7b185d149e17
piKQu5c3,f4dd8a37-6435-4cfa-85f1-dbe22998738c
xpIn1A,e426685e-9b1d-42e2-86ba-d2f78d7e6ce3
CA91phKJ,f1c9c571-f137-4336-8a72-a26fcd82a4b6
SEHN2CG,f5e18f4e-2cf5-4bf0-9e3c-c0436057501d
JvvMqTeuKpLX,650f78b5-a8ff-4b7d-9db8-fcddc46e01df
3HPOX2,e9059ef7-ac4b-4841-a43a-f00d8ff87ac7
WXy4uS6HEH79,bcba0848-8689-40dc-8bc8-9c235e83621d
i8K86g4ERX1f,e1aa8263-bd3c-4f9a-b01a-00b94ad6eacb
OhGbfDyR5,85e17df4-1ca1-46fa-983e-f0312fbebc33
83D9Plj9,0214d9c5-9b41-4e55-b6d4-7247a66185b9
mm3BEXM,d2e6face-2ce6-416e-a273-e750ffc8c865
BpIGDaLJ,b848d48e-7185-4869-8e71-ef12dc1972d3
OhGbfDyR5,447bae7a-0db9-4692-ba5a-dabb87b7b0ea
xAfOLe,e5a44abc-8d02-4b7b-a047-1b8a767b49a9
oZpIww42cjej,7341a2ec-8211-4bb1-9a0b-6e529c55b16e
JvvMqTeuKpLX,3556ace8-6a6e-412a-9e18-d577123872a0
ZlsIRsiT,bbd304d1-a816-4221-8c58-92baf1965013
zk5uydTKHe,d6c379d8-4cb4-4b44-81b9-1b8ad6e41a2e
tDOLxS,8b5e68cf-70bd-4f8a-8a30-2762ae92d4c1
G3DoyrEk,cea24547-fe53-41b3-a4a3-55e6b7b8347c
qWV86SB,8937c560-c487-4390-80fe-256b5b844827
OBMUrD,95528926-7526-4f90-8c31-ac184d463d3c
EnoSwX,ebd1f4da-dfeb-4964-9876-0bcad8310622
JvvMqTeuKpLX,748f8914-3bac-4039-ae6e-997ce7e6cbf9
1FNLsiRPzKU,942aa65b-ddfc-41f8-aa92-f5c87b9ece2e
qWV86SB,12baaea2-3820-4a19-a412-3147aa2d1beb
SEHN2CG,e65b2c35-7f37-41ed-883f-d8decc84b663
piKQu5c3,3de5a9a8-9668-4865-8c76-4b9c43d58e11
1rMOWKWcVrB,cf69d93e-4547-4962-9052-2539edd6e7f0
oZpIww42cjej,545e07ee-fa78-4b1e-a3b5-00c1c4a266e0
ph0ubsaQmWu,3717c41e-5395-4a1d-b69f-c5754a0321ff
SoNuXj,a44a2b29-56b0-4dd9-a294-e4a599ed9fa0
i8K86g4ERX1f,20443b0b-7a36-421f-a9d3-75440d6c6c9a
SEHN2CG,c0c305b7-c3e8-459c-a1b3-678c8fe73551
B81edwBxmCK3,733987b7-3472-45fb-ab07-0234f45a610a
xAfOLe,f0f61637-1a23-4e4f-8ae6-3a35ce7a359e
qntYpImzXjH7,6be9bf42-80ac-4416-9304-ebdc30878c6f
G3DoyrEk,169077ed-7008-493e-9312-fe75140ce8d1
BpIGDaLJ,8205ccc5-91cc-4721-a95f-db1cd79a1990
oZpIww42cjej,486cb730-8764-44ad-8e20-6b69ea34b037
xpIn1A,4c21eab3-9b22-4dfb-8958-115f15861317
qeQQohm1,3e0078f8-9944-4026-b571-a86083cf2b9d
xpIn1A,2198faf1-24ee-461f-af90-d27dd04934bd
83D9Plj9,97ceafa5-d02b-471f-a9d2-9921c16538b0
PzDgOOPIl,1012875c-6c57-493c-86d2-cde752d22d81
Pc9xFd,788fdf43-cd7f-4fe5-ad5e-90ae95f2ab24
WXy4uS6HEH79,e182666a-223d-402e-a044-e4bb430355d4
mm3BEXM,b35bcab5-ac36-42c3-812b-5c1b5fc4ecfa
YEsDtJt,fd901a5d-53a5-4551-90de-caa8f6130918
G3DoyrEk,6b4e9c95-15d6-4c68-8be6-e1862242e2d3
YIcxvdo3ivC,25032932-1b63-42b5-ae3f-ec038445e80b
sPrpTqa,8467e238-287a-42f8-9052-dcd0be473ba8
qWV86SB,a3472600-aa1d-49fb-aad1-d23668327e2e
AllvtBbEf,905ca464-26f3-478b-9d7a-113dfdb200dd
cpbxhKsyEz6l,4e960f1c-be59-4662-b3e5-e6af540b910c
83D9Plj9,0dd444b2-1a61-4f8a-aa9e-1e7b544b9880
asglOCUwWe,ee846466-3f93-48ea-97c1-ae55105ccaf8
Ky0BmQg,b7c88472-b4d0-4138-9c46-130430bd5578
MmGI6VghuM,e574f7c6-6993-435f-b286-d45c249acaef
3qfJEe,3799e7dc-903c-4b76-b232-5ad3078858a4
qWV86SB,6d4e47a0-3bb5-43af-9f47-eec540675b7a
gMjAbBQaBQnC,ff3515f1-7a38-4001-bb2b-0980f08ea6ba
xlf7DpHe,6219a8ab-bedf-4724-9ce4-6171c00a7437
mavrPbI241UM,bf321e49-0947-47c0-9031-1c18364a82c5
cpbxhKsyEz6l,50841f09-f818-42af-a347-31a3d92dade6
p2Go2OOqrMx,d038ef93-b643-4003-b32b-35c4bce95964
4WNFePdGurY,163b5701-4096-4c72-9ab1-10ac8b294266
OBMUrD,43ae86f5-9d50-4c2c-90d8-009c3125d1af
4WNFePdGurY,ea52b743-dd86-4de2-8965-c7a4bd322860
zk5uydTKHe,935ad276-aaf0-490a-a82f-9178b088c7fb
6w8y9W,d7ba2f89-7191-4274-a042-17d4dce638e6
mm3BEXM,628f0035-07ac-4c95-a9e7-5bb4b4e2711e
FzUN5uVOYg,91993edd-68bb-41d1-87e9-12f3d38fed61
NJ9dvWMO3thk,19317942-a26f-433c-8ec5-443f6b28caf8
kGrMDsqHSa,eee202d1-dfcb-4a27-bfbe-64d7dd9ef42b
3qfJEe,ccc5122e-31a0-404a-a642-4374102ba252
z9T976T,08bb9d94-985f-49be-b20c-a74567f56479
oQ0Cxs3DSN3N,79212893-ddf0-487f-9242-298dedd7018a
EnoSwX,748f8914-3bac-4039-ae6e-997ce7e6cbf9
p1GGaovcSBk,f226b784-bfc2-4f42-a1a4-6183590b19a8
n0KnQoDL1tU,e2de87f7-3179-4462-a791-d895db15f23a
I4CD60,12167632-6f1b-4065-9d3b-a0731c00d004
Zklqy3dWu,4b8a8ba7-6bec-47c1-abfe-f1e0b284ce3e
T9S21M88,a3a1390d-2845-4255-aaa9-c14cbabbf83b
xpIn1A,0619f917-2489-4a26-a2aa-04acbb3eacf3
asglOCUwWe,33c6f2c0-195d-4ad6-8b55-897dd229e8b5
SMmGdex4Gfn,f76e9a83-f933-40d2-9576-052b372bdbaa
xAfOLe,7add9d52-395b-4aac-97fc-535fc1faf9f9
p1GGaovcSBk,7add9d52-395b-4aac-97fc-535fc1faf9f9
EtozO7W,33b1d6cc-8111-4594-b189-55bd8b4f6538
tDOLxS,104bfbef-fb9e-402e-b3fa-c4cd6d5d71ce
qWV86SB,ecbfe298-8f55-4969-83ba-d946ac01b798
NJ9dvWMO3thk,797d177b-1d72-4d33-b750-33244b4e2e15
fMSGCixMgG,41e7b531-a8e8-4acc-905c-d7024ef383ef
44Kh9WX,4cd40c7a-da18-4727-bc72-559a6e5abe16
PzDgOOPIl,cb4f94a9-00a7-4b42-b6fa-498934900468
Ky0BmQg,6bc90697-83f6-41ce-837c-36153759eb0b
OBMUrD,a6059470-1e2b-4479-8cc7-6ace788a3e41
FzUN5uVOYg,0926a669-36ae-4b80-851a-2ad939e4273a
ZlsIRsiT,08530107-76c1-4099-9641-fb6e474542a6
p1MyoAKeaP,16f515c4-470b-4b6e-8c5f-30778b273a05
YEsDtJt,600ec267-fe96-4595-b939-d78b68f033db
o5X9dBh,d474749e-42e4-432b-ab43-c3aed3ec803a
sPrpTqa,8205ccc5-91cc-4721-a95f-db1cd79a1990
mm3BEXM,44576d19-d30d-45ef-9e53-30d09435f3b2
SMmGdex4Gfn,3e11cc88-6912-45f2-9598-dad52e892564
H7WBiYpj,7faed680-f90d-4a7c-a187-211557bd1c0d
OBMUrD,ee106749-8b53-445e-8bc9-1babc72372ff
Pc9xFd,28350a54-6f0c-44b9-a9c2-647c542933d6
v0PfkMiOYP,a5a01f33-3b39-49fd-b705-79992fd8ae05
wDPqm6,174f8670-e1a3-46d4-877a-760e2a1245fe
sDmwHP2DjILX,d038ef93-b643-4003-b32b-35c4bce95964
TDyoKKpJWtGx,3717c41e-5395-4a1d-b69f-c5754a0321ff
1e43IoHSQ,486cb730-8764-44ad-8e20-6b69ea34b037
oQ0Cxs3DSN3N,3e11cc88-6912-45f2-9598-dad52e892564
T9S21M88,d6ef7c0f-4632-434c-a9c0-73ba3f262ace
i8K86g4ERX1f,174f8670-e1a3-46d4-877a-760e2a1245fe
mHiDNjFRuzf,4be6c2fe-394e-4cf4-9f7d-782ff3d45f78
i8K86g4ERX1f,af2df0dd-9376-4c0b-a65e-358086edcfd0
OEKkFOunN,ed5abcf0-ef7c-4385-8919-df0851d97883
oQ0Cxs3DSN3N,b1cf7b93-ec0a-4dd8-95bb-674f6fa361ec
8fVlwNZLX3,38c5c5f9-7373-4715-b107-73e2e0a2f88a
oZpIww42cjej,b048d8bb-05d4-4f0e-991e-9496040ccfb9
xugpFY,141f0dac-6863-419b-b5eb-81b8f376d38b
FsY6oVFd,dcc5f1c6-3553-4db8-938a-639457645c8c
1FNLsiRPzKU,a44a2b29-56b0-4dd9-a294-e4a599ed9fa0
gMjAbBQaBQnC,7d6a1701-be0b-4220-8f67-d16322c6b042
FzUN5uVOYg,20fae26f-9130-4ef5-9b27-ca48298f3254
13nBE3TTgsO,486cb730-8764-44ad-8e20-6b69ea34b037
gMjAbBQaBQnC,788fdf43-cd7f-4fe5-ad5e-90ae95f2ab24
1e43IoHSQ,16f515c4-470b-4b6e-8c5f-30778b273a05
WywYChVH,4e33328a-5dc8-4478-8d59-cf62e010698d
T9S21M88,cadf7c02-0995-470a-af2d-973c49db80a1
FzUN5uVOYg,494ec3c9-683e-4f0c-8463-cd9f27abf8ae
dnmz4Li,da022cba-19f5-4181-803a-b3338c837bbb
xAfOLe,739cf3ec-b5c6-44c5-abda-20897a3bf3e1
CA91phKJ,ca6c031e-0b7e-4859-a68f-5cc728e82172
fMSGCixMgG,6b4c3f9b-15cb-4bdb-b4fc-6b087ade4957
p1GGaovcSBk,212cdfc2-0022-4fe6-b1bf-ec3607e56d00
TDyoKKpJWtGx,11a58ba5-1ff1-49a0-82f4-70c45a2631ac
hO7IppdoY,1d782210-5cd8-4ef8-8241-18a4f191f1ed
OhGbfDyR5,a45f40f1-21a8-4f46-b139-bf36ed243f48
ph0ubsaQmWu,d7e6e677-17e8-4950-9d1a-6853db6aa379
KScWnglqw,9c43070f-ea11-4821-b5bf-6ed416fd3321
H7WBiYpj,e09f2972-025e-48df-a66b-778ee327dd4a
dnmz4Li,d7e6e677-17e8-4950-9d1a-6853db6aa379
EnoSwX,d6038a43-1dde-4655-b03d-755d6af0f40b
p2Go2OOqrMx,ea52b743-dd86-4de2-8965-c7a4bd322860
NJ9dvWMO3thk,33d36644-8ae2-459e-8529-dfabac2f26f5
Ky0BmQg,e3b75fe5-19f6-49c3-b0b1-4ee631ca9d1f
jrf0Ir8LCD4W,4208d79d-4903-4cb3-a1b2-0d74da069fa2
tgr3f1hlH,797d177b-1d72-4d33-b750-33244b4e2e15
8fVlwNZLX3,cdb14ae9-a496-4599-a0b9-821dfe72a696
p2Go2OOqrMx,b4cdc508-ccd2-4190-8814-bf20517b138c
xlf7DpHe,6144c06a-c7e8-424f-ad69-c8c9e37309cf
H7WBiYpj,7431395a-67a6-440b-a2a1-df855cb9c5d2
8fVlwNZLX3,40afa08a-7ed7-48e2-90ef-52de56042126
E6rgC58,d8320e00-f1a8-402e-9039-5539ca52334a
BxdKPse,c34f139a-a83c-422a-ae74-52b75a43b4cc
WywYChVH,0604c1f3-67eb-40f7-881f-3248d1062386
gMjAbBQaBQnC,e9de6622-58da-45b9-a345-c7cf905d7a6a
qWV86SB,88caf439-4700-4e82-976e-74aa9d446220
T9S21M88,aeb312e6-a069-4ea7-af83-bd0e7df3325c
ph0ubsaQmWu,ff677bd9-72c4-4156-b8fc-d7ce900f18a8
WywYChVH,0919d840-efa6-4f1b-8806-d6e9e2938868
xAfOLe,fb3eba05-1f32-4441-86e2-540edea15d80
8fVlwNZLX3,bcba0848-8689-40dc-8bc8-9c235e83621d
wDPqm6,11b0250b-0596-4930-9651-c89e063e338c
zkOXwTi,531ce0cc-6798-4070-96f9-a57eb8111fb5
Zw5afJbggFb,c8a9e584-dc4b-4518-8940-fecf431590b8
qWV86SB,447bae7a-0db9-4692-ba5a-dabb87b7b0ea
VKj19pwNsil,12167632-6f1b-4065-9d3b-a0731c00d004
3cPGOzDW,f76e9a83-f933-40d2-9576-052b372bdbaa
cpbxhKsyEz6l,e9de6622-58da-45b9-a345-c7cf905d7a6a
44Kh9WX,de449f4a-405d-4b55-80ad-2a2b39b8699d
BxdKPse,70d7ca06-cce8-4b65-9d92-6dae411c2864
oQ0Cxs3DSN3N,e3a1d6ff-3109-469e-b850-de1d4b83653e
AllvtBbEf,03696c9e-132c-4ed5-9401-fe2b1094dc60
Dm8eeSVt,43b14628-9295-4712-8f8c-2daa67d332a3
qWV86SB,e6da1fed-7914-4c2f-954c-a88073f1d0f0
TDyoKKpJWtGx,fd8e79eb-6dbf-487f-ab15-9d0f5f4ddfe6
SMmGdex4Gfn,9f80f825-f68f-4679-be21-df2c7a391bce
3HPOX2,b7c88472-b4d0-4138-9c46-130430bd5578
kGrMDsqHSa,a84211ad-b754-4f07-9276-9d62df945725
oYhpzI9PdMgd,02f22689-c45a-4e75-8299-cf90c73c1a69
ph0ubsaQmWu,16f515c4-470b-4b6e-8c5f-30778b273a05
oYhpzI9PdMgd,c8c51af8-0b8a-41a9-b95f-1c5890f05fd4
mavrPbI241UM,ed18d6b9-a5ff-4e4d-84cc-dd80fa734cba
EnoSwX,527f9fa2-8f87-4507-b31c-2cd7c0d8bbfc
8V8FOG,1f786150-2935-4be4-b1c8-9930c7ee52a3
JvvMqTeuKpLX,10cd1ae1-8d60-4c14-b29f-29f48cee294b
xugpFY,527f9fa2-8f87-4507-b31c-2cd7c0d8bbfc
FsY6oVFd,03696c9e-132c-4ed5-9401-fe2b1094dc60
PzDgOOPIl,c34f139a-a83c-422a-ae74-52b75a43b4cc
YEsDtJt,b8fea3ae-fb07-4256-a1e2-ce6ec08dd48d
qntYpImzXjH7,cd775c72-dc6b-4c37-8cd8-5e014b5f82f9
qWV86SB,163eeb7b-64d3-4947-9777-7ff5e431cf9f
kGrMDsqHSa,323a9f18-82eb-4833-8733-3a21cd4f862c
BgaqDz4W,18004308-a2f1-449d-a2bb-5e3dd3843f8c
BgOql7GVr5ls,57a1966a-7907-4c8d-a0c7-fb15ac6b62b5
dnmz4Li,8937c560-c487-4390-80fe-256b5b844827
z9T976T,0b2b898d-0704-4390-b303-925f05bec9e9
i8K86g4ERX1f,da487d99-fd48-4b12-bc96-6afcc9562061
lw6TYwc1gh,ccc5122e-31a0-404a-a642-4374102ba252
qeQQohm1,bfff6ffa-8c04-425a-866e-02d639f73fe0
dnmz4Li,f52c92c1-00ef-4667-9cfc-12e26a0d877a
KScWnglqw,cf733350-d28b-4752-9e13-e372e1615ef0
Ky0BmQg,7da4132b-cd6a-4936-a1ee-950226d5af09
gMjAbBQaBQnC,2aeba59b-3093-4237-98a2-ee5a94ac9fbd
JvvMqTeuKpLX,61d1295b-0c55-4b26-97b1-12b129c20075
Pc9xFd,d8320e00-f1a8-402e-9039-5539ca52334a
jrf0Ir8LCD4W,fdf0e496-01e0-49f0-9544-02453804a9a7
K0rwhDK,cb4f94a9-00a7-4b42-b6fa-498934900468
sDmwHP2DjILX,1c50d5fb-26e8-44ee-aa48-932a3926b3dd
hO7IppdoY,b7408d00-476a-40bf-bcf5-c0c36445ad8f
YEsDtJt,71ef6a3a-95f3-4db9-b7a3-85590f2c4d50
YEsDtJt,2df56ee9-a1a2-4e23-be4c-18e374ed0c53
fMSGCixMgG,f63d1a0c-6aca-411c-8b12-114d2535f1a7
4WNFePdGurY,251475c6-94f2-450a-80df-3ffb13f5e287
p1GGaovcSBk,e5bc966b-1963-4143-943b-164f67e211ad
jrf0Ir8LCD4W,0cc9ec09-bfb0-40f2-9f8c-c591e6c7d385
ph0ubsaQmWu,520190a0-32dc-409e-a01f-aeacdc1bb85f
Dm8eeSVt,4830e91c-82ad-48b9-9294-c757646a98a4
tDOLxS,6be9bf42-80ac-4416-9304-ebdc30878c6f
IO7GG0b,c6d218a0-f3e6-45d8-b1b3-ecc0c5980ca9
1rMOWKWcVrB,b5c3493b-99ed-4a25-8de9-7878c8eefbee
YIcxvdo3ivC,e617cd34-2cbc-4774-8b3d-0aace0050f3a
OLz4Lu2G,d7e6e677-17e8-4950-9d1a-6853db6aa379
I4CD60,a480e245-3598-4b46-8087-739415a2e6c8
T9S21M88,77557a8f-e438-44a7-9053-99fb2c9f6cc7
i8K86g4ERX1f,621053b8-cbbc-4702-9f2d-f787dabc1b90
13nBE3TTgsO,1affc3bb-1fdb-4caa-b7a0-f50e1fdb4820
OEKkFOunN,b0fea222-2367-48c6-a187-719184ba9d5b
xlf7DpHe,093cbb93-86cd-40da-ae2a-35efde783231
A1VKdpCx,c8c51af8-0b8a-41a9-b95f-1c5890f05fd4
JvvMqTeuKpLX,a13a4ae7-6c52-4186-a7dc-9a540b0ddc6a
mm3BEXM,6e081a8e-324f-4cf2-9c92-4b94b0df1722
YEsDtJt,6f572df5-1651-4ff2-af26-adcf2c1d5ccf
o5X9dBh,305512ba-13e2-4b12-bdf0-76518f8889de
p1GGaovcSBk,e6171d78-5c83-4c68-ad61-9bcc9d6fecc2
kGrMDsqHSa,c0227495-3b31-406f-934a-6d449146666d
VKj19pwNsil,0214d9c5-9b41-4e55-b6d4-7247a66185b9
VKj19pwNsil,212cdfc2-0022-4fe6-b1bf-ec3607e56d00
xFXAxBEjig,87159584-ec28-43fb-ac2b-b74a402238e1
BgOql7GVr5ls,b0f2a515-4005-49c6-a4db-da97fcb20459
T9S21M88,5e77951a-9004-4ee3-bcc1-d43478e986df
oYhpzI9PdMgd,6fb0960f-52eb-439e-a8e2-89725cefc95e
EnoSwX,d1d0e436-ecef-4aff-8198-eb7c80b8ed81
8V8FOG,a44a2b29-56b0-4dd9-a294-e4a599ed9fa0
I4CD60,d8830b03-cacf-44ee-9172-e8e32d0cded7
ph0ubsaQmWu,8753325b-d50a-4e90-91f4-35f50ce685e9
JvvMqTeuKpLX,d7269591-353a-4826-9061-fe3472611538
SMmGdex4Gfn,71f93414-6a4d-48b1-a964-d88db0550904
cpbxhKsyEz6l,b1cf7b93-ec0a-4dd8-95bb-674f6fa361ec
13nBE3TTgsO,8bed4f04-b076-4d86-ba2e-4eda63425f2c
SMmGdex4Gfn,8bed4f04-b076-4d86-ba2e-4eda63425f2c
B81edwBxmCK3,a928ec76-6936-4502-90e0-610cd2088fa8
8fVlwNZLX3,dcd7109d-c5e7-4594-8627-e634204bcf8d
E6rgC58,a5a01f33-3b39-49fd-b705-79992fd8ae05
NJ9dvWMO3thk,a6059470-1e2b-4479-8cc7-6ace788a3e41
qWV86SB,be575a51-f61b-4fa9-bc3f-5ccefb252490
IO7GG0b,3c32ee31-798a-45f2-9927-a16a6f705c4b
mm3BEXM,454f7217-c2c0-4376-a555-8746c05e10b3
B81edwBxmCK3,669f57e0-8dd8-423c-a864-432ad647f6ef
KScWnglqw,556f72ea-4b84-4259-b5ef-3335f5ec1fd8
oYhpzI9PdMgd,637c47d3-e5aa-4725-9d2b-2ecd6ef490dc
PzDgOOPIl,a6849443-da28-4064-b1bf-ca0fbf615971
FsY6oVFd,cd8a9c7e-a9f7-41cf-ba44-3df5684383ad
oYhpzI9PdMgd,73b8a8d2-e709-4513-b506-a5c01ee48f62
4WNFePdGurY,c31da595-50ec-444e-9229-4bd9d882f0de
tDOLxS,2597a44e-1862-47e0-80c0-5dc02d4733ca
mavrPbI241UM,a9d3a58d-4414-4876-b920-1497dcec21d8
mHiDNjFRuzf,03d15b7c-43b0-4f90-ab6e-6bad404311c8
OhGbfDyR5,f08c0c25-8a81-417e-bcd0-1ef303c4ba58
83D9Plj9,7d134d6b-66f9-43a7-aeb8-39c8a430ec77
Kvff6z5,6ae26051-e742-4848-b3ab-c5b43c5617da
mm3BEXM,8ddf8e7b-55ee-4e57-8c0c-b5920c2aa2a4
EtozO7W,389ae06f-73a8-45f3-b58d-1a2a205f585b
OEKkFOunN,7f1258db-98c2-46ec-8a92-693975d394d3
v0PfkMiOYP,18004308-a2f1-449d-a2bb-5e3dd3843f8c
Kvff6z5,545e07ee-fa78-4b1e-a3b5-00c1c4a266e0
VKj19pwNsil,7f5d85bc-c316-4696-b6da-624966477c6a
o5X9dBh,38c5c5f9-7373-4715-b107-73e2e0a2f88a
piKQu5c3,4b07a6f7-1668-4d8a-ab32-317bd78b58fc
T9S21M88,71f93414-6a4d-48b1-a964-d88db0550904
PzDgOOPIl,6144c06a-c7e8-424f-ad69-c8c9e37309cf
83D9Plj9,4f397c62-02c7-4ea4-94ef-bc15bc4021cd
tDOLxS,1cc1f351-8042-4d47-9708-ec13114e068b
o5X9dBh,0214d9c5-9b41-4e55-b6d4-7247a66185b9
xAfOLe,e2de87f7-3179-4462-a791-d895db15f23a
EtozO7W,fc4c1f7f-b131-4ad2-8b7d-40896f09eb0e
T9S21M88,788fdf43-cd7f-4fe5-ad5e-90ae95f2ab24
WXy4uS6HEH79,1c50d5fb-26e8-44ee-aa48-932a3926b3dd
qntYpImzXjH7,d6038a43-1dde-4655-b03d-755d6af0f40b
Zw5afJbggFb,4f9b1b6d-e825-4dc9-9376-cfcd317ce6d7
o5X9dBh,4b76c4b7-9c6f-4155-a20a-5c2e42d4a3e9
Dm8eeSVt,0f8432e4-01c3-4670-a708-1a5baac23e00
Tpd8Ozt8Zlh,1655f3a6-346c-4ece-9f36-75ba66666628
asglOCUwWe,a327f5bb-abb0-4473-b39c-43bd55f348c4
p1GGaovcSBk,9f9355ae-1434-4e89-977c-f6f96fd70c34
E6rgC58,bb130d44-e96c-47b9-bb4f-dfc593274af4
KScWnglqw,92143171-a74b-4272-bb61-a49f40c35139
WywYChVH,6f0cad32-998e-48bc-9b44-ea37ca0d50e9
xlf7DpHe,9f80f825-f68f-4679-be21-df2c7a391bce
p1MyoAKeaP,75a82c44-11a2-471f-9834-5170c97a4bff
BpIGDaLJ,f74f7237-3a23-4b5d-a1ae-17a33a580c4a
BpIGDaLJ,f08c0c25-8a81-417e-bcd0-1ef303c4ba58
fMSGCixMgG,e721881b-b89e-49f8-a81a-0ef3c21eb919
qeQQohm1,4be8ccb2-432b-47c4-b1d5-f8ca468363fc
B81edwBxmCK3,f4dd8a37-6435-4cfa-85f1-dbe22998738c
oYhpzI9PdMgd,b3f599a4-7514-49be-9956-d03363df053f
13nBE3TTgsO,18db5b43-8432-45f2-bedb-663d6c336484
xpIn1A,9507696f-1767-4e25-91e5-28cef8bbe317
K0rwhDK,2f8e0fca-8d79-4ba8-9f38-1020da8fe244
xugpFY,d6c7b337-0936-41ae-82ee-bb9b98e3bc84
WywYChVH,aac19fa2-3722-4242-a466-4dbd32c02419
SMmGdex4Gfn,32b25148-5b58-4297-bd66-b9d8e007b356
qeQQohm1,fd901a5d-53a5-4551-90de-caa8f6130918
B81edwBxmCK3,beff560b-928c-4af9-a2e0-eaa4de4bd2a6
oZpIww42cjej,1af5295a-f77d-49ea-9db0-73468f781ea3
zk5uydTKHe,c8bfafb2-5b9c-4017-b20d-0f4a83a700c3
xlf7DpHe,22d77bdf-d671-4e64-b395-3c1e4663d57e
p1MyoAKeaP,e1d17d49-7caf-4933-b0fa-af82d22b477b
T9S21M88,e6da1fed-7914-4c2f-954c-a88073f1d0f0
Dm8eeSVt,d9b5cdf7-c767-473d-95bb-65682e971292
ZlsIRsiT,c6810190-680f-44eb-9392-e06d51b265b8
NJ9dvWMO3thk,9082c15c-6beb-4d7a-9fbb-f7ae77c75a7f
K0rwhDK,7c665c56-ac1f-438e-b538-6f5fc7410f29
Kvff6z5,63a5e534-1239-4808-9d14-6f881746b47b
z9T976T,3a6cd374-a808-466a-b41a-42aa93904e29
BxdKPse,7d058395-190d-4ff6-a484-4098c512e0e8
FsY6oVFd,efd843bc-c72c-4974-a86a-85450c46160e
BpIGDaLJ,ecbfe298-8f55-4969-83ba-d946ac01b798
IO7GG0b,35fb20b4-75b3-43af-985b-ed31fd607b3a
K0rwhDK,7d058395-190d-4ff6-a484-4098c512e0e8
BpIGDaLJ,fe302e0e-c141-4f7a-97c6-c932fd231f7c
44Kh9WX,ec567775-2ca6-423d-a048-e4493a74fc2f
3cPGOzDW,b83593e3-1cd7-40b6-bd23-e2b50f26fc94
piKQu5c3,a327f5bb-abb0-4473-b39c-43bd55f348c4
i8K86g4ERX1f,87159584-ec28-43fb-ac2b-b74a402238e1
1e43IoHSQ,0926a669-36ae-4b80-851a-2ad939e4273a
qeQQohm1,c4ec93bc-8694-4cec-b2cc-d6579c32ee90
xlf7DpHe,94e3e9b4-1526-4aef-af4b-8ca4b7625617
8fVlwNZLX3,4150c944-44be-48c9-a5c6-500399ae84f6
13nBE3TTgsO,81ccca38-02b5-4d37-a9f1-706badcc16df
oYhpzI9PdMgd,a7713db4-62bd-4cd3-a15f-45c975b5c9f4
G3DoyrEk,ae398c8a-614a-46ae-b781-1b825bcf599d
BgaqDz4W,f725163d-f2dc-46ea-a8fd-eeaacad77cde
cpbxhKsyEz6l,109dcc8d-0e05-489d-8a56-9368b0d7cc21
kLOmENbbCC,941d0020-3501-42ce-b439-e4a886bda6f0
DU87iBv,748f8914-3bac-4039-ae6e-997ce7e6cbf9
oYhpzI9PdMgd,a8410f19-ba91-423c-b6de-277e967681b5
SMmGdex4Gfn,6050b58b-aec5-4113-b716-f13827ae4daf
T9S21M88,95528926-7526-4f90-8c31-ac184d463d3c
EnoSwX,eb72a6ff-6a12-41ec-a7ee-d9a977075773
SEHN2CG,e53ccd20-535d-47a0-b8cf-ef08e248ff7c
44Kh9WX,28cb6d59-a0fe-4427-9e09-87ced72c1ebf
OhGbfDyR5,0fdf4a69-1c16-47c6-9689-1429ee2c8a7e
OBMUrD,a928ec76-6936-4502-90e0-610cd2088fa8
SEHN2CG,dabceffc-d97d-48ae-9583-91968c9008d2
v0PfkMiOYP,b0fea222-2367-48c6-a187-719184ba9d5b
KScWnglqw,637c47d3-e5aa-4725-9d2b-2ecd6ef490dc
xlf7DpHe,58268c11-714f-4816-8cca-8313616a6f23
ph0ubsaQmWu,db16b0d4-8e1b-43df-a9b9-a65b605a0035
K0rwhDK,75ab87a2-2d3b-4dfb-ad1d-da1f76905010
8fVlwNZLX3,8eb88a86-66ec-49ce-a9ce-d889ea1d61fa
3HPOX2,beff560b-928c-4af9-a2e0-eaa4de4bd2a6
BgaqDz4W,8ec285b8-b3db-4a1f-ada7-104738081edf
cpbxhKsyEz6l,462a874f-9120-46d4-b3f6-8c787b49eb80
p2Go2OOqrMx,2b560900-43a6-4a3f-a2c8-5f595b636571
NJ9dvWMO3thk,0a52403a-e8a2-4602-9ae2-77549c8531cc
BgOql7GVr5ls,454bf410-381e-498f-8dba-c95fcdaff2c3
oZpIww42cjej,eead120b-29a1-4011-bc81-3cd4f8139cd4
z9T976T,ea7c432b-ae55-4c23-8a7f-2856630ac59a
B81edwBxmCK3,5f7f2865-0b24-4d42-8293-a6fe1d104149
p2Go2OOqrMx,e1aa8263-bd3c-4f9a-b01a-00b94ad6eacb
BgaqDz4W,c15c089d-551d-4523-b065-49a1363b22c4
JvvMqTeuKpLX,a59ea6c0-f8de-4e15-b5f5-49f6b38af591
T9S21M88,d3bf1b05-302f-49d9-90c9-f2054be1e18f
ZlsIRsiT,607fba13-83a1-4867-b09a-386ac9de7621
NJ9dvWMO3thk,595ffe50-87fc-42f2-884c-85239d55f8e2
kLOmENbbCC,2570190e-7137-416e-bd6e-d1fb7919a93e
3qfJEe,a512b0f3-1641-4978-aff6-3afd868ea17e
A1VKdpCx,2b5e9fbd-418a-4c04-b83f-d58683d994af
8fVlwNZLX3,f9bde63d-1ef3-4da4-92af-1a6c1b63d7ce
FzUN5uVOYg,5ffe247a-30df-4dde-8405-775fbd4cb483
B81edwBxmCK3,db00ba27-5a70-4986-a76c-a0fb2656d47a
EnoSwX,94a7867d-70c2-4d30-b1f2-e740538c4c39
PzDgOOPIl,5373380a-7b80-4856-88dd-b2731d814fae
Zw5afJbggFb,0f419a20-383d-4048-93c1-a9cb7f0a82c0
K0rwhDK,94e3e9b4-1526-4aef-af4b-8ca4b7625617
BxdKPse,577131d6-595c-47bd-be63-1f3b3d80af24
wDPqm6,038a4788-f98d-4b0a-9c81-6ac5cb017f47
IO7GG0b,e85e4f24-8b7d-4685-94c5-e022b607831c
v0PfkMiOYP,bf321e49-0947-47c0-9031-1c18364a82c5
WXy4uS6HEH79,520190a0-32dc-409e-a01f-aeacdc1bb85f
DU87iBv,61c32604-41c8-46ba-beab-336f562b0aab
IO7GG0b,71f93414-6a4d-48b1-a964-d88db0550904
hO7IppdoY,1d782210-5cd8-4ef8-8241-18a4f191f1ed
YEsDtJt,19cbc467-ca5c-40a7-8381-ca26c01f89e3
Kvff6z5,7c665c56-ac1f-438e-b538-6f5fc7410f29
I4CD60,9c34d5e2-1584-45fb-a651-fad843ec2ca0
I4CD60,75fffc83-e028-4b23-afe9-ef1218fbd9a6
DU87iBv,86082845-80a1-4035-9b94-8ac490998f7d
kLOmENbbCC,fdf0e496-01e0-49f0-9544-02453804a9a7
lw6TYwc1gh,ee5e4282-c1bd-4b24-bba8-0436614accfd
8fVlwNZLX3,bf0c2ce9-42e1-40d7-9120-ef06b226eb79
MmGI6VghuM,797d177b-1d72-4d33-b750-33244b4e2e15
OLz4Lu2G,16bb3863-d68b-4cfb-b788-abcfec13df81
qeQQohm1,791b09de-b5e7-4a86-87e5-224ccf0cfd0c
zk5uydTKHe,57a9c85c-86c7-42aa-9ee9-e9c57074c9b5
1FNLsiRPzKU,2f1c4b9d-62a6-40ac-b691-60f712a3a43a
3HPOX2,a928ec76-6936-4502-90e0-610cd2088fa8
8V8FOG,1f29cf53-c08f-41d9-a6c0-264c7cd7421f
PzDgOOPIl,44c87c50-82ea-4016-838e-ed0584b781b8
sPrpTqa,bd7e33e8-d79a-4fb6-a3ce-d2101df2d6fe
Ky0BmQg,905ca464-26f3-478b-9d7a-113dfdb200dd
44Kh9WX,bed0711b-532e-41d2-a975-92a7dc1a1f8c
3cPGOzDW,aff19cd4-2f1b-4393-aa10-2b6318105c9d
I4CD60,5460f25b-c5b5-480b-96dd-a60e5a3a92be
CA91phKJ,d8b52a78-ccc5-4ec2-b5bb-dfb7fcf5c076
Zklqy3dWu,fde58833-798d-4d66-98e9-2ca93872d04e
sDmwHP2DjILX,260c9cf2-8052-4529-9ba6-d4fc08f56ad2
cpbxhKsyEz6l,a44c905b-0017-4e18-943c-29500eb019c0
BpIGDaLJ,a3a1390d-2845-4255-aaa9-c14cbabbf83b
tDOLxS,1c8ca2b2-1f0a-4813-99a2-7d871a645b3e
xlf7DpHe,595ffe50-87fc-42f2-884c-85239d55f8e2
T9S21M88,018094e1-6749-451e-9fe6-66ab300ea3e1
oQ0Cxs3DSN3N,6c35ca27-2c58-4ead-be91-62f143bcad71
Zklqy3dWu,b83593e3-1cd7-40b6-bd23-e2b50f26fc94
tgr3f1hlH,bed0711b-532e-41d2-a975-92a7dc1a1f8c
3HPOX2,4b3eba7e-a1b4-4004-b08a-7640da595796
tDOLxS,ab120c27-f3a5-44f8-afa7-a40995a93d71
BgaqDz4W,41e7b531-a8e8-4acc-905c-d7024ef383ef
kGrMDsqHSa,f63d1a0c-6aca-411c-8b12-114d2535f1a7
3cPGOzDW,0c3907c6-8f8b-4ecf-8e3d-2d0c0f91c271
OLz4Lu2G,4f13ffaf-d06d-4cd8-87ee-5eea49e88128
YEsDtJt,b0f2a515-4005-49c6-a4db-da97fcb20459
hO7IppdoY,61c32604-41c8-46ba-beab-336f562b0aab
Pc9xFd,08d0ed97-2908-4f17-989f-36c8192b02b7
T9S21M88,2597a44e-1862-47e0-80c0-5dc02d4733ca
G3DoyrEk,0c2f9eca-b5c2-4fe0-b8e5-6dcad7cf46d3
xAfOLe,bb508da6-60e3-440c-8bef-a3acf651b059
EtozO7W,eb13c012-bfad-4aba-ab1a-ade6f83cee11
sPrpTqa,271de9f2-242a-403c-9a37-a4afff867d7a
G3DoyrEk,456354dc-bfee-48eb-8ba3-0f7a36136f52
i8K86g4ERX1f,1c50d5fb-26e8-44ee-aa48-932a3926b3dd
AllvtBbEf,16bc2663-f478-4a0a-9ecb-45df9992239d
JvvMqTeuKpLX,696e37ca-4d4c-4982-9688-1b2b2b9a3113
Kvff6z5,f0737678-566d-4895-a6e1-dd7e9b30b4e6
SMmGdex4Gfn,ed163c82-3388-4495-b1fa-29cd43ab9c69
gMjAbBQaBQnC,76ded56f-2995-4a70-ba2e-64b2863b2155
MmGI6VghuM,c581cec7-2b26-4161-b59f-28591bb20e2b
v0PfkMiOYP,cea24547-fe53-41b3-a4a3-55e6b7b8347c
3qfJEe,7920bbe1-2ce5-400a-9b70-2f753e8387d4
3cPGOzDW,b048d8bb-05d4-4f0e-991e-9496040ccfb9
E6rgC58,cf69d93e-4547-4962-9052-2539edd6e7f0
BxdKPse,2839125d-13cf-4059-aef6-ae5c62b0776c
lw6TYwc1gh,fea741c5-9c23-4218-a905-931ba03fce9c
WywYChVH,0bc61b29-51bd-46ce-ab40-40b88fafe0df
mHiDNjFRuzf,e3a1d6ff-3109-469e-b850-de1d4b83653e
Zw5afJbggFb,ea7c432b-ae55-4c23-8a7f-2856630ac59a
DU87iBv,748f8914-3bac-4039-ae6e-997ce7e6cbf9
13nBE3TTgsO,e5a44abc-8d02-4b7b-a047-1b8a767b49a9
8fVlwNZLX3,260c9cf2-8052-4529-9ba6-d4fc08f56ad2
ZlsIRsiT,80242531-9696-4ce5-93d6-e6d22a8acc13
xugpFY,22d77bdf-d671-4e64-b395-3c1e4663d57e
WXy4uS6HEH79,3ec4489b-b55d-4566-9e28-c96388018702
3qfJEe,ee4c8a50-9c8e-4df9-aa47-2b2834a41c10
WXy4uS6HEH79,3e0078f8-9944-4026-b571-a86083cf2b9d
qntYpImzXjH7,a928ec76-6936-4502-90e0-610cd2088fa8
SMmGdex4Gfn,89d6caca-c5d7-4bab-b68c-9858055ab1f7
OLz4Lu2G,724eb37e-1d15-4096-90e9-93155d7b1a26
Tpd8Ozt8Zlh,93e75f3c-9e3c-4156-a28c-7c90d63cdf56
B81edwBxmCK3,db16b0d4-8e1b-43df-a9b9-a65b605a0035
xAfOLe,e7fc2cc3-4e2b-46bd-a0cc-17c374090883
AllvtBbEf,621053b8-cbbc-4702-9f2d-f787dabc1b90
BgaqDz4W,0c9d32db-4656-4308-b612-319ab0fc417e
3cPGOzDW,ed163c82-3388-4495-b1fa-29cd43ab9c69
v0PfkMiOYP,1f786150-2935-4be4-b1c8-9930c7ee52a3
PzDgOOPIl,eb36e5d7-0055-4909-849d-0bdd3286add4
OEKkFOunN,fa11206d-54a3-44c6-9390-b22b88cec4cd
kLOmENbbCC,8ddf8e7b-55ee-4e57-8c0c-b5920c2aa2a4
kLOmENbbCC,4e2c2387-5e44-4ed9-99a1-77a52a96c630
Tpd8Ozt8Zlh,d038ef93-b643-4003-b32b-35c4bce95964
Zw5afJbggFb,109dcc8d-0e05-489d-8a56-9368b0d7cc21
cpbxhKsyEz6l,62b9412d-26a5-4d66-9443-23fef20dc9fd
tDOLxS,08187c8e-46ad-40c3-a50e-05927bf1542d
T9S21M88,c4b5edb7-61b6-40fe-846f-1388b7519849
WywYChVH,41e7b531-a8e8-4acc-905c-d7024ef383ef
CA91phKJ,03696c9e-132c-4ed5-9401-fe2b1094dc60
G3DoyrEk,c6eb7411-70df-4c2f-8d8b-fb0e59ddecfa
oYhpzI9PdMgd,ed163c82-3388-4495-b1fa-29cd43ab9c69
6w8y9W,29c4c972-087b-43d6-8fca-1e8ba4c05d03
YEsDtJt,da73d1ad-658a-47ce-9489-625d4fb8c233
zk5uydTKHe,297ba708-2757-43ee-8d06-2e031622189e
hO7IppdoY,f66af613-9f4f-46d3-b836-e18118dd7643
oYhpzI9PdMgd,fd901a5d-53a5-4551-90de-caa8f6130918
jrf0Ir8LCD4W,9a1782fa-b507-4a2f-ae5d-8ef1d8e58807
H7WBiYpj,ee106749-8b53-445e-8bc9-1babc72372ff
fMSGCixMgG,d2e6face-2ce6-416e-a273-e750ffc8c865
n0KnQoDL1tU,595ffe50-87fc-42f2-884c-85239d55f8e2
PzDgOOPIl,a588f0e0-8328-4108-9241-b59474a0c8f9
tgr3f1hlH,e5a71372-5ad3-43a9-89b7-6751062dde05
OLz4Lu2G,08530107-76c1-4099-9641-fb6e474542a6
xFXAxBEjig,66397c0f-41b8-48dc-becf-c8733aaa952a
fMSGCixMgG,f3581ea9-9319-4088-9341-9914d2dd4ed7
zkOXwTi,ecbfe298-8f55-4969-83ba-d946ac01b798
n0KnQoDL1tU,eac03ff2-a6c7-4f89-a42e-8f6833fc33e3
z9T976T,5486c1fa-0360-4ab2-956b-a185d81c3259
TDyoKKpJWtGx,e454f88e-dbd5-4236-8af2-d358044fdaed
z9T976T,920b65f0-5c45-42ac-9dce-7502e4553565
PzDgOOPIl,cadf7c02-0995-470a-af2d-973c49db80a1
3qfJEe,4f397c62-02c7-4ea4-94ef-bc15bc4021cd
xugpFY,e9de6622-58da-45b9-a345-c7cf905d7a6a
CA91phKJ,53f567f3-6919-4b02-9805-5fdddac7a766
zk5uydTKHe,b73d53ff-0baf-4871-9b44-1c7fe38204c0
OBMUrD,9c43070f-ea11-4821-b5bf-6ed416fd3321
8V8FOG,acfe9237-47cc-49c5-a74f-ea50bd1cdcf0
zk5uydTKHe,71f93414-6a4d-48b1-a964-d88db0550904
A1VKdpCx,6e1952d4-5e18-49e5-830c-65bfc459c332
I4CD60,c8c51af8-0b8a-41a9-b95f-1c5890f05fd4
asglOCUwWe,b048d8bb-05d4-4f0e-991e-9496040ccfb9
p2Go2OOqrMx,50895360-049d-4bcd-b455-4a8925ab8908
Zklqy3dWu,89d6caca-c5d7-4bab-b68c-9858055ab1f7
qeQQohm1,108227c4-0d21-4076-91d1-3149212ce3a8
oYhpzI9PdMgd,e3b75fe5-19f6-49c3-b0b1-4ee631ca9d1f
xAfOLe,980a3021-cb9b-499d-a804-d4bbaef9c472
v0PfkMiOYP,55e33da2-83a3-4167-a251-be6236efb42d
JvvMqTeuKpLX,4f9b1b6d-e825-4dc9-9376-cfcd317ce6d7
EnoSwX,8eb88a86-66ec-49ce-a9ce-d889ea1d61fa
Pc9xFd,307590f0-23d8-4a3e-b9b4-a8b8b948c5ff
IO7GG0b,5d1df2af-8fc0-49e0-b830-267580856257
8fVlwNZLX3,307590f0-23d8-4a3e-b9b4-a8b8b948c5ff
H7WBiYpj,35921bc0-65a6-4b8a-a37c-262b4fb57279
hO7IppdoY,a327f5bb-abb0-4473-b39c-43bd55f348c4
qntYpImzXjH7,85e17df4-1ca1-46fa-983e-f0312fbebc33
13nBE3TTgsO,8205ccc5-91cc-4721-a95f-db1cd79a1990
Kvff6z5,89aea1b9-b77a-44a6-9e7c-90f790996f33
asglOCUwWe,f226b784-bfc2-4f42-a1a4-6183590b19a8
asglOCUwWe,4e2c2387-5e44-4ed9-99a1-77a52a96c630
Zklqy3dWu,cdb14ae9-a496-4599-a0b9-821dfe72a696
NJ9dvWMO3thk,600ec267-fe96-4595-b939-d78b68f033db
H7WBiYpj,f8e8ea5d-c5ef-480a-8cdd-ca2709de0cb1
jrf0Ir8LCD4W,0bb1c60c-1ee1-4a0a-88f6-b265f02bbf64
n0KnQoDL1tU,0097e8d5-84ed-43e0-a28d-78a1a20ae7c8
tDOLxS,11b0250b-0596-4930-9651-c89e063e338c
8fVlwNZLX3,e10830b5-c5a8-4034-b661-218e947a758b
sPrpTqa,8937c560-c487-4390-80fe-256b5b844827
OBMUrD,08503525-4716-4fa2-aa4c-66cb6adac40c
xAfOLe,c976c1a0-d181-4d72-acb0-e119ba802482
Tpd8Ozt8Zlh,c6d218a0-f3e6-45d8-b1b3-ecc0c5980ca9
qWV86SB,91e51bbc-2352-44fd-ba27-cbc423edd7ac
lw6TYwc1gh,aac19fa2-3722-4242-a466-4dbd32c02419
CA91phKJ,d9b5cdf7-c767-473d-95bb-65682e971292
OhGbfDyR5,c1d286d2-62ca-42b8-9f7f-8ed73f36ad5a
1e43IoHSQ,a1e85ecd-b265-453d-b88a-f62544c7aa52
KScWnglqw,966a3f89-55b5-4a89-ae32-fa2099c88982
lw6TYwc1gh,7d6a1701-be0b-4220-8f67-d16322c6b042
BpIGDaLJ,89e832e2-a58e-4c6c-90c7-5fff5463fe91
6w8y9W,c4400f96-371a-40aa-a1c2-5bf010db7d6c
sPrpTqa,c97483dc-dd49-44da-9a81-19cdbe63e2f8
kLOmENbbCC,4208d79d-4903-4cb3-a1b2-0d74da069fa2
83D9Plj9,556f72ea-4b84-4259-b5ef-3335f5ec1fd8
EnoSwX,b848d48e-7185-4869-8e71-ef12dc1972d3
BgaqDz4W,0dc38006-7450-41db-8473-9908de70d6bc
B81edwBxmCK3,1d841ca0-cccc-45be-86d3-d80041295aa6
Ky0BmQg,02bd09d6-cd79-41b9-945d-a8851424f10e
lw6TYwc1gh,161b54da-21a2-4bc0-87ab-ef425147d5b1
OLz4Lu2G,ba1d570b-dbd2-448f-bb81-31e54e45064b
oYhpzI9PdMgd,038a4788-f98d-4b0a-9c81-6ac5cb017f47
zkOXwTi,601bb762-19bf-4fcb-a11d-87ceb17c1e21
WXy4uS6HEH79,577131d6-595c-47bd-be63-1f3b3d80af24
44Kh9WX,fdce4668-1c42-45df-9819-e506c9e3c179
wDPqm6,462a874f-9120-46d4-b3f6-8c787b49eb80
B81edwBxmCK3,b3f599a4-7514-49be-9956-d03363df053f
qeQQohm1,11dbf9c9-44a8-4859-ba00-1563c8ab8b01
Tpd8Ozt8Zlh,344da5a3-a69b-4535-8514-4a8dbff776b1
qeQQohm1,e10830b5-c5a8-4034-b661-218e947a758b
o5X9dBh,8ec285b8-b3db-4a1f-ada7-104738081edf
kLOmENbbCC,2597a44e-1862-47e0-80c0-5dc02d4733ca
FzUN5uVOYg,5aa10f39-0d1f-4d1f-a3f7-d4c66cb07bdb
K0rwhDK,46b53f06-da11-461b-a876-f308a8e51046
TDyoKKpJWtGx,920b65f0-5c45-42ac-9dce-7502e4553565
wDPqm6,978fcee7-6db8-4f02-9fff-47c3682580b6
xAfOLe,eead120b-29a1-4011-bc81-3cd4f8139cd4
oZpIww42cjej,44a7aa70-13eb-44b4-b23b-520641bc4eeb
SMmGdex4Gfn,48c82c7c-4b3d-429c-9d43-56b982f3e49b
xpIn1A,f9acdd8d-a847-48d8-b423-fa35255a24b9
p2Go2OOqrMx,272d7f67-0cc0-4ad3-a697-3930937f7151
BgOql7GVr5ls,83bd9784-e586-402e-b807-390755d1ac18
VKj19pwNsil,ec567775-2ca6-423d-a048-e4493a74fc2f
hO7IppdoY,89d6caca-c5d7-4bab-b68c-9858055ab1f7
JvvMqTeuKpLX,2950083d-17da-42b2-b6a3-44fc8e269ce2
fMSGCixMgG,fdce4668-1c42-45df-9819-e506c9e3c179
83D9Plj9,55bf6ddc-4ecb-44d6-b6d0-ecbd8cf814bd
zk5uydTKHe,a928ec76-6936-4502-90e0-610cd2088fa8
Zklqy3dWu,c976c1a0-d181-4d72-acb0-e119ba802482
i8K86g4ERX1f,ee5e4282-c1bd-4b24-bba8-0436614accfd
H7WBiYpj,696e37ca-4d4c-4982-9688-1b2b2b9a3113
kLOmENbbCC,0dc38006-7450-41db-8473-9908de70d6bc
kLOmENbbCC,9c43070f-ea11-4821-b5bf-6ed416fd3321
xugpFY,c95ded6f-1255-4d9d-a15e-2a0101c86ff5
sPrpTqa,82fbd0c9-a1b0-46cb-aae5-4bc1a0163487
cpbxhKsyEz6l,fbafbc59-a658-4190-9a1e-481b96ba145f
8fVlwNZLX3,bbb50790-9ce0-4b75-9d6e-39f72fa5c7be
lw6TYwc1gh,954d38e6-ea96-4374-ad07-09d235a17020
3cPGOzDW,4b76c4b7-9c6f-4155-a20a-5c2e42d4a3e9
xugpFY,c22e607b-0042-4522-ad7a-eccb8af8a557
ZlsIRsiT,dd3189e8-0787-4c74-9644-97a15c2c93e2
FsY6oVFd,9f09ff48-e34f-4d0a-b85f-c8937e3791dc
BgaqDz4W,a3472600-aa1d-49fb-aad1-d23668327e2e
qeQQohm1,61d557fe-dd7a-4a88-b46f-b1c90df4366b
zkOXwTi,b5c3493b-99ed-4a25-8de9-7878c8eefbee
13nBE3TTgsO,16a7d796-86d0-4495-a9d9-9b65fbf92c67
z9T976T,5beac242-dbc2-419c-a13b-6c8e984743c1
sDmwHP2DjILX,4344fce1-f1f3-444c-845e-713fa889a2a8
wDPqm6,f226b784-bfc2-4f42-a1a4-6183590b19a8
v0PfkMiOYP,5e77951a-9004-4ee3-bcc1-d43478e986df
xugpFY,5071438c-8b2c-4f52-9905-d1f5f2e65537
Dm8eeSVt,344c5831-913d-4601-873e-462e9458335f
13nBE3TTgsO,df122a7f-9559-4472-8df1-e0cb58ccfcfd
B81edwBxmCK3,b1cf7b93-ec0a-4dd8-95bb-674f6fa361ec
z9T976T,00f73a33-69a3-4da2-b24d-dbc938c1c923
lw6TYwc1gh,e08523c4-9440-418b-888a-bd094785ce1f
p1MyoAKeaP,285a80b2-e66a-46a4-b065-c7c4f7087bac
1rMOWKWcVrB,4e2c2387-5e44-4ed9-99a1-77a52a96c630
jrf0Ir8LCD4W,c4400f96-371a-40aa-a1c2-5bf010db7d6c
gMjAbBQaBQnC,03d15b7c-43b0-4f90-ab6e-6bad404311c8
Zklqy3dWu,0f8b4a9c-52bd-4ee6-a975-aee1ee75d5b0
WXy4uS6HEH79,531ce0cc-6798-4070-96f9-a57eb8111fb5
ph0ubsaQmWu,f28f513b-a556-437b-995c-49daa60d347b
kLOmENbbCC,7c23a74f-0275-4190-a484-034d43fa3aa0
FsY6oVFd,e8f01ff5-281e-4ca0-8bef-f66d8ad82ed6
gMjAbBQaBQnC,5d1df2af-8fc0-49e0-b830-267580856257
3cPGOzDW,bdcaa284-f9b4-4376-8f9c-5eb8f9a66a85
zkOXwTi,73b8a8d2-e709-4513-b506-a5c01ee48f62
YIcxvdo3ivC,e095339c-15ac-45a9-be6b-f62dce173237
mHiDNjFRuzf,daa37ffd-251e-44d1-a551-2780329d80f3
Ky0BmQg,699edb0e-a591-458c-9077-a0a172beb18f
mm3BEXM,c4cf8343-742b-4437-bf12-043e6fed8f69
Tpd8Ozt8Zlh,e1aa8263-bd3c-4f9a-b01a-00b94ad6eacb
o5X9dBh,20fae26f-9130-4ef5-9b27-ca48298f3254
gMjAbBQaBQnC,14743a45-11fb-4c1f-adf4-854b5456614a
EtozO7W,018094e1-6749-451e-9fe6-66ab300ea3e1
Pc9xFd,ee4a0a60-ed92-426f-a0be-074d0ca1b400
cpbxhKsyEz6l,11a58ba5-1ff1-49a0-82f4-70c45a2631ac
3cPGOzDW,da022cba-19f5-4181-803a-b3338c837bbb
3qfJEe,6d4e47a0-3bb5-43af-9f47-eec540675b7a
tgr3f1hlH,5e77951a-9004-4ee3-bcc1-d43478e986df
p1MyoAKeaP,53f567f3-6919-4b02-9805-5fdddac7a766
YEsDtJt,b5925ada-4f78-4374-ad72-9f7c6e19c4d6
FzUN5uVOYg,d9b5cdf7-c767-473d-95bb-65682e971292
Zklqy3dWu,ea62ff93-45af-4e9c-b6d1-e7445c68a40d
Zklqy3dWu,6b4e9c95-15d6-4c68-8be6-e1862242e2d3
v0PfkMiOYP,d2b7eaad-13ec-4633-8861-01ef40c83b94
BgOql7GVr5ls,5d1df2af-8fc0-49e0-b830-267580856257
YIcxvdo3ivC,f8b857ea-2127-4630-91b8-c47e3d70dd3c
fMSGCixMgG,010f88a4-5472-4fb6-8b14-eccfb121e5f4
44Kh9WX,53f567f3-6919-4b02-9805-5fdddac7a766
I4CD60,19317942-a26f-433c-8ec5-443f6b28caf8
IO7GG0b,b0fea222-2367-48c6-a187-719184ba9d5b
BpIGDaLJ,167acf90-0cf0-473c-af56-a6bc88bbf306
mavrPbI241UM,84abd74f-19c0-4a94-9b46-6df076e0c45a
mm3BEXM,0b2b898d-0704-4390-b303-925f05bec9e9
Tpd8Ozt8Zlh,dbe7837a-e76c-40f0-af5c-0b3ab1d3075a
oZpIww42cjej,ca5fab7a-b202-42a5-aafc-7a7baae3149b
E6rgC58,8c6ced7c-0235-43c0-9808-b7cc657eccd7
v0PfkMiOYP,84005524-fca0-4803-973b-744ac9ca45c3
OhGbfDyR5,163eeb7b-64d3-4947-9777-7ff5e431cf9f
OEKkFOunN,9c34d5e2-1584-45fb-a651-fad843ec2ca0
EnoSwX,61d1295b-0c55-4b26-97b1-12b129c20075
p1GGaovcSBk,0d2fe9ea-32ae-47ad-b945-e1539bba25b8
83D9Plj9,4f9b1b6d-e825-4dc9-9376-cfcd317ce6d7
tgr3f1hlH,c15c089d-551d-4523-b065-49a1363b22c4
qntYpImzXjH7,35cbb57d-6859-437b-af9d-d185e2a5ceb9
tDOLxS,f9e7f511-de78-4fd8-80b4-aa86eeed1fc6
OBMUrD,0268d9d2-c520-4a94-a94d-b935acfb13f1
gMjAbBQaBQnC,90469a6c-1711-47b0-ae0d-4165e896a94b
wDPqm6,6b48a85b-f8c7-4088-925f-d7760091f1bb
xlf7DpHe,38c5c5f9-7373-4715-b107-73e2e0a2f88a
jrf0Ir8LCD4W,075274d4-11d0-4dd1-a39a-1dfb555f6748
3qfJEe,29c4c972-087b-43d6-8fca-1e8ba4c05d03
B81edwBxmCK3,2df56ee9-a1a2-4e23-be4c-18e374ed0c53
sPrpTqa,66b3347c-f209-4706-8697-277f47d3236e
o5X9dBh,c95ded6f-1255-4d9d-a15e-2a0101c86ff5
z9T976T,35c8626e-6946-4f0d-8122-9838c890e8ca
sDmwHP2DjILX,486cb730-8764-44ad-8e20-6b69ea34b037
piKQu5c3,7e176ddd-7c06-4ff3-938b-4cae780d68cb
OhGbfDyR5,e9de6622-58da-45b9-a345-c7cf905d7a6a
3qfJEe,c6810190-680f-44eb-9392-e06d51b265b8
3qfJEe,942aa65b-ddfc-41f8-aa92-f5c87b9ece2e
SMmGdex4Gfn,4f397c62-02c7-4ea4-94ef-bc15bc4021cd
asglOCUwWe,0f8432e4-01c3-4670-a708-1a5baac23e00
K0rwhDK,2f1c4b9d-62a6-40ac-b691-60f712a3a43a
G3DoyrEk,48c0e2f9-512e-4765-b88b-c96816097c40
fMSGCixMgG,7add9d52-395b-4aac-97fc-535fc1faf9f9
3cPGOzDW,79212893-ddf0-487f-9242-298dedd7018a
tgr3f1hlH,f6cac703-e243-4930-84e6-3a28b0d29402
lw6TYwc1gh,5dde7595-4e8a-4d7f-9be7-00247f1f3d69
1FNLsiRPzKU,d0c3ae1a-0b24-48b9-94b7-2d50138c5d82
Zw5afJbggFb,4f13ffaf-d06d-4cd8-87ee-5eea49e88128
Kvff6z5,28cb6d59-a0fe-4427-9e09-87ced72c1ebf
NJ9dvWMO3thk,462a874f-9120-46d4-b3f6-8c787b49eb80
Dm8eeSVt,f63d1a0c-6aca-411c-8b12-114d2535f1a7
BxdKPse,555dbfcb-acf5-42ac-a9d0-a812bb702686
z9T976T,2c534156-43fd-44b3-8916-d4a23bae9815
BpIGDaLJ,08530107-76c1-4099-9641-fb6e474542a6
p2Go2OOqrMx,a3ec5901-c806-4e3c-b258-b9564c84a8bf
ph0ubsaQmWu,637c47d3-e5aa-4725-9d2b-2ecd6ef490dc
SEHN2CG,016390b6-2cbc-4e2b-b445-b5a8d619ffac
BxdKPse,2198faf1-24ee-461f-af90-d27dd04934bd
3qfJEe,ab44c266-3df0-47bf-845f-02b6ae99d76a
WXy4uS6HEH79,d3bf1b05-302f-49d9-90c9-f2054be1e18f
xpIn1A,e454f88e-dbd5-4236-8af2-d358044fdaed
oZpIww42cjej,65cc0978-9f12-471d-9aa5-528ee05c3523
AllvtBbEf,41c0b548-b166-43f9-b503-09ad5d016019
1FNLsiRPzKU,357026cc-5577-404a-a12b-81f24b7f49e3
WywYChVH,520190a0-32dc-409e-a01f-aeacdc1bb85f
asglOCUwWe,fd244c13-4bda-45ef-907c-00b37b8252de
Zw5afJbggFb,da487d99-fd48-4b12-bc96-6afcc9562061
DU87iBv,84abd74f-19c0-4a94-9b46-6df076e0c45a
kGrMDsqHSa,85e17df4-1ca1-46fa-983e-f0312fbebc33
ZlsIRsiT,6a37327c-6b10-4aac-b3c2-42bf55864abd
Dm8eeSVt,9f9355ae-1434-4e89-977c-f6f96fd70c34
1e43IoHSQ,ed18d6b9-a5ff-4e4d-84cc-dd80fa734cba
mavrPbI241UM,9971f0a8-7288-49d9-9ee4-df1aa72f12f2
piKQu5c3,978fcee7-6db8-4f02-9fff-47c3682580b6
mavrPbI241UM,ee4a0a60-ed92-426f-a0be-074d0ca1b400
8fVlwNZLX3,bed3a2b8-d38b-4c86-8fd9-3e4dbc0d11ef
1rMOWKWcVrB,900748e6-14b7-4646-a43f-5c98c940e81f
hO7IppdoY,75ab87a2-2d3b-4dfb-ad1d-da1f76905010
FzUN5uVOYg,0cd213f6-d7dd-47b6-9c12-6f0f7ad12a06
qWV86SB,0d2e6ac8-68ca-4ed7-b43f-65b56722dfa5
o5X9dBh,a16ad2f5-af99-48f5-a984-07c8b2164029
44Kh9WX,941d0020-3501-42ce-b439-e4a886bda6f0
tgr3f1hlH,a1e85ecd-b265-453d-b88a-f62544c7aa52
z9T976T,20443b0b-7a36-421f-a9d3-75440d6c6c9a
I4CD60,b8105892-da13-4b91-ad0b-d1a35448037c
IO7GG0b,6fb0960f-52eb-439e-a8e2-89725cefc95e
i8K86g4ERX1f,e08523c4-9440-418b-888a-bd094785ce1f
xugpFY,8b5e68cf-70bd-4f8a-8a30-2762ae92d4c1
8V8FOG,72af6e5b-e044-49bb-bf09-012dfa5406ff
Ky0BmQg,935ad276-aaf0-490a-a82f-9178b088c7fb
EnoSwX,aff19cd4-2f1b-4393-aa10-2b6318105c9d
qWV86SB,66b3347c-f209-4706-8697-277f47d3236e
1FNLsiRPzKU,2918f9ae-31a8-4fd2-b837-e83710422ed7
mm3BEXM,e08523c4-9440-418b-888a-bd094785ce1f
Pc9xFd,0d2e6ac8-68ca-4ed7-b43f-65b56722dfa5
kLOmENbbCC,b7c88472-b4d0-4138-9c46-130430bd5578
Zw5afJbggFb,a6059470-1e2b-4479-8cc7-6ace788a3e41
mavrPbI241UM,06e988b4-096d-4fd3-88dd-33ff2d74ebd8
oYhpzI9PdMgd,43ae86f5-9d50-4c2c-90d8-009c3125d1af
zkOXwTi,95528926-7526-4f90-8c31-ac184d463d3c
NJ9dvWMO3thk,601bb762-19bf-4fcb-a11d-87ceb17c1e21
DU87iBv,d51ff0d7-8d51-4dea-be66-0a691245076c
xFXAxBEjig,016390b6-2cbc-4e2b-b445-b5a8d619ffac
ph0ubsaQmWu,b9cacded-66c3-48d7-bcef-e7526dbc20dc
kLOmENbbCC,ccc5122e-31a0-404a-a642-4374102ba252
BpIGDaLJ,daa37ffd-251e-44d1-a551-2780329d80f3
tgr3f1hlH,87f53400-b1ad-4174-afdd-3783ce195c54
qntYpImzXjH7,1129d7c1-a6ec-49ea-be61-5d2f24080293
BgOql7GVr5ls,09a5e885-fc0a-42d9-b46a-bbc8bfd1d52d
mm3BEXM,8c6ced7c-0235-43c0-9808-b7cc657eccd7
I4CD60,699edb0e-a591-458c-9077-a0a172beb18f
Tpd8Ozt8Zlh,42d5e529-26db-45bb-a639-d5e506dd7cb5
zkOXwTi,c72119ee-fbe4-4540-bb4e-705c1165ad0d
IO7GG0b,e5adad20-1b0a-42ac-828d-7ca98e9f7949
zk5uydTKHe,941d0020-3501-42ce-b439-e4a886bda6f0
SMmGdex4Gfn,8467e238-287a-42f8-9052-dcd0be473ba8
i8K86g4ERX1f,20042da6-6e44-464d-9495-0921e2c81c60
G3DoyrEk,44576d19-d30d-45ef-9e53-30d09435f3b2
3qfJEe,3a6cd374-a808-466a-b41a-42aa93904e29
oQ0Cxs3DSN3N,4c53ffe4-aa5f-45d0-9d87-4518a07855f4
WywYChVH,104be538-f403-402c-a063-5422daa8b770
G3DoyrEk,8b5e68cf-70bd-4f8a-8a30-2762ae92d4c1
zk5uydTKHe,cd775c72-dc6b-4c37-8cd8-5e014b5f82f9
AllvtBbEf,bfb97d86-cd3e-44d2-bce0-25301e8f60b6
mHiDNjFRuzf,23e748c0-9bc6-496c-aea1-8f20170971fd
cpbxhKsyEz6l,00f73a33-69a3-4da2-b24d-dbc938c1c923
PzDgOOPIl,1129d7c1-a6ec-49ea-be61-5d2f24080293
v0PfkMiOYP,0a872c85-5801-4f37-b70e-68f9144568d9
IO7GG0b,844217f4-e9c1-4735-9347-71c7ca39720e
kGrMDsqHSa,163b5701-4096-4c72-9ab1-10ac8b294266
Dm8eeSVt,bcba0848-8689-40dc-8bc8-9c235e83621d
8fVlwNZLX3,2b560900-43a6-4a3f-a2c8-5f595b636571
1rMOWKWcVrB,fde58833-798d-4d66-98e9-2ca93872d04e
ZlsIRsiT,20fae26f-9130-4ef5-9b27-ca48298f3254
FzUN5uVOYg,c8a9e584-dc4b-4518-8940-fecf431590b8
o5X9dBh,13c22e3f-7e51-468a-9696-20296ee86abb
FsY6oVFd,18db5b43-8432-45f2-bedb-663d6c336484
cpbxhKsyEz6l,2bb711b5-9b31-415e-baf2-88ee69dd72bc
sDmwHP2DjILX,ffa3e6c5-b3f7-44ae-9183-b9232a79771c
sPrpTqa,4b76c4b7-9c6f-4155-a20a-5c2e42d4a3e9
6w8y9W,5e77951a-9004-4ee3-bcc1-d43478e986df
xAfOLe,9214cc5d-5ffe-47fd-8722-acdcc3370be2
zkOXwTi,87f53400-b1ad-4174-afdd-3783ce195c54
DU87iBv,ec567775-2ca6-423d-a048-e4493a74fc2f
piKQu5c3,81ccca38-02b5-4d37-a9f1-706badcc16df
gMjAbBQaBQnC,0fdf4a69-1c16-47c6-9689-1429ee2c8a7e
AllvtBbEf,7ca6d214-5d5a-4f8c-8bbb-6b5ebf56db2d
mm3BEXM,ff3515f1-7a38-4001-bb2b-0980f08ea6ba
zk5uydTKHe,089b5cad-af4d-49a6-b1a8-d5a7d4dccd37
T9S21M88,19317942-a26f-433c-8ec5-443f6b28caf8
NJ9dvWMO3thk,404aa53d-6e7d-4147-b1fd-085c7da74c03
i8K86g4ERX1f,6e0bbb87-3c51-4fea-8cb4-1ff9cde435a1
PzDgOOPIl,c8c51af8-0b8a-41a9-b95f-1c5890f05fd4
CA91phKJ,bb508da6-60e3-440c-8bef-a3acf651b059
Zklqy3dWu,b0fea222-2367-48c6-a187-719184ba9d5b
gMjAbBQaBQnC,89eec470-8618-4b38-a63a-bbb42c9b3505
jrf0Ir8LCD4W,09257c2e-0ed0-4dd6-b727-694746aa2527
BgOql7GVr5ls,8937c560-c487-4390-80fe-256b5b844827
SEHN2CG,3de5a9a8-9668-4865-8c76-4b9c43d58e11
WywYChVH,8467e238-287a-42f8-9052-dcd0be473ba8
Pc9xFd,60e49d31-c4d4-4652-acac-de20898f5d92
OLz4Lu2G,cba3eb59-e09b-4e13-ba1a-7188ca87855b
EtozO7W,9c2812dc-8b93-44cb-8c34-fba3dc45ae7c
kGrMDsqHSa,ab420229-41a1-4eb8-9efd-8d58a7d7d5f5
13nBE3TTgsO,1d101a3e-ac04-49cd-8435-4f4f04e7f0ca
1rMOWKWcVrB,7412366b-fcf3-4fb7-9792-1a9a89f7fe1e
sPrpTqa,486cb730-8764-44ad-8e20-6b69ea34b037
8V8FOG,6d54b7bb-bbd4-48a8-a4f3-91131d7bb616
Kvff6z5,ab44c266-3df0-47bf-845f-02b6ae99d76a
BgOql7GVr5ls,d3bf1b05-302f-49d9-90c9-f2054be1e18f
6w8y9W,75a82c44-11a2-471f-9834-5170c97a4bff
1e43IoHSQ,bf0c2ce9-42e1-40d7-9120-ef06b226eb79
Tpd8Ozt8Zlh,ba1d570b-dbd2-448f-bb81-31e54e45064b
gMjAbBQaBQnC,d61fc78f-be19-4b33-b2c8-1efdc72ae093
zkOXwTi,748f8914-3bac-4039-ae6e-997ce7e6cbf9
ZlsIRsiT,a3a1390d-2845-4255-aaa9-c14cbabbf83b
i8K86g4ERX1f,7d134d6b-66f9-43a7-aeb8-39c8a430ec77
z9T976T,941d0020-3501-42ce-b439-e4a886bda6f0
E6rgC58,12167632-6f1b-4065-9d3b-a0731c00d004
cpbxhKsyEz6l,14743a45-11fb-4c1f-adf4-854b5456614a
Zw5afJbggFb,0f419a20-383d-4048-93c1-a9cb7f0a82c0
wDPqm6,4f9b1b6d-e825-4dc9-9376-cfcd317ce6d7
xlf7DpHe,77557a8f-e438-44a7-9053-99fb2c9f6cc7
SoNuXj,aff19cd4-2f1b-4393-aa10-2b6318105c9d
T9S21M88,494ec3c9-683e-4f0c-8463-cd9f27abf8ae
BxdKPse,71f93414-6a4d-48b1-a964-d88db0550904
SoNuXj,ca6c031e-0b7e-4859-a68f-5cc728e82172
8fVlwNZLX3,cd07e76b-dfdb-49ee-8653-0b83135b361d
1e43IoHSQ,ba02f3b5-5988-4989-924f-29e444ea80ae
p2Go2OOqrMx,13c22e3f-7e51-468a-9696-20296ee86abb
SoNuXj,7a5fa2aa-691b-48e6-9743-0fe02153bbe9
FzUN5uVOYg,3aff438e-30a9-40f8-843f-e63610348e76
OLz4Lu2G,27df1a75-afac-44ee-8682-d9fd67413d5e
wDPqm6,a3a1390d-2845-4255-aaa9-c14cbabbf83b
SMmGdex4Gfn,9a90a689-a126-468c-a9d1-ae33722ef66e
fMSGCixMgG,a34dbc22-f00c-41b4-b619-d450d771b292
p1MyoAKeaP,980a3021-cb9b-499d-a804-d4bbaef9c472
4WNFePdGurY,e62caee3-24fe-4a0e-ae21-2df02ec34520
p1MyoAKeaP,a3ec5901-c806-4e3c-b258-b9564c84a8bf
xAfOLe,0d2e6ac8-68ca-4ed7-b43f-65b56722dfa5
KScWnglqw,8eb88a86-66ec-49ce-a9ce-d889ea1d61fa
DU87iBv,a59ea6c0-f8de-4e15-b5f5-49f6b38af591
Kvff6z5,e8f01ff5-281e-4ca0-8bef-f66d8ad82ed6
1rMOWKWcVrB,163b5701-4096-4c72-9ab1-10ac8b294266
Dm8eeSVt,ec567775-2ca6-423d-a048-e4493a74fc2f
I4CD60,9b212c03-9759-4210-ac5e-1724aa34d64a
DU87iBv,414477f4-5d13-4d6e-9ba4-908d13a4b9d2
xugpFY,ea62ff93-45af-4e9c-b6d1-e7445c68a40d
BxdKPse,e3fc16e4-107d-43d3-b32d-a57bfb919125
dnmz4Li,7d6a1701-be0b-4220-8f67-d16322c6b042
tDOLxS,e7530d57-6e40-4dbf-8d16-5b579831d714
mavrPbI241UM,f74f7237-3a23-4b5d-a1ae-17a33a580c4a
BgaqDz4W,9eae9e77-c7bc-4f19-ad5a-dbe144bbe4a3
DU87iBv,a21b0171-ebda-4aac-82d0-7c7a2740b65e
OhGbfDyR5,56e4912f-b4e7-4cd2-8050-c09acd78c5bf
A1VKdpCx,88673b1b-c739-4dbf-8fe1-16d2975bd851
mm3BEXM,5beac242-dbc2-419c-a13b-6c8e984743c1
ZlsIRsiT,9a62657e-45ad-41a2-9afd-31cbadc93bdf
kLOmENbbCC,bda078d1-2663-4328-a917-7a742339eda4
p2Go2OOqrMx,0ed3dd81-6c86-43ce-8110-7015beae556a
JvvMqTeuKpLX,fde58833-798d-4d66-98e9-2ca93872d04e
I4CD60,b0fea222-2367-48c6-a187-719184ba9d5b
Zw5afJbggFb,50841f09-f818-42af-a347-31a3d92dade6
AllvtBbEf,e3772ee8-925e-4ee8-942d-7ece4bf8f02a
DU87iBv,547f0e6a-4039-46dc-b605-5539ee353e7e
ZlsIRsiT,733987b7-3472-45fb-ab07-0234f45a610a
SEHN2CG,e6171d78-5c83-4c68-ad61-9bcc9d6fecc2
CA91phKJ,149addb4-3bfa-401f-b748-2abc93656147
ZlsIRsiT,c6d218a0-f3e6-45d8-b1b3-ecc0c5980ca9
OEKkFOunN,da487d99-fd48-4b12-bc96-6afcc9562061
WXy4uS6HEH79,ed5abcf0-ef7c-4385-8919-df0851d97883
CA91phKJ,16f515c4-470b-4b6e-8c5f-30778b273a05
TDyoKKpJWtGx,7faed680-f90d-4a7c-a187-211557bd1c0d
cpbxhKsyEz6l,33b1d6cc-8111-4594-b189-55bd8b4f6538
IO7GG0b,b6a94764-5f31-4bad-a79c-22669c38ed5b
CA91phKJ,f9acdd8d-a847-48d8-b423-fa35255a24b9
mHiDNjFRuzf,ec82166a-579e-4f30-9385-6d873b178e35
8V8FOG,600ec267-fe96-4595-b939-d78b68f033db
Kvff6z5,d39c6580-b1d8-496b-8dda-1ff85fb6f202
YEsDtJt,6c35ca27-2c58-4ead-be91-62f143bcad71
Tpd8Ozt8Zlh,90469a6c-1711-47b0-ae0d-4165e896a94b
BxdKPse,17cc0419-6006-4480-8a8d-b0c7ad7ef577
VKj19pwNsil,db17670b-d753-435c-8fbe-d68cf07bf281
ZlsIRsiT,fea4bcd0-9f42-4cf9-b5a8-656a5a508181
n0KnQoDL1tU,a24d7459-c3c3-4787-b6c1-fe806f625361
1e43IoHSQ,788fdf43-cd7f-4fe5-ad5e-90ae95f2ab24
K0rwhDK,fe302e0e-c141-4f7a-97c6-c932fd231f7c
z9T976T,bfff6ffa-8c04-425a-866e-02d639f73fe0
SoNuXj,601bb762-19bf-4fcb-a11d-87ceb17c1e21
K0rwhDK,bcba0848-8689-40dc-8bc8-9c235e83621d
ZlsIRsiT,82725373-3dde-433a-8e6c-9e9d3bc50dbc
4WNFePdGurY,b83593e3-1cd7-40b6-bd23-e2b50f26fc94
asglOCUwWe,6f572df5-1651-4ff2-af26-adcf2c1d5ccf
E6rgC58,c8b4e197-2cd3-4aef-b806-b2a70b0cbc0a
oQ0Cxs3DSN3N,f60c03f8-ea86-471f-83cf-042e054ec1a4
oZpIww42cjej,7add9d52-395b-4aac-97fc-535fc1faf9f9
n0KnQoDL1tU,c6eb7411-70df-4c2f-8d8b-fb0e59ddecfa
qeQQohm1,ebd1f4da-dfeb-4964-9876-0bcad8310622
i8K86g4ERX1f,a42b54dc-b0bb-4d10-bf70-25f564ddaab7
hO7IppdoY,f2cf38a9-6e63-4cfc-bfa8-300a2522508b
OhGbfDyR5,c8bfafb2-5b9c-4017-b20d-0f4a83a700c3
PzDgOOPIl,fd901a5d-53a5-4551-90de-caa8f6130918
wDPqm6,f7dae6ef-1d08-4a37-8948-8e798dca79d2
3qfJEe,174f8670-e1a3-46d4-877a-760e2a1245fe
dnmz4Li,b383c275-7c63-40ff-a061-917853b26f03
kLOmENbbCC,f226b784-bfc2-4f42-a1a4-6183590b19a8
OBMUrD,56eb4334-d170-4ec3-93e0-2685d0ccef9c
qWV86SB,efd843bc-c72c-4974-a86a-85450c46160e
tgr3f1hlH,90469a6c-1711-47b0-ae0d-4165e896a94b
1e43IoHSQ,b7cebe9b-0d93-4aef-9833-c9f300fa9376
kLOmENbbCC,08503525-4716-4fa2-aa4c-66cb6adac40c
WXy4uS6HEH79,e9059ef7-ac4b-4841-a43a-f00d8ff87ac7
tgr3f1hlH,b35bcab5-ac36-42c3-812b-5c1b5fc4ecfa
K0rwhDK,7cf55105-5df1-42ee-8af3-02ca9ee1a0a1
8V8FOG,791b09de-b5e7-4a86-87e5-224ccf0cfd0c
WywYChVH,ffa3e6c5-b3f7-44ae-9183-b9232a79771c
n0KnQoDL1tU,0097e8d5-84ed-43e0-a28d-78a1a20ae7c8
1e43IoHSQ,ec82166a-579e-4f30-9385-6d873b178e35
oZpIww42cjej,df06dfea-ac5f-4491-8892-9dce2d9f5cfb
OhGbfDyR5,fc532a3b-3225-45d0-9414-45f69563f104
Kvff6z5,82fbd0c9-a1b0-46cb-aae5-4bc1a0163487
1rMOWKWcVrB,76ded56f-2995-4a70-ba2e-64b2863b2155
VKj19pwNsil,13c22e3f-7e51-468a-9696-20296ee86abb
3cPGOzDW,7ccb6556-978b-4ac6-8aee-e8ab6fe2ff2e
E6rgC58,601bb762-19bf-4fcb-a11d-87ceb17c1e21
oZpIww42cjej,7da4132b-cd6a-4936-a1ee-950226d5af09
mHiDNjFRuzf,a35f6b79-8c85-48be-84bc-85ec12c34fd7
Tpd8Ozt8Zlh,0a52403a-e8a2-4602-9ae2-77549c8531cc
hO7IppdoY,e85e332d-170b-4c5d-bf4b-80def5079483
YEsDtJt,93e75f3c-9e3c-4156-a28c-7c90d63cdf56
6w8y9W,db17670b-d753-435c-8fbe-d68cf07bf281
3qfJEe,f9191dab-9158-46b2-bd6c-9fc006265014
1rMOWKWcVrB,401d0a74-d575-43a3-9951-e1d5c2384249
VKj19pwNsil,a41bfce0-b163-4f46-ba10-b22a357188be
T9S21M88,c97483dc-dd49-44da-9a81-19cdbe63e2f8
SMmGdex4Gfn,d1cc87ff-0669-45bb-ae42-b488bbcf6c1e
SEHN2CG,1012875c-6c57-493c-86d2-cde752d22d81
zk5uydTKHe,0d4bd53e-84c9-45ac-ada0-fef1009fe606
DU87iBv,e9de6622-58da-45b9-a345-c7cf905d7a6a
oYhpzI9PdMgd,075ae8bc-b9a4-42bb-82da-5989c80d38a0
NJ9dvWMO3thk,c4400f96-371a-40aa-a1c2-5bf010db7d6c
dnmz4Li,7d134d6b-66f9-43a7-aeb8-39c8a430ec77
MmGI6VghuM,cf733350-d28b-4752-9e13-e372e1615ef0
BxdKPse,b091e471-34ce-4c77-81d3-8263c47e83d8
8fVlwNZLX3,7da4132b-cd6a-4936-a1ee-950226d5af09
JvvMqTeuKpLX,e61ce2cb-5c4a-4cfa-8948-27e6ec840852
DU87iBv,9f09ff48-e34f-4d0a-b85f-c8937e3791dc
13nBE3TTgsO,f226b784-bfc2-4f42-a1a4-6183590b19a8
3HPOX2,ee106749-8b53-445e-8bc9-1babc72372ff
OhGbfDyR5,4be8ccb2-432b-47c4-b1d5-f8ca468363fc
xlf7DpHe,d48dc3b2-1e2d-4dc5-9f95-4bd06a00bb4c
ZlsIRsiT,0fd6ec13-6f8b-4764-bda4-dfcbbf430708
3cPGOzDW,23e748c0-9bc6-496c-aea1-8f20170971fd
xugpFY,b5aa6990-0d4b-4507-aea4-d515b9027d75
DU87iBv,3ec4489b-b55d-4566-9e28-c96388018702
mHiDNjFRuzf,08530107-76c1-4099-9641-fb6e474542a6
TDyoKKpJWtGx,cf696b00-9967-4a2d-b8a1-f9eed6ae5d85
o5X9dBh,89eec470-8618-4b38-a63a-bbb42c9b3505
K0rwhDK,cfbf42de-d9b3-4d60-884f-dd757866cd8c
BgOql7GVr5ls,fc6a7fd5-0171-4c09-9772-5c5ebe052491
Zw5afJbggFb,305512ba-13e2-4b12-bdf0-76518f8889de
Kvff6z5,2e42e75c-d8c9-48ee-b550-953d38381c90
